transaction_id,customer_id,account_id,amount,channel,country,fraud_probability,predicted_fraud,risk_level,actual_fraud,fraud_type,prediction_timestamp
TXN-2C0AAE1C620B,CUST-A0971976,ACC-B83B1F4896,2110.19,ATM,US,0.17433,0,LOW,0,NONE,2026-09-28T13:08:24.486278+00:00
TXN-81AF5BAB2D4E,CUST-DB128F93,ACC-27ACA934EC,1676.02,ONLINE,US,0.143532,0,LOW,0,NONE,2026-09-28T13:08:24.514535+00:00
TXN-4EC964A083CD,CUST-2036786F,ACC-94781DD2A2,1538.38,ONLINE,US,0.167398,0,LOW,0,NONE,2026-09-28T13:08:24.539431+00:00
TXN-EE05E68A7916,CUST-F54358B9,ACC-380973E4F5,1235.33,ONLINE,US,0.122442,0,LOW,0,NONE,2026-09-28T13:08:24.565623+00:00
TXN-7A9D61BDB3F8,CUST-EED46B33,ACC-0E7B5145F5,1090.76,CARD,US,0.132168,0,LOW,0,NONE,2026-09-28T13:08:24.589021+00:00
TXN-6607CF8A84E4,CUST-8D1B556F,ACC-6BB6F6B8D8,1747.61,CARD,US,0.114803,0,LOW,0,NONE,2026-09-28T13:08:24.613840+00:00
TXN-8D9A024CD431,CUST-9C9EDA6C,ACC-66CA815A85,2394.87,ONLINE,US,0.1389,0,LOW,0,NONE,2026-09-28T13:08:24.637856+00:00
TXN-6FA98A29A97F,CUST-EC894868,ACC-257E174BED,33.87,ONLINE,US,0.136528,0,LOW,0,NONE,2026-09-28T13:08:24.663410+00:00
TXN-FEB6662959CE,CUST-C512B099,ACC-F2016B62C0,2093.42,CARD,US,0.171857,0,LOW,0,NONE,2026-09-28T13:08:24.687465+00:00
TXN-7FE421D82F2A,CUST-D50EA3DF,ACC-62FC129322,1709.69,MOBILE,US,0.118918,0,LOW,0,NONE,2026-09-28T13:08:24.713801+00:00
TXN-2010FE4C80A6,CUST-7A7C9120,ACC-FBE9096A34,1671.54,CARD,US,0.152053,0,LOW,0,NONE,2026-09-28T13:08:24.737558+00:00
TXN-AE3F6ED03D63,CUST-9CC9ED35,ACC-6B73B4B402,1893.98,CARD,US,0.168392,0,LOW,0,NONE,2026-09-28T13:08:24.763992+00:00
TXN-E8D0BB4B5FB1,CUST-4468CB9A,ACC-E43BA3BB62,1396.42,ONLINE,US,0.123877,0,LOW,0,NONE,2026-09-28T13:08:24.787438+00:00
TXN-E44E749ED810,CUST-E5A753B5,ACC-68DE4FE123,1848.64,ATM,US,0.078454,0,LOW,0,NONE,2026-09-28T13:08:24.813474+00:00
TXN-EA3C97BB5936,CUST-E5DC66DE,ACC-4F8C4D4CBB,183.6,ATM,US,0.117306,0,LOW,0,NONE,2026-09-28T13:08:24.838385+00:00
TXN-05457A22A385,CUST-3DFEF8A8,ACC-FC293CB526,1871.37,MOBILE,US,0.085429,0,LOW,0,NONE,2026-09-28T13:08:24.864353+00:00
TXN-E50E1A71E0F7,CUST-C9C94AF9,ACC-2540C062A2,1774.61,ATM,US,0.096217,0,LOW,0,NONE,2026-09-28T13:08:24.888855+00:00
TXN-D821C6B07CFB,CUST-D8E1C394,ACC-2193007408,500.89,CARD,US,0.100144,0,LOW,0,NONE,2026-09-28T13:08:24.914114+00:00
TXN-4ECED8EB0DFC,CUST-3C516463,ACC-1706E093A1,1797.26,ATM,US,0.130921,0,LOW,0,NONE,2026-09-28T13:08:24.938294+00:00
TXN-6D2820292340,CUST-E30E3C90,ACC-EAE14A9082,2369.59,ATM,US,0.122082,0,LOW,0,NONE,2026-09-28T13:08:24.986382+00:00
TXN-1F226432B75F,CUST-74C677AE,ACC-2CDB149B0B,347.51,ATM,US,0.121558,0,LOW,0,NONE,2026-09-28T13:08:25.013165+00:00
TXN-F20932BAC4AA,CUST-73CD1A35,ACC-DCC4162A81,1951.04,ONLINE,US,0.105494,0,LOW,0,NONE,2026-09-28T13:08:25.054625+00:00
TXN-EAC83D07F2AE,CUST-994A6AD7,ACC-84453B46E3,2035.15,CARD,US,0.143649,0,LOW,0,NONE,2026-09-28T13:08:25.111939+00:00
TXN-3270B2CCD100,CUST-32CCB661,ACC-2535DC0CE0,1412.99,MOBILE,US,0.141818,0,LOW,0,NONE,2026-09-28T13:08:25.177520+00:00
TXN-27104009719C,CUST-2B94D792,ACC-7A64FBCFD0,2490.1,CARD,US,0.138452,0,LOW,0,NONE,2026-09-28T13:08:25.216006+00:00
TXN-306CE1D15CF4,CUST-314A95E6,ACC-162288A69D,1748.59,ONLINE,US,0.080316,0,LOW,0,NONE,2026-09-28T13:08:25.272334+00:00
TXN-DCC431ABBAA7,CUST-4FC986C9,ACC-D3A68275DA,811.66,ONLINE,US,0.151029,0,LOW,0,NONE,2026-09-28T13:08:25.329236+00:00
TXN-C7A7D1368F2E,CUST-80839EB7,ACC-678CAC7B3E,218.75,ATM,US,0.131264,0,LOW,0,NONE,2026-09-28T13:08:25.384017+00:00
TXN-51B61965153D,CUST-07CA1DEF,ACC-33F36B64EE,2301.51,ATM,US,0.460306,0,MEDIUM,1,VELOCITY_FRAUD,2026-09-28T13:08:25.439638+00:00
TXN-F7A77D7DB4EC,CUST-EDE7AA4A,ACC-131E244177,582.88,ONLINE,US,0.203521,0,LOW,0,NONE,2026-09-28T13:08:25.490924+00:00
TXN-938E29C581D6,CUST-74C677AE,ACC-2CDB149B0B,2340.46,ONLINE,US,0.162232,0,LOW,0,NONE,2026-09-28T13:08:25.555661+00:00
TXN-71741DB9D276,CUST-911F4401,ACC-01CFBFD75C,1593.73,MOBILE,US,0.09934,0,LOW,0,NONE,2026-09-28T13:08:25.594953+00:00
TXN-387460D98A87,CUST-C5D51A4F,ACC-AFF7F2FCC5,656.88,CARD,US,0.11586,0,LOW,0,NONE,2026-09-28T13:08:25.648471+00:00
TXN-2B2165625EB6,CUST-9DB58BD9,ACC-A3B66B17AF,307.31,MOBILE,US,0.145312,0,LOW,0,NONE,2026-09-28T13:08:25.701019+00:00
TXN-6E87938097DA,CUST-E3FC58EE,ACC-AD3619475B,276.8,CARD,US,0.122271,0,LOW,0,NONE,2026-09-28T13:08:25.754928+00:00
TXN-C6EC32E31CB2,CUST-5C90698D,ACC-533D845850,1674.49,CARD,US,0.137378,0,LOW,0,NONE,2026-09-28T13:08:25.810207+00:00
TXN-AB32152905A6,CUST-8B1A8BBF,ACC-DC159FF23D,419.33,ONLINE,US,0.137956,0,LOW,0,NONE,2026-09-28T13:08:25.867398+00:00
TXN-DFF0284B6207,CUST-BD676F3F,ACC-4ADC4D9445,116.21,ONLINE,US,0.128268,0,LOW,0,NONE,2026-09-28T13:08:25.922690+00:00
TXN-8528B8DBD53A,CUST-FBCB10F1,ACC-4BDC4FEC1E,57.92,ONLINE,RO,0.99071,1,CRITICAL,1,GEOLOCATION_ANOMALY,2026-09-28T13:08:25.975206+00:00
TXN-F93D443C53DD,CUST-05C134B3,ACC-CDA59FAB94,1825.21,MOBILE,US,0.101535,0,LOW,0,NONE,2026-09-28T13:08:26.031297+00:00
TXN-AD34708D86EE,CUST-F3677C35,ACC-5EFC73DEF8,325.12,CARD,US,0.182311,0,LOW,0,NONE,2026-09-28T13:08:26.085776+00:00
TXN-042BF10D5B0C,CUST-51029931,ACC-FD09618700,2238.94,CARD,US,0.176064,0,LOW,0,NONE,2026-09-28T13:08:26.136911+00:00
TXN-B12BDC612EF0,CUST-4272B7F9,ACC-7D539EAA83,2424.43,MOBILE,US,0.228697,0,LOW,0,NONE,2026-09-28T13:08:26.190110+00:00
TXN-8CA0D0718A82,CUST-835C2A19,ACC-B3012BD0B8,1359.45,MOBILE,US,0.117978,0,LOW,0,NONE,2026-09-28T13:08:26.246634+00:00
TXN-A039B16F6D94,CUST-E6AED8E7,ACC-22F41D7DFC,179.55,ATM,US,0.119204,0,LOW,0,NONE,2026-09-28T13:08:26.314033+00:00
TXN-65C13501215E,CUST-1082BEBE,ACC-1DB4C3D4EE,2266.87,ATM,US,0.162099,0,LOW,0,NONE,2026-09-28T13:08:26.356357+00:00
TXN-4FE138E4D8DB,CUST-18DED113,ACC-41A2B724E3,2066.72,ONLINE,US,0.08925,0,LOW,0,NONE,2026-09-28T13:08:26.408259+00:00
TXN-D1700D8D506D,CUST-F4BEC821,ACC-9615055F38,393.58,ONLINE,US,0.13911,0,LOW,0,NONE,2026-09-28T13:08:26.463737+00:00
TXN-641C5B03E5F5,CUST-60F8EB9C,ACC-95CAD37A71,1310.0,ATM,US,0.127324,0,LOW,0,NONE,2026-09-28T13:08:26.519008+00:00
TXN-9764BACFBE6D,CUST-F98A8AD4,ACC-FDCB5683B1,1907.47,ATM,US,0.119618,0,LOW,0,NONE,2026-09-28T13:08:26.570836+00:00
TXN-CBFBE5F5177D,CUST-3179A0E8,ACC-D59D1F1EB8,12095.99,MOBILE,US,1.0,1,CRITICAL,1,HIGH_VALUE_FRAUD,2026-09-28T13:08:26.626017+00:00
TXN-14593EF7BE8A,CUST-F1A2F478,ACC-AC7961A365,185.97,CARD,US,0.120855,0,LOW,0,NONE,2026-09-28T13:08:26.677698+00:00
TXN-8C0AE1157CFC,CUST-FE7CF40C,ACC-FE504EC8D5,1513.79,MOBILE,US,0.12966,0,LOW,0,NONE,2026-09-28T13:08:26.733371+00:00
TXN-6A35B8B25304,CUST-45BB39B7,ACC-A8F8B235B5,693.99,ATM,US,0.114342,0,LOW,0,NONE,2026-09-28T13:08:26.789083+00:00
TXN-1F71C34AC8E7,CUST-C2590469,ACC-1AC56FD1AA,2286.1,CARD,US,0.234995,0,LOW,0,NONE,2026-09-28T13:08:26.839143+00:00
TXN-55E3F40A8269,CUST-1E5AE413,ACC-D5C19F2D5F,2376.38,MOBILE,US,0.171195,0,LOW,0,NONE,2026-09-28T13:08:26.895619+00:00
TXN-2E244C8F476F,CUST-204B30BD,ACC-0011E219C4,2334.2,ATM,US,0.18271,0,LOW,0,NONE,2026-09-28T13:08:26.950482+00:00
TXN-727DC0387403,CUST-23D705E4,ACC-EC5121D788,2099.37,MOBILE,US,0.136715,0,LOW,0,NONE,2026-09-28T13:08:27.006040+00:00
TXN-761721534D71,CUST-32D705D5,ACC-AAB0C76043,1561.22,ONLINE,US,0.120953,0,LOW,0,NONE,2026-09-28T13:08:27.073057+00:00
TXN-E5A19B3E9B41,CUST-E2B57ECD,ACC-565AEEA567,1982.62,MOBILE,US,0.088367,0,LOW,0,NONE,2026-09-28T13:08:27.117897+00:00
TXN-5E9679F4FBF7,CUST-263D656C,ACC-939378DB9E,563.18,CARD,US,0.110234,0,LOW,0,NONE,2026-09-28T13:08:27.164120+00:00
TXN-1DF0F5749D0D,CUST-FCBFC9B4,ACC-FC8B20FDC1,1828.97,MOBILE,US,0.091088,0,LOW,0,NONE,2026-09-28T13:08:27.220879+00:00
TXN-D2302571E442,CUST-E5A753B5,ACC-86E7CE94B0,1220.47,CARD,US,0.092193,0,LOW,0,NONE,2026-09-28T13:08:27.284521+00:00
TXN-4C6A974DC434,CUST-CF4B085B,ACC-1B0E0A3E94,2161.09,CARD,US,0.144033,0,LOW,0,NONE,2026-09-28T13:08:27.341185+00:00
TXN-9DBA05B0FDBC,CUST-516D2DDD,ACC-A90B2547DF,1328.16,MOBILE,US,0.102084,0,LOW,0,NONE,2026-09-28T13:08:27.383790+00:00
TXN-5EC9560E8D1D,CUST-4F3FDB09,ACC-A9ADD56248,186.14,MOBILE,US,0.103167,0,LOW,0,NONE,2026-09-28T13:08:27.443206+00:00
TXN-01D9FA222F9A,CUST-45BD0333,ACC-78DB803FC5,1182.15,MOBILE,US,0.134913,0,LOW,0,NONE,2026-09-28T13:08:27.486143+00:00
TXN-C364AC7CAF34,CUST-A7BBA380,ACC-5FF102FA7F,1579.23,ONLINE,US,0.140695,0,LOW,0,NONE,2026-09-28T13:08:27.542165+00:00
TXN-59E05C275DAA,CUST-6F54AE66,ACC-9E81E14B4C,910.13,CARD,US,0.167953,0,LOW,0,NONE,2026-09-28T13:08:27.596613+00:00
TXN-A8EEC579BEDB,CUST-DBF132C6,ACC-2B0C34272C,1751.97,MOBILE,US,0.100072,0,LOW,0,NONE,2026-09-28T13:08:27.650143+00:00
TXN-B877DA13ECDC,CUST-02BD1971,ACC-E230F2B2D1,993.03,MOBILE,US,0.124117,0,LOW,0,NONE,2026-09-28T13:08:27.708645+00:00
TXN-987E329B35F5,CUST-ECE22CF8,ACC-33C6E98A1E,491.64,ATM,US,0.141848,0,LOW,0,NONE,2026-09-28T13:08:27.757265+00:00
TXN-6DCCDAF459D0,CUST-DB6E8F93,ACC-132F91E549,2205.1,ONLINE,US,0.135462,0,LOW,0,NONE,2026-09-28T13:08:27.811124+00:00
TXN-9096C1B63010,CUST-DCB6C5A4,ACC-DB775910FD,1375.91,ATM,US,0.133773,0,LOW,0,NONE,2026-09-28T13:08:27.865828+00:00
TXN-A76A0A80D26F,CUST-589A2A78,ACC-B3F45D79AD,1805.45,MOBILE,US,0.125377,0,LOW,0,NONE,2026-09-28T13:08:27.922879+00:00
TXN-9FCEEA6385FB,CUST-A2A995FD,ACC-D6E1014370,1311.86,CARD,US,0.125853,0,LOW,0,NONE,2026-09-28T13:08:27.970888+00:00
TXN-A72FF80F31CA,CUST-49D196D6,ACC-56B636CADF,2059.51,ATM,US,0.140464,0,LOW,0,NONE,2026-09-28T13:08:28.030059+00:00
TXN-25BE129492E4,CUST-30ED4DF9,ACC-4F4D43B5C4,726.0,CARD,US,0.123329,0,LOW,0,NONE,2026-09-28T13:08:28.083746+00:00
TXN-E8038BE1CAE5,CUST-23BC0459,ACC-1BDD381D38,2121.75,MOBILE,US,0.154457,0,LOW,0,NONE,2026-09-28T13:08:28.139328+00:00
TXN-EC7AE6CC4C39,CUST-D1CE00B3,ACC-FBC6BE9058,748.75,ONLINE,US,0.181543,0,LOW,0,NONE,2026-09-28T13:08:28.196503+00:00
TXN-BDC7EEB0411E,CUST-8D460C5D,ACC-D711B11B06,1271.89,CARD,US,0.173398,0,LOW,0,NONE,2026-09-28T13:08:28.250990+00:00
TXN-AF9C8188B186,CUST-88410A30,ACC-444A7187FC,395.68,CARD,US,0.11332,0,LOW,0,NONE,2026-09-28T13:08:28.302899+00:00
TXN-F3B04C0D361F,CUST-8CF80A0C,ACC-DB4717F1AF,905.54,ONLINE,US,0.14294,0,LOW,0,NONE,2026-09-28T13:08:28.357016+00:00
TXN-4DDC67BE0861,CUST-F92C4CAA,ACC-FA7CBF3DA3,611.5,ONLINE,US,0.121714,0,LOW,0,NONE,2026-09-28T13:08:28.414041+00:00
TXN-8B80607C329F,CUST-18DED113,ACC-41A2B724E3,2339.77,MOBILE,US,0.184177,0,LOW,0,NONE,2026-09-28T13:08:28.469936+00:00
TXN-30BCB918EF81,CUST-E5DC66DE,ACC-DD94B44145,299.98,ATM,US,0.120343,0,LOW,0,NONE,2026-09-28T13:08:28.523628+00:00
TXN-AAC950CF59C5,CUST-57EE0CB3,ACC-233E8C0E66,2498.89,MOBILE,US,0.193945,0,LOW,0,NONE,2026-09-28T13:08:28.579664+00:00
TXN-189FD6164891,CUST-B098667D,ACC-320130992F,2106.49,ATM,US,0.14343,0,LOW,0,NONE,2026-09-28T13:08:28.633786+00:00
TXN-4161CBDA2B40,CUST-1340B25A,ACC-F0BC04EABE,691.31,CARD,US,0.102392,0,LOW,0,NONE,2026-09-28T13:08:28.689265+00:00
TXN-6DE5D7F8DFD5,CUST-0F2AE798,ACC-E4A0F3DABB,2468.48,CARD,US,0.173517,0,LOW,0,NONE,2026-09-28T13:08:28.741727+00:00
TXN-18490C0B7838,CUST-F4BEC821,ACC-9615055F38,1085.04,ONLINE,US,0.128217,0,LOW,0,NONE,2026-09-28T13:08:28.792908+00:00
TXN-A95EF250B91F,CUST-911F4401,ACC-8DFEE4E4EA,1346.87,ONLINE,US,0.141989,0,LOW,0,NONE,2026-09-28T13:08:28.847654+00:00
TXN-A45059E46B77,CUST-F926DC90,ACC-5ABE96139F,83.16,ONLINE,US,0.147584,0,LOW,0,NONE,2026-09-28T13:08:28.914576+00:00
TXN-652EAADC24FD,CUST-BE3C8681,ACC-C5AEFFC668,1095.27,ONLINE,US,0.153603,0,LOW,0,NONE,2026-09-28T13:08:28.958611+00:00
TXN-30A61AE152E9,CUST-FEE40DDC,ACC-DCF518CCD0,2267.27,CARD,US,0.410617,0,MEDIUM,1,VELOCITY_FRAUD,2026-09-28T13:08:29.013531+00:00
TXN-3F634B0A75DB,CUST-B43F8E46,ACC-6749A89E5F,1788.52,CARD,US,0.087807,0,LOW,0,NONE,2026-09-28T13:08:29.063587+00:00
TXN-33D1A63108E9,CUST-CAC4DDD1,ACC-23F0227521,1684.39,CARD,US,0.105265,0,LOW,0,NONE,2026-09-28T13:08:29.118522+00:00
TXN-CEEC9395E302,CUST-9BB22FC4,ACC-5FF13A806A,2455.76,MOBILE,US,0.192611,0,LOW,0,NONE,2026-09-28T13:08:29.174703+00:00
TXN-93432F39D11F,CUST-DCAE751A,ACC-4BB1AAC7A6,1221.05,CARD,US,0.103418,0,LOW,0,NONE,2026-09-28T13:08:29.226875+00:00
TXN-756CA85D6269,CUST-04F285A0,ACC-1F93093AAD,1291.44,CARD,US,0.116298,0,LOW,0,NONE,2026-09-28T13:08:29.281794+00:00
TXN-2C0AAE1C620B,CUST-A0971976,ACC-B83B1F4896,2110.19,ATM,US,0.17433,0,LOW,0,NONE,2026-09-28T13:22:45.838649+00:00
TXN-7A9D61BDB3F8,CUST-EED46B33,ACC-0E7B5145F5,1090.76,CARD,US,0.132168,0,LOW,0,NONE,2026-09-28T13:22:45.838990+00:00
TXN-81AF5BAB2D4E,CUST-DB128F93,ACC-27ACA934EC,1676.02,ONLINE,US,0.143532,0,LOW,0,NONE,2026-09-28T13:22:45.863668+00:00
TXN-6607CF8A84E4,CUST-8D1B556F,ACC-6BB6F6B8D8,1747.61,CARD,US,0.114803,0,LOW,0,NONE,2026-09-28T13:22:45.876641+00:00
TXN-4EC964A083CD,CUST-2036786F,ACC-94781DD2A2,1538.38,ONLINE,US,0.167398,0,LOW,0,NONE,2026-09-28T13:22:45.886195+00:00
TXN-8D9A024CD431,CUST-9C9EDA6C,ACC-66CA815A85,2394.87,ONLINE,US,0.1389,0,LOW,0,NONE,2026-09-28T13:22:45.900009+00:00
TXN-EE05E68A7916,CUST-F54358B9,ACC-380973E4F5,1235.33,ONLINE,US,0.122442,0,LOW,0,NONE,2026-09-28T13:22:45.908441+00:00
TXN-6FA98A29A97F,CUST-EC894868,ACC-257E174BED,33.87,ONLINE,US,0.136528,0,LOW,0,NONE,2026-09-28T13:22:45.924511+00:00
TXN-FEB6662959CE,CUST-C512B099,ACC-F2016B62C0,2093.42,CARD,US,0.171857,0,LOW,0,NONE,2026-09-28T13:22:45.949157+00:00
TXN-7FE421D82F2A,CUST-D50EA3DF,ACC-62FC129322,1709.69,MOBILE,US,0.118918,0,LOW,0,NONE,2026-09-28T13:22:45.974872+00:00
TXN-2010FE4C80A6,CUST-7A7C9120,ACC-FBE9096A34,1671.54,CARD,US,0.152053,0,LOW,0,NONE,2026-09-28T13:22:45.999029+00:00
TXN-AE3F6ED03D63,CUST-9CC9ED35,ACC-6B73B4B402,1893.98,CARD,US,0.168392,0,LOW,0,NONE,2026-09-28T13:22:46.024534+00:00
TXN-E8D0BB4B5FB1,CUST-4468CB9A,ACC-E43BA3BB62,1396.42,ONLINE,US,0.123877,0,LOW,0,NONE,2026-09-28T13:22:46.049896+00:00
TXN-E44E749ED810,CUST-E5A753B5,ACC-68DE4FE123,1848.64,ATM,US,0.078454,0,LOW,0,NONE,2026-09-28T13:22:46.075929+00:00
TXN-05457A22A385,CUST-3DFEF8A8,ACC-FC293CB526,1871.37,MOBILE,US,0.085429,0,LOW,0,NONE,2026-09-28T13:22:46.079326+00:00
TXN-EA3C97BB5936,CUST-E5DC66DE,ACC-4F8C4D4CBB,183.6,ATM,US,0.117306,0,LOW,0,NONE,2026-09-28T13:22:46.099223+00:00
TXN-E50E1A71E0F7,CUST-C9C94AF9,ACC-2540C062A2,1774.61,ATM,US,0.096217,0,LOW,0,NONE,2026-09-28T13:22:46.136579+00:00
TXN-D821C6B07CFB,CUST-D8E1C394,ACC-2193007408,500.89,CARD,US,0.100144,0,LOW,0,NONE,2026-09-28T13:22:46.187224+00:00
TXN-4ECED8EB0DFC,CUST-3C516463,ACC-1706E093A1,1797.26,ATM,US,0.130921,0,LOW,0,NONE,2026-09-28T13:22:46.237222+00:00
TXN-6D2820292340,CUST-E30E3C90,ACC-EAE14A9082,2369.59,ATM,US,0.122082,0,LOW,0,NONE,2026-09-28T13:22:46.293105+00:00
TXN-1F226432B75F,CUST-74C677AE,ACC-2CDB149B0B,347.51,ATM,US,0.121558,0,LOW,0,NONE,2026-09-28T13:22:46.349043+00:00
TXN-F20932BAC4AA,CUST-73CD1A35,ACC-DCC4162A81,1951.04,ONLINE,US,0.105494,0,LOW,0,NONE,2026-09-28T13:22:46.402362+00:00
TXN-EAC83D07F2AE,CUST-994A6AD7,ACC-84453B46E3,2035.15,CARD,US,0.143649,0,LOW,0,NONE,2026-09-28T13:22:46.456441+00:00
TXN-3270B2CCD100,CUST-32CCB661,ACC-2535DC0CE0,1412.99,MOBILE,US,0.141818,0,LOW,0,NONE,2026-09-28T13:22:46.512391+00:00
TXN-27104009719C,CUST-2B94D792,ACC-7A64FBCFD0,2490.1,CARD,US,0.138452,0,LOW,0,NONE,2026-09-28T13:22:46.578610+00:00
TXN-306CE1D15CF4,CUST-314A95E6,ACC-162288A69D,1748.59,ONLINE,US,0.080316,0,LOW,0,NONE,2026-09-28T13:22:46.618841+00:00
TXN-DCC431ABBAA7,CUST-4FC986C9,ACC-D3A68275DA,811.66,ONLINE,US,0.151029,0,LOW,0,NONE,2026-09-28T13:22:46.676161+00:00
TXN-C7A7D1368F2E,CUST-80839EB7,ACC-678CAC7B3E,218.75,ATM,US,0.131264,0,LOW,0,NONE,2026-09-28T13:22:46.750133+00:00
TXN-51B61965153D,CUST-07CA1DEF,ACC-33F36B64EE,2301.51,ATM,US,0.460306,0,MEDIUM,1,VELOCITY_FRAUD,2026-09-28T13:22:46.784907+00:00
TXN-F7A77D7DB4EC,CUST-EDE7AA4A,ACC-131E244177,582.88,ONLINE,US,0.203521,0,LOW,0,NONE,2026-09-28T13:22:46.840827+00:00
TXN-938E29C581D6,CUST-74C677AE,ACC-2CDB149B0B,2340.46,ONLINE,US,0.162232,0,LOW,0,NONE,2026-09-28T13:22:46.892566+00:00
TXN-71741DB9D276,CUST-911F4401,ACC-01CFBFD75C,1593.73,MOBILE,US,0.09934,0,LOW,0,NONE,2026-09-28T13:22:46.947989+00:00
TXN-387460D98A87,CUST-C5D51A4F,ACC-AFF7F2FCC5,656.88,CARD,US,0.11586,0,LOW,0,NONE,2026-09-28T13:22:47.001896+00:00
TXN-2B2165625EB6,CUST-9DB58BD9,ACC-A3B66B17AF,307.31,MOBILE,US,0.145312,0,LOW,0,NONE,2026-09-28T13:22:47.060276+00:00
TXN-6E87938097DA,CUST-E3FC58EE,ACC-AD3619475B,276.8,CARD,US,0.122271,0,LOW,0,NONE,2026-09-28T13:22:47.115167+00:00
TXN-C6EC32E31CB2,CUST-5C90698D,ACC-533D845850,1674.49,CARD,US,0.137378,0,LOW,0,NONE,2026-09-28T13:22:47.170517+00:00
TXN-AB32152905A6,CUST-8B1A8BBF,ACC-DC159FF23D,419.33,ONLINE,US,0.137956,0,LOW,0,NONE,2026-09-28T13:22:47.225874+00:00
TXN-DFF0284B6207,CUST-BD676F3F,ACC-4ADC4D9445,116.21,ONLINE,US,0.128268,0,LOW,0,NONE,2026-09-28T13:22:47.277789+00:00
TXN-8528B8DBD53A,CUST-FBCB10F1,ACC-4BDC4FEC1E,57.92,ONLINE,RO,0.99071,1,CRITICAL,1,GEOLOCATION_ANOMALY,2026-09-28T13:22:47.333168+00:00
TXN-F93D443C53DD,CUST-05C134B3,ACC-CDA59FAB94,1825.21,MOBILE,US,0.101535,0,LOW,0,NONE,2026-09-28T13:22:47.384336+00:00
TXN-AD34708D86EE,CUST-F3677C35,ACC-5EFC73DEF8,325.12,CARD,US,0.182311,0,LOW,0,NONE,2026-09-28T13:22:47.440589+00:00
TXN-042BF10D5B0C,CUST-51029931,ACC-FD09618700,2238.94,CARD,US,0.176064,0,LOW,0,NONE,2026-09-28T13:22:47.494610+00:00
TXN-B12BDC612EF0,CUST-4272B7F9,ACC-7D539EAA83,2424.43,MOBILE,US,0.228697,0,LOW,0,NONE,2026-09-28T13:22:47.561942+00:00
TXN-8CA0D0718A82,CUST-835C2A19,ACC-B3012BD0B8,1359.45,MOBILE,US,0.117978,0,LOW,0,NONE,2026-09-28T13:22:47.604434+00:00
TXN-A039B16F6D94,CUST-E6AED8E7,ACC-22F41D7DFC,179.55,ATM,US,0.119204,0,LOW,0,NONE,2026-09-28T13:22:47.672106+00:00
TXN-65C13501215E,CUST-1082BEBE,ACC-1DB4C3D4EE,2266.87,ATM,US,0.162099,0,LOW,0,NONE,2026-09-28T13:22:47.726008+00:00
TXN-4FE138E4D8DB,CUST-18DED113,ACC-41A2B724E3,2066.72,ONLINE,US,0.08925,0,LOW,0,NONE,2026-09-28T13:22:47.768987+00:00
TXN-D1700D8D506D,CUST-F4BEC821,ACC-9615055F38,393.58,ONLINE,US,0.13911,0,LOW,0,NONE,2026-09-28T13:22:47.822822+00:00
TXN-641C5B03E5F5,CUST-60F8EB9C,ACC-95CAD37A71,1310.0,ATM,US,0.127324,0,LOW,0,NONE,2026-09-28T13:22:47.879381+00:00
TXN-9764BACFBE6D,CUST-F98A8AD4,ACC-FDCB5683B1,1907.47,ATM,US,0.119618,0,LOW,0,NONE,2026-09-28T13:22:47.934945+00:00
TXN-CBFBE5F5177D,CUST-3179A0E8,ACC-D59D1F1EB8,12095.99,MOBILE,US,1.0,1,CRITICAL,1,HIGH_VALUE_FRAUD,2026-09-28T13:22:47.983936+00:00
TXN-14593EF7BE8A,CUST-F1A2F478,ACC-AC7961A365,185.97,CARD,US,0.120855,0,LOW,0,NONE,2026-09-28T13:22:48.040595+00:00
TXN-8C0AE1157CFC,CUST-FE7CF40C,ACC-FE504EC8D5,1513.79,MOBILE,US,0.12966,0,LOW,0,NONE,2026-09-28T13:22:48.096210+00:00
TXN-6A35B8B25304,CUST-45BB39B7,ACC-A8F8B235B5,693.99,ATM,US,0.114342,0,LOW,0,NONE,2026-09-28T13:22:48.149765+00:00
TXN-1F71C34AC8E7,CUST-C2590469,ACC-1AC56FD1AA,2286.1,CARD,US,0.234995,0,LOW,0,NONE,2026-09-28T13:22:48.206583+00:00
TXN-55E3F40A8269,CUST-1E5AE413,ACC-D5C19F2D5F,2376.38,MOBILE,US,0.171195,0,LOW,0,NONE,2026-09-28T13:22:48.261664+00:00
TXN-2E244C8F476F,CUST-204B30BD,ACC-0011E219C4,2334.2,ATM,US,0.18271,0,LOW,0,NONE,2026-09-28T13:22:48.312750+00:00
TXN-727DC0387403,CUST-23D705E4,ACC-EC5121D788,2099.37,MOBILE,US,0.136715,0,LOW,0,NONE,2026-09-28T13:22:48.375110+00:00
TXN-761721534D71,CUST-32D705D5,ACC-AAB0C76043,1561.22,ONLINE,US,0.120953,0,LOW,0,NONE,2026-09-28T13:22:48.423553+00:00
TXN-E5A19B3E9B41,CUST-E2B57ECD,ACC-565AEEA567,1982.62,MOBILE,US,0.088367,0,LOW,0,NONE,2026-09-28T13:22:48.475992+00:00
TXN-5E9679F4FBF7,CUST-263D656C,ACC-939378DB9E,563.18,CARD,US,0.110234,0,LOW,0,NONE,2026-09-28T13:22:48.531601+00:00
TXN-1DF0F5749D0D,CUST-FCBFC9B4,ACC-FC8B20FDC1,1828.97,MOBILE,US,0.091088,0,LOW,0,NONE,2026-09-28T13:22:48.583418+00:00
TXN-D2302571E442,CUST-E5A753B5,ACC-86E7CE94B0,1220.47,CARD,US,0.092193,0,LOW,0,NONE,2026-09-28T13:22:48.633340+00:00
TXN-4C6A974DC434,CUST-CF4B085B,ACC-1B0E0A3E94,2161.09,CARD,US,0.144033,0,LOW,0,NONE,2026-09-28T13:22:48.690961+00:00
TXN-9DBA05B0FDBC,CUST-516D2DDD,ACC-A90B2547DF,1328.16,MOBILE,US,0.102084,0,LOW,0,NONE,2026-09-28T13:22:48.747795+00:00
TXN-5EC9560E8D1D,CUST-4F3FDB09,ACC-A9ADD56248,186.14,MOBILE,US,0.103167,0,LOW,0,NONE,2026-09-28T13:22:48.800987+00:00
TXN-01D9FA222F9A,CUST-45BD0333,ACC-78DB803FC5,1182.15,MOBILE,US,0.134913,0,LOW,0,NONE,2026-09-28T13:22:48.850621+00:00
TXN-C364AC7CAF34,CUST-A7BBA380,ACC-5FF102FA7F,1579.23,ONLINE,US,0.140695,0,LOW,0,NONE,2026-09-28T13:22:48.904965+00:00
TXN-59E05C275DAA,CUST-6F54AE66,ACC-9E81E14B4C,910.13,CARD,US,0.167953,0,LOW,0,NONE,2026-09-28T13:22:48.959281+00:00
TXN-A8EEC579BEDB,CUST-DBF132C6,ACC-2B0C34272C,1751.97,MOBILE,US,0.100072,0,LOW,0,NONE,2026-09-28T13:22:49.015118+00:00
TXN-B877DA13ECDC,CUST-02BD1971,ACC-E230F2B2D1,993.03,MOBILE,US,0.124117,0,LOW,0,NONE,2026-09-28T13:22:49.066396+00:00
TXN-987E329B35F5,CUST-ECE22CF8,ACC-33C6E98A1E,491.64,ATM,US,0.141848,0,LOW,0,NONE,2026-09-28T13:22:49.123601+00:00
TXN-6DCCDAF459D0,CUST-DB6E8F93,ACC-132F91E549,2205.1,ONLINE,US,0.135462,0,LOW,0,NONE,2026-09-28T13:22:49.184576+00:00
TXN-9096C1B63010,CUST-DCB6C5A4,ACC-DB775910FD,1375.91,ATM,US,0.133773,0,LOW,0,NONE,2026-09-28T13:22:49.227523+00:00
TXN-A76A0A80D26F,CUST-589A2A78,ACC-B3F45D79AD,1805.45,MOBILE,US,0.125377,0,LOW,0,NONE,2026-09-28T13:22:49.286210+00:00
TXN-9FCEEA6385FB,CUST-A2A995FD,ACC-D6E1014370,1311.86,CARD,US,0.125853,0,LOW,0,NONE,2026-09-28T13:22:49.334287+00:00
TXN-A72FF80F31CA,CUST-49D196D6,ACC-56B636CADF,2059.51,ATM,US,0.140464,0,LOW,0,NONE,2026-09-28T13:22:49.390868+00:00
TXN-25BE129492E4,CUST-30ED4DF9,ACC-4F4D43B5C4,726.0,CARD,US,0.123329,0,LOW,0,NONE,2026-09-28T13:22:49.446137+00:00
TXN-E8038BE1CAE5,CUST-23BC0459,ACC-1BDD381D38,2121.75,MOBILE,US,0.154457,0,LOW,0,NONE,2026-09-28T13:22:49.499889+00:00
TXN-EC7AE6CC4C39,CUST-D1CE00B3,ACC-FBC6BE9058,748.75,ONLINE,US,0.181543,0,LOW,0,NONE,2026-09-28T13:22:49.551494+00:00
TXN-BDC7EEB0411E,CUST-8D460C5D,ACC-D711B11B06,1271.89,CARD,US,0.173398,0,LOW,0,NONE,2026-09-28T13:22:49.605336+00:00
TXN-AF9C8188B186,CUST-88410A30,ACC-444A7187FC,395.68,CARD,US,0.11332,0,LOW,0,NONE,2026-09-28T13:22:49.672407+00:00
TXN-F3B04C0D361F,CUST-8CF80A0C,ACC-DB4717F1AF,905.54,ONLINE,US,0.14294,0,LOW,0,NONE,2026-09-28T13:22:49.716404+00:00
TXN-4DDC67BE0861,CUST-F92C4CAA,ACC-FA7CBF3DA3,611.5,ONLINE,US,0.121714,0,LOW,0,NONE,2026-09-28T13:22:49.769269+00:00
TXN-8B80607C329F,CUST-18DED113,ACC-41A2B724E3,2339.77,MOBILE,US,0.184177,0,LOW,0,NONE,2026-09-28T13:22:49.821278+00:00
TXN-30BCB918EF81,CUST-E5DC66DE,ACC-DD94B44145,299.98,ATM,US,0.120343,0,LOW,0,NONE,2026-09-28T13:22:49.875916+00:00
TXN-AAC950CF59C5,CUST-57EE0CB3,ACC-233E8C0E66,2498.89,MOBILE,US,0.193945,0,LOW,0,NONE,2026-09-28T13:22:49.932552+00:00
TXN-189FD6164891,CUST-B098667D,ACC-320130992F,2106.49,ATM,US,0.14343,0,LOW,0,NONE,2026-09-28T13:22:49.996098+00:00
TXN-4161CBDA2B40,CUST-1340B25A,ACC-F0BC04EABE,691.31,CARD,US,0.102392,0,LOW,0,NONE,2026-09-28T13:22:50.039191+00:00
TXN-6DE5D7F8DFD5,CUST-0F2AE798,ACC-E4A0F3DABB,2468.48,CARD,US,0.173517,0,LOW,0,NONE,2026-09-28T13:22:50.093078+00:00
TXN-18490C0B7838,CUST-F4BEC821,ACC-9615055F38,1085.04,ONLINE,US,0.128217,0,LOW,0,NONE,2026-09-28T13:22:50.159591+00:00
TXN-A95EF250B91F,CUST-911F4401,ACC-8DFEE4E4EA,1346.87,ONLINE,US,0.141989,0,LOW,0,NONE,2026-09-28T13:22:50.199787+00:00
TXN-A45059E46B77,CUST-F926DC90,ACC-5ABE96139F,83.16,ONLINE,US,0.147584,0,LOW,0,NONE,2026-09-28T13:22:50.252270+00:00
TXN-652EAADC24FD,CUST-BE3C8681,ACC-C5AEFFC668,1095.27,ONLINE,US,0.153603,0,LOW,0,NONE,2026-09-28T13:22:50.310699+00:00
TXN-30A61AE152E9,CUST-FEE40DDC,ACC-DCF518CCD0,2267.27,CARD,US,0.410617,0,MEDIUM,1,VELOCITY_FRAUD,2026-09-28T13:22:50.362631+00:00
TXN-3F634B0A75DB,CUST-B43F8E46,ACC-6749A89E5F,1788.52,CARD,US,0.087807,0,LOW,0,NONE,2026-09-28T13:22:50.417027+00:00
TXN-33D1A63108E9,CUST-CAC4DDD1,ACC-23F0227521,1684.39,CARD,US,0.105265,0,LOW,0,NONE,2026-09-28T13:22:50.469113+00:00
TXN-CEEC9395E302,CUST-9BB22FC4,ACC-5FF13A806A,2455.76,MOBILE,US,0.192611,0,LOW,0,NONE,2026-09-28T13:22:50.525962+00:00
TXN-93432F39D11F,CUST-DCAE751A,ACC-4BB1AAC7A6,1221.05,CARD,US,0.103418,0,LOW,0,NONE,2026-09-28T13:22:50.575163+00:00
TXN-756CA85D6269,CUST-04F285A0,ACC-1F93093AAD,1291.44,CARD,US,0.116298,0,LOW,0,NONE,2026-09-28T13:22:50.632591+00:00
TXN-2C0AAE1C620B,CUST-A0971976,ACC-B83B1F4896,2110.19,ATM,US,0.17433,0,LOW,0,NONE,2026-09-28T13:37:30.674519+00:00
TXN-81AF5BAB2D4E,CUST-DB128F93,ACC-27ACA934EC,1676.02,ONLINE,US,0.143532,0,LOW,0,NONE,2026-09-28T13:37:30.718476+00:00
TXN-4EC964A083CD,CUST-2036786F,ACC-94781DD2A2,1538.38,ONLINE,US,0.167398,0,LOW,0,NONE,2026-09-28T13:37:30.759490+00:00
TXN-EE05E68A7916,CUST-F54358B9,ACC-380973E4F5,1235.33,ONLINE,US,0.122442,0,LOW,0,NONE,2026-09-28T13:37:30.800175+00:00
TXN-05457A22A385,CUST-3DFEF8A8,ACC-FC293CB526,1871.37,MOBILE,US,0.085429,0,LOW,0,NONE,2026-09-28T13:37:30.837448+00:00
TXN-6D2820292340,CUST-E30E3C90,ACC-EAE14A9082,2369.59,ATM,US,0.122082,0,LOW,0,NONE,2026-09-28T13:37:30.875294+00:00
TXN-F20932BAC4AA,CUST-73CD1A35,ACC-DCC4162A81,1951.04,ONLINE,US,0.105494,0,LOW,0,NONE,2026-09-28T13:37:30.913963+00:00
TXN-F7A77D7DB4EC,CUST-EDE7AA4A,ACC-131E244177,582.88,ONLINE,US,0.203521,0,LOW,0,NONE,2026-09-28T13:37:30.975264+00:00
TXN-71741DB9D276,CUST-911F4401,ACC-01CFBFD75C,1593.73,MOBILE,US,0.09934,0,LOW,0,NONE,2026-09-28T13:37:31.013954+00:00
TXN-387460D98A87,CUST-C5D51A4F,ACC-AFF7F2FCC5,656.88,CARD,US,0.11586,0,LOW,0,NONE,2026-09-28T13:37:31.052567+00:00
TXN-2B2165625EB6,CUST-9DB58BD9,ACC-A3B66B17AF,307.31,MOBILE,US,0.145312,0,LOW,0,NONE,2026-09-28T13:37:31.090920+00:00
TXN-6E87938097DA,CUST-E3FC58EE,ACC-AD3619475B,276.8,CARD,US,0.122271,0,LOW,0,NONE,2026-09-28T13:37:31.128616+00:00
TXN-AB32152905A6,CUST-8B1A8BBF,ACC-DC159FF23D,419.33,ONLINE,US,0.137956,0,LOW,0,NONE,2026-09-28T13:37:31.163990+00:00
TXN-A039B16F6D94,CUST-E6AED8E7,ACC-22F41D7DFC,179.55,ATM,US,0.119204,0,LOW,0,NONE,2026-09-28T13:37:31.203937+00:00
TXN-65C13501215E,CUST-1082BEBE,ACC-1DB4C3D4EE,2266.87,ATM,US,0.162099,0,LOW,0,NONE,2026-09-28T13:37:31.243745+00:00
TXN-D1700D8D506D,CUST-F4BEC821,ACC-9615055F38,393.58,ONLINE,US,0.13911,0,LOW,0,NONE,2026-09-28T13:37:31.281204+00:00
TXN-CBFBE5F5177D,CUST-3179A0E8,ACC-D59D1F1EB8,12095.99,MOBILE,US,1.0,1,CRITICAL,1,HIGH_VALUE_FRAUD,2026-09-28T13:37:31.321050+00:00
TXN-55E3F40A8269,CUST-1E5AE413,ACC-D5C19F2D5F,2376.38,MOBILE,US,0.171195,0,LOW,0,NONE,2026-09-28T13:37:31.361614+00:00
TXN-727DC0387403,CUST-23D705E4,ACC-EC5121D788,2099.37,MOBILE,US,0.136715,0,LOW,0,NONE,2026-09-28T13:37:31.400221+00:00
TXN-761721534D71,CUST-32D705D5,ACC-AAB0C76043,1561.22,ONLINE,US,0.120953,0,LOW,0,NONE,2026-09-28T13:37:31.437892+00:00
TXN-4C6A974DC434,CUST-CF4B085B,ACC-1B0E0A3E94,2161.09,CARD,US,0.144033,0,LOW,0,NONE,2026-09-28T13:37:31.476481+00:00
TXN-C364AC7CAF34,CUST-A7BBA380,ACC-5FF102FA7F,1579.23,ONLINE,US,0.140695,0,LOW,0,NONE,2026-09-28T13:37:31.516494+00:00
TXN-59E05C275DAA,CUST-6F54AE66,ACC-9E81E14B4C,910.13,CARD,US,0.167953,0,LOW,0,NONE,2026-09-28T13:37:31.557312+00:00
TXN-A8EEC579BEDB,CUST-DBF132C6,ACC-2B0C34272C,1751.97,MOBILE,US,0.100072,0,LOW,0,NONE,2026-09-28T13:37:31.599840+00:00
TXN-987E329B35F5,CUST-ECE22CF8,ACC-33C6E98A1E,491.64,ATM,US,0.141848,0,LOW,0,NONE,2026-09-28T13:37:31.640127+00:00
TXN-9096C1B63010,CUST-DCB6C5A4,ACC-DB775910FD,1375.91,ATM,US,0.133773,0,LOW,0,NONE,2026-09-28T13:37:31.678518+00:00
TXN-25BE129492E4,CUST-30ED4DF9,ACC-4F4D43B5C4,726.0,CARD,US,0.123329,0,LOW,0,NONE,2026-09-28T13:37:31.718167+00:00
TXN-AF9C8188B186,CUST-88410A30,ACC-444A7187FC,395.68,CARD,US,0.11332,0,LOW,0,NONE,2026-09-28T13:37:31.759105+00:00
TXN-18490C0B7838,CUST-F4BEC821,ACC-9615055F38,1085.04,ONLINE,US,0.128217,0,LOW,0,NONE,2026-09-28T13:37:31.799905+00:00
TXN-A45059E46B77,CUST-F926DC90,ACC-5ABE96139F,83.16,ONLINE,US,0.147584,0,LOW,0,NONE,2026-09-28T13:37:31.841337+00:00
TXN-30A61AE152E9,CUST-FEE40DDC,ACC-DCF518CCD0,2267.27,CARD,US,0.410617,0,MEDIUM,1,VELOCITY_FRAUD,2026-09-28T13:37:31.873112+00:00
TXN-3F634B0A75DB,CUST-B43F8E46,ACC-6749A89E5F,1788.52,CARD,US,0.087807,0,LOW,0,NONE,2026-09-28T13:37:31.905450+00:00
TXN-2C0AAE1C620B,CUST-A0971976,ACC-B83B1F4896,2110.19,ATM,US,0.17433,0,LOW,0,NONE,2026-09-28T13:37:31.939048+00:00
TXN-81AF5BAB2D4E,CUST-DB128F93,ACC-27ACA934EC,1676.02,ONLINE,US,0.143532,0,LOW,0,NONE,2026-09-28T13:37:31.969655+00:00
TXN-4EC964A083CD,CUST-2036786F,ACC-94781DD2A2,1538.38,ONLINE,US,0.167398,0,LOW,0,NONE,2026-09-28T13:37:32.001011+00:00
TXN-EE05E68A7916,CUST-F54358B9,ACC-380973E4F5,1235.33,ONLINE,US,0.122442,0,LOW,0,NONE,2026-09-28T13:37:32.035797+00:00
TXN-05457A22A385,CUST-3DFEF8A8,ACC-FC293CB526,1871.37,MOBILE,US,0.085429,0,LOW,0,NONE,2026-09-28T13:37:32.069822+00:00
TXN-6D2820292340,CUST-E30E3C90,ACC-EAE14A9082,2369.59,ATM,US,0.122082,0,LOW,0,NONE,2026-09-28T13:37:32.106186+00:00
TXN-F20932BAC4AA,CUST-73CD1A35,ACC-DCC4162A81,1951.04,ONLINE,US,0.105494,0,LOW,0,NONE,2026-09-28T13:37:32.141147+00:00
TXN-F7A77D7DB4EC,CUST-EDE7AA4A,ACC-131E244177,582.88,ONLINE,US,0.203521,0,LOW,0,NONE,2026-09-28T13:37:32.180029+00:00
TXN-71741DB9D276,CUST-911F4401,ACC-01CFBFD75C,1593.73,MOBILE,US,0.09934,0,LOW,0,NONE,2026-09-28T13:37:32.217941+00:00
TXN-387460D98A87,CUST-C5D51A4F,ACC-AFF7F2FCC5,656.88,CARD,US,0.11586,0,LOW,0,NONE,2026-09-28T13:37:32.251917+00:00
TXN-2B2165625EB6,CUST-9DB58BD9,ACC-A3B66B17AF,307.31,MOBILE,US,0.145312,0,LOW,0,NONE,2026-09-28T13:37:32.287938+00:00
TXN-6E87938097DA,CUST-E3FC58EE,ACC-AD3619475B,276.8,CARD,US,0.122271,0,LOW,0,NONE,2026-09-28T13:37:32.323094+00:00
TXN-AB32152905A6,CUST-8B1A8BBF,ACC-DC159FF23D,419.33,ONLINE,US,0.137956,0,LOW,0,NONE,2026-09-28T13:37:32.357205+00:00
TXN-A039B16F6D94,CUST-E6AED8E7,ACC-22F41D7DFC,179.55,ATM,US,0.119204,0,LOW,0,NONE,2026-09-28T13:37:32.390925+00:00
TXN-65C13501215E,CUST-1082BEBE,ACC-1DB4C3D4EE,2266.87,ATM,US,0.162099,0,LOW,0,NONE,2026-09-28T13:37:32.424383+00:00
TXN-D1700D8D506D,CUST-F4BEC821,ACC-9615055F38,393.58,ONLINE,US,0.13911,0,LOW,0,NONE,2026-09-28T13:37:32.458841+00:00
TXN-CBFBE5F5177D,CUST-3179A0E8,ACC-D59D1F1EB8,12095.99,MOBILE,US,1.0,1,CRITICAL,1,HIGH_VALUE_FRAUD,2026-09-28T13:37:32.492829+00:00
TXN-55E3F40A8269,CUST-1E5AE413,ACC-D5C19F2D5F,2376.38,MOBILE,US,0.171195,0,LOW,0,NONE,2026-09-28T13:37:32.528981+00:00
TXN-727DC0387403,CUST-23D705E4,ACC-EC5121D788,2099.37,MOBILE,US,0.136715,0,LOW,0,NONE,2026-09-28T13:37:32.560947+00:00
TXN-761721534D71,CUST-32D705D5,ACC-AAB0C76043,1561.22,ONLINE,US,0.120953,0,LOW,0,NONE,2026-09-28T13:37:32.592652+00:00
TXN-4C6A974DC434,CUST-CF4B085B,ACC-1B0E0A3E94,2161.09,CARD,US,0.144033,0,LOW,0,NONE,2026-09-28T13:37:32.621404+00:00
TXN-C364AC7CAF34,CUST-A7BBA380,ACC-5FF102FA7F,1579.23,ONLINE,US,0.140695,0,LOW,0,NONE,2026-09-28T13:37:32.652560+00:00
TXN-59E05C275DAA,CUST-6F54AE66,ACC-9E81E14B4C,910.13,CARD,US,0.167953,0,LOW,0,NONE,2026-09-28T13:37:32.684555+00:00
TXN-A8EEC579BEDB,CUST-DBF132C6,ACC-2B0C34272C,1751.97,MOBILE,US,0.100072,0,LOW,0,NONE,2026-09-28T13:37:32.716366+00:00
TXN-987E329B35F5,CUST-ECE22CF8,ACC-33C6E98A1E,491.64,ATM,US,0.141848,0,LOW,0,NONE,2026-09-28T13:37:32.747737+00:00
TXN-9096C1B63010,CUST-DCB6C5A4,ACC-DB775910FD,1375.91,ATM,US,0.133773,0,LOW,0,NONE,2026-09-28T13:37:32.782336+00:00
TXN-25BE129492E4,CUST-30ED4DF9,ACC-4F4D43B5C4,726.0,CARD,US,0.123329,0,LOW,0,NONE,2026-09-28T13:37:32.820520+00:00
TXN-AF9C8188B186,CUST-88410A30,ACC-444A7187FC,395.68,CARD,US,0.11332,0,LOW,0,NONE,2026-09-28T13:37:32.857792+00:00
TXN-18490C0B7838,CUST-F4BEC821,ACC-9615055F38,1085.04,ONLINE,US,0.128217,0,LOW,0,NONE,2026-09-28T13:37:32.889524+00:00
TXN-A45059E46B77,CUST-F926DC90,ACC-5ABE96139F,83.16,ONLINE,US,0.147584,0,LOW,0,NONE,2026-09-28T13:37:32.925331+00:00
TXN-30A61AE152E9,CUST-FEE40DDC,ACC-DCF518CCD0,2267.27,CARD,US,0.410617,0,MEDIUM,1,VELOCITY_FRAUD,2026-09-28T13:37:32.960777+00:00
TXN-3F634B0A75DB,CUST-B43F8E46,ACC-6749A89E5F,1788.52,CARD,US,0.087807,0,LOW,0,NONE,2026-09-28T13:37:32.995797+00:00
TXN-2C0AAE1C620B,CUST-A0971976,ACC-B83B1F4896,2110.19,ATM,US,0.17433,0,LOW,0,NONE,2026-09-28T13:37:33.030004+00:00
TXN-81AF5BAB2D4E,CUST-DB128F93,ACC-27ACA934EC,1676.02,ONLINE,US,0.143532,0,LOW,0,NONE,2026-09-28T13:37:33.064921+00:00
TXN-4EC964A083CD,CUST-2036786F,ACC-94781DD2A2,1538.38,ONLINE,US,0.167398,0,LOW,0,NONE,2026-09-28T13:37:33.100587+00:00
TXN-EE05E68A7916,CUST-F54358B9,ACC-380973E4F5,1235.33,ONLINE,US,0.122442,0,LOW,0,NONE,2026-09-28T13:37:33.137331+00:00
TXN-05457A22A385,CUST-3DFEF8A8,ACC-FC293CB526,1871.37,MOBILE,US,0.085429,0,LOW,0,NONE,2026-09-28T13:37:33.171871+00:00
TXN-6D2820292340,CUST-E30E3C90,ACC-EAE14A9082,2369.59,ATM,US,0.122082,0,LOW,0,NONE,2026-09-28T13:37:33.207726+00:00
TXN-F20932BAC4AA,CUST-73CD1A35,ACC-DCC4162A81,1951.04,ONLINE,US,0.105494,0,LOW,0,NONE,2026-09-28T13:37:33.243801+00:00
TXN-F7A77D7DB4EC,CUST-EDE7AA4A,ACC-131E244177,582.88,ONLINE,US,0.203521,0,LOW,0,NONE,2026-09-28T13:37:33.280512+00:00
TXN-71741DB9D276,CUST-911F4401,ACC-01CFBFD75C,1593.73,MOBILE,US,0.09934,0,LOW,0,NONE,2026-09-28T13:37:33.318764+00:00
TXN-387460D98A87,CUST-C5D51A4F,ACC-AFF7F2FCC5,656.88,CARD,US,0.11586,0,LOW,0,NONE,2026-09-28T13:37:33.357188+00:00
TXN-2B2165625EB6,CUST-9DB58BD9,ACC-A3B66B17AF,307.31,MOBILE,US,0.145312,0,LOW,0,NONE,2026-09-28T13:37:33.392029+00:00
TXN-6E87938097DA,CUST-E3FC58EE,ACC-AD3619475B,276.8,CARD,US,0.122271,0,LOW,0,NONE,2026-09-28T13:37:33.427967+00:00
TXN-AB32152905A6,CUST-8B1A8BBF,ACC-DC159FF23D,419.33,ONLINE,US,0.137956,0,LOW,0,NONE,2026-09-28T13:37:33.465111+00:00
TXN-A039B16F6D94,CUST-E6AED8E7,ACC-22F41D7DFC,179.55,ATM,US,0.119204,0,LOW,0,NONE,2026-09-28T13:37:33.503142+00:00
TXN-65C13501215E,CUST-1082BEBE,ACC-1DB4C3D4EE,2266.87,ATM,US,0.162099,0,LOW,0,NONE,2026-09-28T13:37:33.540819+00:00
TXN-D1700D8D506D,CUST-F4BEC821,ACC-9615055F38,393.58,ONLINE,US,0.13911,0,LOW,0,NONE,2026-09-28T13:37:33.577667+00:00
TXN-CBFBE5F5177D,CUST-3179A0E8,ACC-D59D1F1EB8,12095.99,MOBILE,US,1.0,1,CRITICAL,1,HIGH_VALUE_FRAUD,2026-09-28T13:37:33.611935+00:00
TXN-55E3F40A8269,CUST-1E5AE413,ACC-D5C19F2D5F,2376.38,MOBILE,US,0.171195,0,LOW,0,NONE,2026-09-28T13:37:33.647625+00:00
TXN-727DC0387403,CUST-23D705E4,ACC-EC5121D788,2099.37,MOBILE,US,0.136715,0,LOW,0,NONE,2026-09-28T13:37:33.683685+00:00
TXN-761721534D71,CUST-32D705D5,ACC-AAB0C76043,1561.22,ONLINE,US,0.120953,0,LOW,0,NONE,2026-09-28T13:37:33.720020+00:00
TXN-4C6A974DC434,CUST-CF4B085B,ACC-1B0E0A3E94,2161.09,CARD,US,0.144033,0,LOW,0,NONE,2026-09-28T13:37:33.757604+00:00
TXN-C364AC7CAF34,CUST-A7BBA380,ACC-5FF102FA7F,1579.23,ONLINE,US,0.140695,0,LOW,0,NONE,2026-09-28T13:37:33.790910+00:00
TXN-59E05C275DAA,CUST-6F54AE66,ACC-9E81E14B4C,910.13,CARD,US,0.167953,0,LOW,0,NONE,2026-09-28T13:37:33.826444+00:00
TXN-A8EEC579BEDB,CUST-DBF132C6,ACC-2B0C34272C,1751.97,MOBILE,US,0.100072,0,LOW,0,NONE,2026-09-28T13:37:33.863270+00:00
TXN-987E329B35F5,CUST-ECE22CF8,ACC-33C6E98A1E,491.64,ATM,US,0.141848,0,LOW,0,NONE,2026-09-28T13:37:33.894764+00:00
TXN-9096C1B63010,CUST-DCB6C5A4,ACC-DB775910FD,1375.91,ATM,US,0.133773,0,LOW,0,NONE,2026-09-28T13:37:33.925548+00:00
TXN-25BE129492E4,CUST-30ED4DF9,ACC-4F4D43B5C4,726.0,CARD,US,0.123329,0,LOW,0,NONE,2026-09-28T13:37:33.957561+00:00
TXN-AF9C8188B186,CUST-88410A30,ACC-444A7187FC,395.68,CARD,US,0.11332,0,LOW,0,NONE,2026-09-28T13:37:33.994457+00:00
TXN-18490C0B7838,CUST-F4BEC821,ACC-9615055F38,1085.04,ONLINE,US,0.128217,0,LOW,0,NONE,2026-09-28T13:37:34.027948+00:00
TXN-A45059E46B77,CUST-F926DC90,ACC-5ABE96139F,83.16,ONLINE,US,0.147584,0,LOW,0,NONE,2026-09-28T13:37:34.062993+00:00
TXN-30A61AE152E9,CUST-FEE40DDC,ACC-DCF518CCD0,2267.27,CARD,US,0.410617,0,MEDIUM,1,VELOCITY_FRAUD,2026-09-28T13:37:34.097688+00:00
TXN-3F634B0A75DB,CUST-B43F8E46,ACC-6749A89E5F,1788.52,CARD,US,0.087807,0,LOW,0,NONE,2026-09-28T13:37:34.133077+00:00
TXN-8D9A024CD431,CUST-9C9EDA6C,ACC-66CA815A85,2394.87,ONLINE,US,0.1389,0,LOW,0,NONE,2026-09-28T13:37:34.167907+00:00
TXN-6FA98A29A97F,CUST-EC894868,ACC-257E174BED,33.87,ONLINE,US,0.136528,0,LOW,0,NONE,2026-09-28T13:37:34.201325+00:00
TXN-FEB6662959CE,CUST-C512B099,ACC-F2016B62C0,2093.42,CARD,US,0.171857,0,LOW,0,NONE,2026-09-28T13:37:34.234970+00:00
TXN-7FE421D82F2A,CUST-D50EA3DF,ACC-62FC129322,1709.69,MOBILE,US,0.118918,0,LOW,0,NONE,2026-09-28T13:37:34.270976+00:00
TXN-AE3F6ED03D63,CUST-9CC9ED35,ACC-6B73B4B402,1893.98,CARD,US,0.168392,0,LOW,0,NONE,2026-09-28T13:37:34.307821+00:00
TXN-E44E749ED810,CUST-E5A753B5,ACC-68DE4FE123,1848.64,ATM,US,0.078454,0,LOW,0,NONE,2026-09-28T13:37:34.363350+00:00
TXN-EA3C97BB5936,CUST-E5DC66DE,ACC-4F8C4D4CBB,183.6,ATM,US,0.117306,0,LOW,0,NONE,2026-09-28T13:37:34.399106+00:00
TXN-E50E1A71E0F7,CUST-C9C94AF9,ACC-2540C062A2,1774.61,ATM,US,0.096217,0,LOW,0,NONE,2026-09-28T13:37:34.434179+00:00
TXN-D821C6B07CFB,CUST-D8E1C394,ACC-2193007408,500.89,CARD,US,0.100144,0,LOW,0,NONE,2026-09-28T13:37:34.470210+00:00
TXN-27104009719C,CUST-2B94D792,ACC-7A64FBCFD0,2490.1,CARD,US,0.138452,0,LOW,0,NONE,2026-09-28T13:37:34.503562+00:00
TXN-DCC431ABBAA7,CUST-4FC986C9,ACC-D3A68275DA,811.66,ONLINE,US,0.151029,0,LOW,0,NONE,2026-09-28T13:37:34.538820+00:00
TXN-C7A7D1368F2E,CUST-80839EB7,ACC-678CAC7B3E,218.75,ATM,US,0.131264,0,LOW,0,NONE,2026-09-28T13:37:34.572299+00:00
TXN-DFF0284B6207,CUST-BD676F3F,ACC-4ADC4D9445,116.21,ONLINE,US,0.128268,0,LOW,0,NONE,2026-09-28T13:37:34.605574+00:00
TXN-F93D443C53DD,CUST-05C134B3,ACC-CDA59FAB94,1825.21,MOBILE,US,0.101535,0,LOW,0,NONE,2026-09-28T13:37:34.640942+00:00
TXN-042BF10D5B0C,CUST-51029931,ACC-FD09618700,2238.94,CARD,US,0.176064,0,LOW,0,NONE,2026-09-28T13:37:34.675942+00:00
TXN-9764BACFBE6D,CUST-F98A8AD4,ACC-FDCB5683B1,1907.47,ATM,US,0.119618,0,LOW,0,NONE,2026-09-28T13:37:34.707735+00:00
TXN-1F71C34AC8E7,CUST-C2590469,ACC-1AC56FD1AA,2286.1,CARD,US,0.234995,0,LOW,0,NONE,2026-09-28T13:37:34.743612+00:00
TXN-1DF0F5749D0D,CUST-FCBFC9B4,ACC-FC8B20FDC1,1828.97,MOBILE,US,0.091088,0,LOW,0,NONE,2026-09-28T13:37:34.776127+00:00
TXN-A76A0A80D26F,CUST-589A2A78,ACC-B3F45D79AD,1805.45,MOBILE,US,0.125377,0,LOW,0,NONE,2026-09-28T13:37:34.807641+00:00
TXN-A72FF80F31CA,CUST-49D196D6,ACC-56B636CADF,2059.51,ATM,US,0.140464,0,LOW,0,NONE,2026-09-28T13:37:34.840875+00:00
TXN-F3B04C0D361F,CUST-8CF80A0C,ACC-DB4717F1AF,905.54,ONLINE,US,0.14294,0,LOW,0,NONE,2026-09-28T13:37:34.875339+00:00
TXN-AAC950CF59C5,CUST-57EE0CB3,ACC-233E8C0E66,2498.89,MOBILE,US,0.193945,0,LOW,0,NONE,2026-09-28T13:37:34.910242+00:00
TXN-189FD6164891,CUST-B098667D,ACC-320130992F,2106.49,ATM,US,0.14343,0,LOW,0,NONE,2026-09-28T13:37:34.946562+00:00
TXN-A95EF250B91F,CUST-911F4401,ACC-8DFEE4E4EA,1346.87,ONLINE,US,0.141989,0,LOW,0,NONE,2026-09-28T13:37:34.981907+00:00
TXN-33D1A63108E9,CUST-CAC4DDD1,ACC-23F0227521,1684.39,CARD,US,0.105265,0,LOW,0,NONE,2026-09-28T13:37:35.016389+00:00
TXN-93432F39D11F,CUST-DCAE751A,ACC-4BB1AAC7A6,1221.05,CARD,US,0.103418,0,LOW,0,NONE,2026-09-28T13:37:35.051889+00:00
TXN-8D9A024CD431,CUST-9C9EDA6C,ACC-66CA815A85,2394.87,ONLINE,US,0.1389,0,LOW,0,NONE,2026-09-28T13:37:35.087024+00:00
TXN-6FA98A29A97F,CUST-EC894868,ACC-257E174BED,33.87,ONLINE,US,0.136528,0,LOW,0,NONE,2026-09-28T13:37:35.122001+00:00
TXN-FEB6662959CE,CUST-C512B099,ACC-F2016B62C0,2093.42,CARD,US,0.171857,0,LOW,0,NONE,2026-09-28T13:37:35.157535+00:00
TXN-7FE421D82F2A,CUST-D50EA3DF,ACC-62FC129322,1709.69,MOBILE,US,0.118918,0,LOW,0,NONE,2026-09-28T13:37:35.196239+00:00
TXN-AE3F6ED03D63,CUST-9CC9ED35,ACC-6B73B4B402,1893.98,CARD,US,0.168392,0,LOW,0,NONE,2026-09-28T13:37:35.230670+00:00
TXN-E44E749ED810,CUST-E5A753B5,ACC-68DE4FE123,1848.64,ATM,US,0.078454,0,LOW,0,NONE,2026-09-28T13:37:35.267669+00:00
TXN-EA3C97BB5936,CUST-E5DC66DE,ACC-4F8C4D4CBB,183.6,ATM,US,0.117306,0,LOW,0,NONE,2026-09-28T13:37:35.303971+00:00
TXN-E50E1A71E0F7,CUST-C9C94AF9,ACC-2540C062A2,1774.61,ATM,US,0.096217,0,LOW,0,NONE,2026-09-28T13:37:35.340865+00:00
TXN-D821C6B07CFB,CUST-D8E1C394,ACC-2193007408,500.89,CARD,US,0.100144,0,LOW,0,NONE,2026-09-28T13:37:35.377953+00:00
TXN-27104009719C,CUST-2B94D792,ACC-7A64FBCFD0,2490.1,CARD,US,0.138452,0,LOW,0,NONE,2026-09-28T13:37:35.417254+00:00
TXN-DCC431ABBAA7,CUST-4FC986C9,ACC-D3A68275DA,811.66,ONLINE,US,0.151029,0,LOW,0,NONE,2026-09-28T13:37:35.454978+00:00
TXN-C7A7D1368F2E,CUST-80839EB7,ACC-678CAC7B3E,218.75,ATM,US,0.131264,0,LOW,0,NONE,2026-09-28T13:37:35.490531+00:00
TXN-DFF0284B6207,CUST-BD676F3F,ACC-4ADC4D9445,116.21,ONLINE,US,0.128268,0,LOW,0,NONE,2026-09-28T13:37:35.527435+00:00
TXN-F93D443C53DD,CUST-05C134B3,ACC-CDA59FAB94,1825.21,MOBILE,US,0.101535,0,LOW,0,NONE,2026-09-28T13:37:35.563231+00:00
TXN-042BF10D5B0C,CUST-51029931,ACC-FD09618700,2238.94,CARD,US,0.176064,0,LOW,0,NONE,2026-09-28T13:37:35.601752+00:00
TXN-9764BACFBE6D,CUST-F98A8AD4,ACC-FDCB5683B1,1907.47,ATM,US,0.119618,0,LOW,0,NONE,2026-09-28T13:37:35.637081+00:00
TXN-1F71C34AC8E7,CUST-C2590469,ACC-1AC56FD1AA,2286.1,CARD,US,0.234995,0,LOW,0,NONE,2026-09-28T13:37:35.673237+00:00
TXN-1DF0F5749D0D,CUST-FCBFC9B4,ACC-FC8B20FDC1,1828.97,MOBILE,US,0.091088,0,LOW,0,NONE,2026-09-28T13:37:35.710834+00:00
TXN-A76A0A80D26F,CUST-589A2A78,ACC-B3F45D79AD,1805.45,MOBILE,US,0.125377,0,LOW,0,NONE,2026-09-28T13:37:35.745192+00:00
TXN-A72FF80F31CA,CUST-49D196D6,ACC-56B636CADF,2059.51,ATM,US,0.140464,0,LOW,0,NONE,2026-09-28T13:37:35.780029+00:00
TXN-F3B04C0D361F,CUST-8CF80A0C,ACC-DB4717F1AF,905.54,ONLINE,US,0.14294,0,LOW,0,NONE,2026-09-28T13:37:35.812318+00:00
TXN-AAC950CF59C5,CUST-57EE0CB3,ACC-233E8C0E66,2498.89,MOBILE,US,0.193945,0,LOW,0,NONE,2026-09-28T13:37:35.841686+00:00
TXN-189FD6164891,CUST-B098667D,ACC-320130992F,2106.49,ATM,US,0.14343,0,LOW,0,NONE,2026-09-28T13:37:35.875223+00:00
TXN-A95EF250B91F,CUST-911F4401,ACC-8DFEE4E4EA,1346.87,ONLINE,US,0.141989,0,LOW,0,NONE,2026-09-28T13:37:35.910433+00:00
TXN-33D1A63108E9,CUST-CAC4DDD1,ACC-23F0227521,1684.39,CARD,US,0.105265,0,LOW,0,NONE,2026-09-28T13:37:35.961200+00:00
TXN-93432F39D11F,CUST-DCAE751A,ACC-4BB1AAC7A6,1221.05,CARD,US,0.103418,0,LOW,0,NONE,2026-09-28T13:37:36.005276+00:00
TXN-8D9A024CD431,CUST-9C9EDA6C,ACC-66CA815A85,2394.87,ONLINE,US,0.1389,0,LOW,0,NONE,2026-09-28T13:37:36.041018+00:00
TXN-6FA98A29A97F,CUST-EC894868,ACC-257E174BED,33.87,ONLINE,US,0.136528,0,LOW,0,NONE,2026-09-28T13:37:36.077195+00:00
TXN-FEB6662959CE,CUST-C512B099,ACC-F2016B62C0,2093.42,CARD,US,0.171857,0,LOW,0,NONE,2026-09-28T13:37:36.114663+00:00
TXN-7FE421D82F2A,CUST-D50EA3DF,ACC-62FC129322,1709.69,MOBILE,US,0.118918,0,LOW,0,NONE,2026-09-28T13:37:36.150572+00:00
TXN-AE3F6ED03D63,CUST-9CC9ED35,ACC-6B73B4B402,1893.98,CARD,US,0.168392,0,LOW,0,NONE,2026-09-28T13:37:36.187638+00:00
TXN-E44E749ED810,CUST-E5A753B5,ACC-68DE4FE123,1848.64,ATM,US,0.078454,0,LOW,0,NONE,2026-09-28T13:37:36.226364+00:00
TXN-EA3C97BB5936,CUST-E5DC66DE,ACC-4F8C4D4CBB,183.6,ATM,US,0.117306,0,LOW,0,NONE,2026-09-28T13:37:36.261695+00:00
TXN-E50E1A71E0F7,CUST-C9C94AF9,ACC-2540C062A2,1774.61,ATM,US,0.096217,0,LOW,0,NONE,2026-09-28T13:37:36.298968+00:00
TXN-D821C6B07CFB,CUST-D8E1C394,ACC-2193007408,500.89,CARD,US,0.100144,0,LOW,0,NONE,2026-09-28T13:37:36.331907+00:00
TXN-27104009719C,CUST-2B94D792,ACC-7A64FBCFD0,2490.1,CARD,US,0.138452,0,LOW,0,NONE,2026-09-28T13:37:36.366068+00:00
TXN-DCC431ABBAA7,CUST-4FC986C9,ACC-D3A68275DA,811.66,ONLINE,US,0.151029,0,LOW,0,NONE,2026-09-28T13:37:36.402019+00:00
TXN-C7A7D1368F2E,CUST-80839EB7,ACC-678CAC7B3E,218.75,ATM,US,0.131264,0,LOW,0,NONE,2026-09-28T13:37:36.440522+00:00
TXN-DFF0284B6207,CUST-BD676F3F,ACC-4ADC4D9445,116.21,ONLINE,US,0.128268,0,LOW,0,NONE,2026-09-28T13:37:36.477916+00:00
TXN-F93D443C53DD,CUST-05C134B3,ACC-CDA59FAB94,1825.21,MOBILE,US,0.101535,0,LOW,0,NONE,2026-09-28T13:37:36.513554+00:00
TXN-042BF10D5B0C,CUST-51029931,ACC-FD09618700,2238.94,CARD,US,0.176064,0,LOW,0,NONE,2026-09-28T13:37:36.549262+00:00
TXN-9764BACFBE6D,CUST-F98A8AD4,ACC-FDCB5683B1,1907.47,ATM,US,0.119618,0,LOW,0,NONE,2026-09-28T13:37:36.586177+00:00
TXN-1F71C34AC8E7,CUST-C2590469,ACC-1AC56FD1AA,2286.1,CARD,US,0.234995,0,LOW,0,NONE,2026-09-28T13:37:36.622805+00:00
TXN-1DF0F5749D0D,CUST-FCBFC9B4,ACC-FC8B20FDC1,1828.97,MOBILE,US,0.091088,0,LOW,0,NONE,2026-09-28T13:37:36.657580+00:00
TXN-A76A0A80D26F,CUST-589A2A78,ACC-B3F45D79AD,1805.45,MOBILE,US,0.125377,0,LOW,0,NONE,2026-09-28T13:37:36.694271+00:00
TXN-A72FF80F31CA,CUST-49D196D6,ACC-56B636CADF,2059.51,ATM,US,0.140464,0,LOW,0,NONE,2026-09-28T13:37:36.729840+00:00
TXN-F3B04C0D361F,CUST-8CF80A0C,ACC-DB4717F1AF,905.54,ONLINE,US,0.14294,0,LOW,0,NONE,2026-09-28T13:37:36.764286+00:00
TXN-AAC950CF59C5,CUST-57EE0CB3,ACC-233E8C0E66,2498.89,MOBILE,US,0.193945,0,LOW,0,NONE,2026-09-28T13:37:36.797355+00:00
TXN-189FD6164891,CUST-B098667D,ACC-320130992F,2106.49,ATM,US,0.14343,0,LOW,0,NONE,2026-09-28T13:37:36.831848+00:00
TXN-A95EF250B91F,CUST-911F4401,ACC-8DFEE4E4EA,1346.87,ONLINE,US,0.141989,0,LOW,0,NONE,2026-09-28T13:37:36.864851+00:00
TXN-33D1A63108E9,CUST-CAC4DDD1,ACC-23F0227521,1684.39,CARD,US,0.105265,0,LOW,0,NONE,2026-09-28T13:37:36.898740+00:00
TXN-93432F39D11F,CUST-DCAE751A,ACC-4BB1AAC7A6,1221.05,CARD,US,0.103418,0,LOW,0,NONE,2026-09-28T13:37:36.932770+00:00
TXN-7A9D61BDB3F8,CUST-EED46B33,ACC-0E7B5145F5,1090.76,CARD,US,0.132168,0,LOW,0,NONE,2026-09-28T13:37:36.967835+00:00
TXN-6607CF8A84E4,CUST-8D1B556F,ACC-6BB6F6B8D8,1747.61,CARD,US,0.114803,0,LOW,0,NONE,2026-09-28T13:37:37.003031+00:00
TXN-2010FE4C80A6,CUST-7A7C9120,ACC-FBE9096A34,1671.54,CARD,US,0.152053,0,LOW,0,NONE,2026-09-28T13:37:37.037668+00:00
TXN-E8D0BB4B5FB1,CUST-4468CB9A,ACC-E43BA3BB62,1396.42,ONLINE,US,0.123877,0,LOW,0,NONE,2026-09-28T13:37:37.072371+00:00
TXN-4ECED8EB0DFC,CUST-3C516463,ACC-1706E093A1,1797.26,ATM,US,0.130921,0,LOW,0,NONE,2026-09-28T13:37:37.108207+00:00
TXN-1F226432B75F,CUST-74C677AE,ACC-2CDB149B0B,347.51,ATM,US,0.121558,0,LOW,0,NONE,2026-09-28T13:37:37.144337+00:00
TXN-EAC83D07F2AE,CUST-994A6AD7,ACC-84453B46E3,2035.15,CARD,US,0.143649,0,LOW,0,NONE,2026-09-28T13:37:37.182369+00:00
TXN-3270B2CCD100,CUST-32CCB661,ACC-2535DC0CE0,1412.99,MOBILE,US,0.141818,0,LOW,0,NONE,2026-09-28T13:37:37.217464+00:00
TXN-306CE1D15CF4,CUST-314A95E6,ACC-162288A69D,1748.59,ONLINE,US,0.080316,0,LOW,0,NONE,2026-09-28T13:37:37.254357+00:00
TXN-51B61965153D,CUST-07CA1DEF,ACC-33F36B64EE,2301.51,ATM,US,0.460306,0,MEDIUM,1,VELOCITY_FRAUD,2026-09-28T13:37:37.290957+00:00
TXN-938E29C581D6,CUST-74C677AE,ACC-2CDB149B0B,2340.46,ONLINE,US,0.162232,0,LOW,0,NONE,2026-09-28T13:37:37.326104+00:00
TXN-C6EC32E31CB2,CUST-5C90698D,ACC-533D845850,1674.49,CARD,US,0.137378,0,LOW,0,NONE,2026-09-28T13:37:37.361280+00:00
TXN-8528B8DBD53A,CUST-FBCB10F1,ACC-4BDC4FEC1E,57.92,ONLINE,RO,0.99071,1,CRITICAL,1,GEOLOCATION_ANOMALY,2026-09-28T13:37:37.396987+00:00
TXN-AD34708D86EE,CUST-F3677C35,ACC-5EFC73DEF8,325.12,CARD,US,0.182311,0,LOW,0,NONE,2026-09-28T13:37:37.434873+00:00
TXN-B12BDC612EF0,CUST-4272B7F9,ACC-7D539EAA83,2424.43,MOBILE,US,0.228697,0,LOW,0,NONE,2026-09-28T13:37:37.472314+00:00
TXN-8CA0D0718A82,CUST-835C2A19,ACC-B3012BD0B8,1359.45,MOBILE,US,0.117978,0,LOW,0,NONE,2026-09-28T13:37:37.508084+00:00
TXN-4FE138E4D8DB,CUST-18DED113,ACC-41A2B724E3,2066.72,ONLINE,US,0.08925,0,LOW,0,NONE,2026-09-28T13:37:37.544975+00:00
TXN-641C5B03E5F5,CUST-60F8EB9C,ACC-95CAD37A71,1310.0,ATM,US,0.127324,0,LOW,0,NONE,2026-09-28T13:37:37.582676+00:00
TXN-14593EF7BE8A,CUST-F1A2F478,ACC-AC7961A365,185.97,CARD,US,0.120855,0,LOW,0,NONE,2026-09-28T13:37:37.627623+00:00
TXN-8C0AE1157CFC,CUST-FE7CF40C,ACC-FE504EC8D5,1513.79,MOBILE,US,0.12966,0,LOW,0,NONE,2026-09-28T13:37:37.658971+00:00
TXN-6A35B8B25304,CUST-45BB39B7,ACC-A8F8B235B5,693.99,ATM,US,0.114342,0,LOW,0,NONE,2026-09-28T13:37:37.687809+00:00
TXN-2E244C8F476F,CUST-204B30BD,ACC-0011E219C4,2334.2,ATM,US,0.18271,0,LOW,0,NONE,2026-09-28T13:37:37.723426+00:00
TXN-E5A19B3E9B41,CUST-E2B57ECD,ACC-565AEEA567,1982.62,MOBILE,US,0.088367,0,LOW,0,NONE,2026-09-28T13:37:37.757464+00:00
TXN-5E9679F4FBF7,CUST-263D656C,ACC-939378DB9E,563.18,CARD,US,0.110234,0,LOW,0,NONE,2026-09-28T13:37:37.790874+00:00
TXN-D2302571E442,CUST-E5A753B5,ACC-86E7CE94B0,1220.47,CARD,US,0.092193,0,LOW,0,NONE,2026-09-28T13:37:37.826590+00:00
TXN-9DBA05B0FDBC,CUST-516D2DDD,ACC-A90B2547DF,1328.16,MOBILE,US,0.102084,0,LOW,0,NONE,2026-09-28T13:37:37.863426+00:00
TXN-5EC9560E8D1D,CUST-4F3FDB09,ACC-A9ADD56248,186.14,MOBILE,US,0.103167,0,LOW,0,NONE,2026-09-28T13:37:37.898183+00:00
TXN-01D9FA222F9A,CUST-45BD0333,ACC-78DB803FC5,1182.15,MOBILE,US,0.134913,0,LOW,0,NONE,2026-09-28T13:37:37.935820+00:00
TXN-B877DA13ECDC,CUST-02BD1971,ACC-E230F2B2D1,993.03,MOBILE,US,0.124117,0,LOW,0,NONE,2026-09-28T13:37:37.970073+00:00
TXN-6DCCDAF459D0,CUST-DB6E8F93,ACC-132F91E549,2205.1,ONLINE,US,0.135462,0,LOW,0,NONE,2026-09-28T13:37:38.006941+00:00
TXN-9FCEEA6385FB,CUST-A2A995FD,ACC-D6E1014370,1311.86,CARD,US,0.125853,0,LOW,0,NONE,2026-09-28T13:37:38.042421+00:00
TXN-E8038BE1CAE5,CUST-23BC0459,ACC-1BDD381D38,2121.75,MOBILE,US,0.154457,0,LOW,0,NONE,2026-09-28T13:37:38.079217+00:00
TXN-EC7AE6CC4C39,CUST-D1CE00B3,ACC-FBC6BE9058,748.75,ONLINE,US,0.181543,0,LOW,0,NONE,2026-09-28T13:37:38.113980+00:00
TXN-BDC7EEB0411E,CUST-8D460C5D,ACC-D711B11B06,1271.89,CARD,US,0.173398,0,LOW,0,NONE,2026-09-28T13:37:38.148123+00:00
TXN-4DDC67BE0861,CUST-F92C4CAA,ACC-FA7CBF3DA3,611.5,ONLINE,US,0.121714,0,LOW,0,NONE,2026-09-28T13:37:38.182813+00:00
TXN-8B80607C329F,CUST-18DED113,ACC-41A2B724E3,2339.77,MOBILE,US,0.184177,0,LOW,0,NONE,2026-09-28T13:37:38.221158+00:00
TXN-30BCB918EF81,CUST-E5DC66DE,ACC-DD94B44145,299.98,ATM,US,0.120343,0,LOW,0,NONE,2026-09-28T13:37:38.255380+00:00
TXN-4161CBDA2B40,CUST-1340B25A,ACC-F0BC04EABE,691.31,CARD,US,0.102392,0,LOW,0,NONE,2026-09-28T13:37:38.290347+00:00
TXN-6DE5D7F8DFD5,CUST-0F2AE798,ACC-E4A0F3DABB,2468.48,CARD,US,0.173517,0,LOW,0,NONE,2026-09-28T13:37:38.326113+00:00
TXN-652EAADC24FD,CUST-BE3C8681,ACC-C5AEFFC668,1095.27,ONLINE,US,0.153603,0,LOW,0,NONE,2026-09-28T13:37:38.361633+00:00
TXN-CEEC9395E302,CUST-9BB22FC4,ACC-5FF13A806A,2455.76,MOBILE,US,0.192611,0,LOW,0,NONE,2026-09-28T13:37:38.395954+00:00
TXN-756CA85D6269,CUST-04F285A0,ACC-1F93093AAD,1291.44,CARD,US,0.116298,0,LOW,0,NONE,2026-09-28T13:37:38.432902+00:00
TXN-7A9D61BDB3F8,CUST-EED46B33,ACC-0E7B5145F5,1090.76,CARD,US,0.132168,0,LOW,0,NONE,2026-09-28T13:37:38.469830+00:00
TXN-6607CF8A84E4,CUST-8D1B556F,ACC-6BB6F6B8D8,1747.61,CARD,US,0.114803,0,LOW,0,NONE,2026-09-28T13:37:38.503769+00:00
TXN-2010FE4C80A6,CUST-7A7C9120,ACC-FBE9096A34,1671.54,CARD,US,0.152053,0,LOW,0,NONE,2026-09-28T13:37:38.541027+00:00
TXN-E8D0BB4B5FB1,CUST-4468CB9A,ACC-E43BA3BB62,1396.42,ONLINE,US,0.123877,0,LOW,0,NONE,2026-09-28T13:37:38.577658+00:00
TXN-4ECED8EB0DFC,CUST-3C516463,ACC-1706E093A1,1797.26,ATM,US,0.130921,0,LOW,0,NONE,2026-09-28T13:37:38.616495+00:00
TXN-1F226432B75F,CUST-74C677AE,ACC-2CDB149B0B,347.51,ATM,US,0.121558,0,LOW,0,NONE,2026-09-28T13:37:38.652949+00:00
TXN-EAC83D07F2AE,CUST-994A6AD7,ACC-84453B46E3,2035.15,CARD,US,0.143649,0,LOW,0,NONE,2026-09-28T13:37:38.711853+00:00
TXN-3270B2CCD100,CUST-32CCB661,ACC-2535DC0CE0,1412.99,MOBILE,US,0.141818,0,LOW,0,NONE,2026-09-28T13:37:38.746710+00:00
TXN-306CE1D15CF4,CUST-314A95E6,ACC-162288A69D,1748.59,ONLINE,US,0.080316,0,LOW,0,NONE,2026-09-28T13:37:38.784033+00:00
TXN-51B61965153D,CUST-07CA1DEF,ACC-33F36B64EE,2301.51,ATM,US,0.460306,0,MEDIUM,1,VELOCITY_FRAUD,2026-09-28T13:37:38.819395+00:00
TXN-938E29C581D6,CUST-74C677AE,ACC-2CDB149B0B,2340.46,ONLINE,US,0.162232,0,LOW,0,NONE,2026-09-28T13:37:38.855609+00:00
TXN-C6EC32E31CB2,CUST-5C90698D,ACC-533D845850,1674.49,CARD,US,0.137378,0,LOW,0,NONE,2026-09-28T13:37:38.891481+00:00
TXN-8528B8DBD53A,CUST-FBCB10F1,ACC-4BDC4FEC1E,57.92,ONLINE,RO,0.99071,1,CRITICAL,1,GEOLOCATION_ANOMALY,2026-09-28T13:37:38.931028+00:00
TXN-AD34708D86EE,CUST-F3677C35,ACC-5EFC73DEF8,325.12,CARD,US,0.182311,0,LOW,0,NONE,2026-09-28T13:37:38.963936+00:00
TXN-B12BDC612EF0,CUST-4272B7F9,ACC-7D539EAA83,2424.43,MOBILE,US,0.228697,0,LOW,0,NONE,2026-09-28T13:37:38.997803+00:00
TXN-8CA0D0718A82,CUST-835C2A19,ACC-B3012BD0B8,1359.45,MOBILE,US,0.117978,0,LOW,0,NONE,2026-09-28T13:37:39.030958+00:00
TXN-4FE138E4D8DB,CUST-18DED113,ACC-41A2B724E3,2066.72,ONLINE,US,0.08925,0,LOW,0,NONE,2026-09-28T13:37:39.064683+00:00
TXN-641C5B03E5F5,CUST-60F8EB9C,ACC-95CAD37A71,1310.0,ATM,US,0.127324,0,LOW,0,NONE,2026-09-28T13:37:39.107638+00:00
TXN-14593EF7BE8A,CUST-F1A2F478,ACC-AC7961A365,185.97,CARD,US,0.120855,0,LOW,0,NONE,2026-09-28T13:37:39.139134+00:00
TXN-8C0AE1157CFC,CUST-FE7CF40C,ACC-FE504EC8D5,1513.79,MOBILE,US,0.12966,0,LOW,0,NONE,2026-09-28T13:37:39.174295+00:00
TXN-6A35B8B25304,CUST-45BB39B7,ACC-A8F8B235B5,693.99,ATM,US,0.114342,0,LOW,0,NONE,2026-09-28T13:37:39.209466+00:00
TXN-2E244C8F476F,CUST-204B30BD,ACC-0011E219C4,2334.2,ATM,US,0.18271,0,LOW,0,NONE,2026-09-28T13:37:39.247566+00:00
TXN-E5A19B3E9B41,CUST-E2B57ECD,ACC-565AEEA567,1982.62,MOBILE,US,0.088367,0,LOW,0,NONE,2026-09-28T13:37:39.284242+00:00
TXN-5E9679F4FBF7,CUST-263D656C,ACC-939378DB9E,563.18,CARD,US,0.110234,0,LOW,0,NONE,2026-09-28T13:37:39.322205+00:00
TXN-D2302571E442,CUST-E5A753B5,ACC-86E7CE94B0,1220.47,CARD,US,0.092193,0,LOW,0,NONE,2026-09-28T13:37:39.357516+00:00
TXN-9DBA05B0FDBC,CUST-516D2DDD,ACC-A90B2547DF,1328.16,MOBILE,US,0.102084,0,LOW,0,NONE,2026-09-28T13:37:39.394454+00:00
TXN-5EC9560E8D1D,CUST-4F3FDB09,ACC-A9ADD56248,186.14,MOBILE,US,0.103167,0,LOW,0,NONE,2026-09-28T13:37:39.425520+00:00
TXN-01D9FA222F9A,CUST-45BD0333,ACC-78DB803FC5,1182.15,MOBILE,US,0.134913,0,LOW,0,NONE,2026-09-28T13:37:39.460750+00:00
TXN-B877DA13ECDC,CUST-02BD1971,ACC-E230F2B2D1,993.03,MOBILE,US,0.124117,0,LOW,0,NONE,2026-09-28T13:37:39.496892+00:00
TXN-6DCCDAF459D0,CUST-DB6E8F93,ACC-132F91E549,2205.1,ONLINE,US,0.135462,0,LOW,0,NONE,2026-09-28T13:37:39.533314+00:00
TXN-9FCEEA6385FB,CUST-A2A995FD,ACC-D6E1014370,1311.86,CARD,US,0.125853,0,LOW,0,NONE,2026-09-28T13:37:39.569263+00:00
TXN-E8038BE1CAE5,CUST-23BC0459,ACC-1BDD381D38,2121.75,MOBILE,US,0.154457,0,LOW,0,NONE,2026-09-28T13:37:39.606868+00:00
TXN-EC7AE6CC4C39,CUST-D1CE00B3,ACC-FBC6BE9058,748.75,ONLINE,US,0.181543,0,LOW,0,NONE,2026-09-28T13:37:39.643188+00:00
TXN-BDC7EEB0411E,CUST-8D460C5D,ACC-D711B11B06,1271.89,CARD,US,0.173398,0,LOW,0,NONE,2026-09-28T13:37:39.680488+00:00
TXN-4DDC67BE0861,CUST-F92C4CAA,ACC-FA7CBF3DA3,611.5,ONLINE,US,0.121714,0,LOW,0,NONE,2026-09-28T13:37:39.713470+00:00
TXN-8B80607C329F,CUST-18DED113,ACC-41A2B724E3,2339.77,MOBILE,US,0.184177,0,LOW,0,NONE,2026-09-28T13:37:39.750240+00:00
TXN-30BCB918EF81,CUST-E5DC66DE,ACC-DD94B44145,299.98,ATM,US,0.120343,0,LOW,0,NONE,2026-09-28T13:37:39.787846+00:00
TXN-4161CBDA2B40,CUST-1340B25A,ACC-F0BC04EABE,691.31,CARD,US,0.102392,0,LOW,0,NONE,2026-09-28T13:37:39.824221+00:00
TXN-6DE5D7F8DFD5,CUST-0F2AE798,ACC-E4A0F3DABB,2468.48,CARD,US,0.173517,0,LOW,0,NONE,2026-09-28T13:37:39.861791+00:00
TXN-652EAADC24FD,CUST-BE3C8681,ACC-C5AEFFC668,1095.27,ONLINE,US,0.153603,0,LOW,0,NONE,2026-09-28T13:37:39.897641+00:00
TXN-CEEC9395E302,CUST-9BB22FC4,ACC-5FF13A806A,2455.76,MOBILE,US,0.192611,0,LOW,0,NONE,2026-09-28T13:37:39.936782+00:00
TXN-756CA85D6269,CUST-04F285A0,ACC-1F93093AAD,1291.44,CARD,US,0.116298,0,LOW,0,NONE,2026-09-28T13:37:39.974190+00:00
TXN-7A9D61BDB3F8,CUST-EED46B33,ACC-0E7B5145F5,1090.76,CARD,US,0.132168,0,LOW,0,NONE,2026-09-28T13:37:40.010435+00:00
TXN-6607CF8A84E4,CUST-8D1B556F,ACC-6BB6F6B8D8,1747.61,CARD,US,0.114803,0,LOW,0,NONE,2026-09-28T13:37:40.047668+00:00
TXN-2010FE4C80A6,CUST-7A7C9120,ACC-FBE9096A34,1671.54,CARD,US,0.152053,0,LOW,0,NONE,2026-09-28T13:37:40.085364+00:00
TXN-E8D0BB4B5FB1,CUST-4468CB9A,ACC-E43BA3BB62,1396.42,ONLINE,US,0.123877,0,LOW,0,NONE,2026-09-28T13:37:40.122009+00:00
TXN-4ECED8EB0DFC,CUST-3C516463,ACC-1706E093A1,1797.26,ATM,US,0.130921,0,LOW,0,NONE,2026-09-28T13:37:40.161887+00:00
TXN-1F226432B75F,CUST-74C677AE,ACC-2CDB149B0B,347.51,ATM,US,0.121558,0,LOW,0,NONE,2026-09-28T13:37:40.202754+00:00
TXN-EAC83D07F2AE,CUST-994A6AD7,ACC-84453B46E3,2035.15,CARD,US,0.143649,0,LOW,0,NONE,2026-09-28T13:37:40.240895+00:00
TXN-3270B2CCD100,CUST-32CCB661,ACC-2535DC0CE0,1412.99,MOBILE,US,0.141818,0,LOW,0,NONE,2026-09-28T13:37:40.280224+00:00
TXN-306CE1D15CF4,CUST-314A95E6,ACC-162288A69D,1748.59,ONLINE,US,0.080316,0,LOW,0,NONE,2026-09-28T13:37:40.319069+00:00
TXN-51B61965153D,CUST-07CA1DEF,ACC-33F36B64EE,2301.51,ATM,US,0.460306,0,MEDIUM,1,VELOCITY_FRAUD,2026-09-28T13:37:40.355263+00:00
TXN-938E29C581D6,CUST-74C677AE,ACC-2CDB149B0B,2340.46,ONLINE,US,0.162232,0,LOW,0,NONE,2026-09-28T13:37:40.394669+00:00
TXN-C6EC32E31CB2,CUST-5C90698D,ACC-533D845850,1674.49,CARD,US,0.137378,0,LOW,0,NONE,2026-09-28T13:37:40.432021+00:00
TXN-8528B8DBD53A,CUST-FBCB10F1,ACC-4BDC4FEC1E,57.92,ONLINE,RO,0.99071,1,CRITICAL,1,GEOLOCATION_ANOMALY,2026-09-28T13:37:40.466839+00:00
TXN-AD34708D86EE,CUST-F3677C35,ACC-5EFC73DEF8,325.12,CARD,US,0.182311,0,LOW,0,NONE,2026-09-28T13:37:40.503542+00:00
TXN-B12BDC612EF0,CUST-4272B7F9,ACC-7D539EAA83,2424.43,MOBILE,US,0.228697,0,LOW,0,NONE,2026-09-28T13:37:40.540750+00:00
TXN-8CA0D0718A82,CUST-835C2A19,ACC-B3012BD0B8,1359.45,MOBILE,US,0.117978,0,LOW,0,NONE,2026-09-28T13:37:40.581001+00:00
TXN-4FE138E4D8DB,CUST-18DED113,ACC-41A2B724E3,2066.72,ONLINE,US,0.08925,0,LOW,0,NONE,2026-09-28T13:37:40.619081+00:00
TXN-641C5B03E5F5,CUST-60F8EB9C,ACC-95CAD37A71,1310.0,ATM,US,0.127324,0,LOW,0,NONE,2026-09-28T13:37:40.657328+00:00
TXN-14593EF7BE8A,CUST-F1A2F478,ACC-AC7961A365,185.97,CARD,US,0.120855,0,LOW,0,NONE,2026-09-28T13:37:40.697427+00:00
TXN-8C0AE1157CFC,CUST-FE7CF40C,ACC-FE504EC8D5,1513.79,MOBILE,US,0.12966,0,LOW,0,NONE,2026-09-28T13:37:40.736317+00:00
TXN-6A35B8B25304,CUST-45BB39B7,ACC-A8F8B235B5,693.99,ATM,US,0.114342,0,LOW,0,NONE,2026-09-28T13:37:40.774212+00:00
TXN-2E244C8F476F,CUST-204B30BD,ACC-0011E219C4,2334.2,ATM,US,0.18271,0,LOW,0,NONE,2026-09-28T13:37:40.812211+00:00
TXN-E5A19B3E9B41,CUST-E2B57ECD,ACC-565AEEA567,1982.62,MOBILE,US,0.088367,0,LOW,0,NONE,2026-09-28T13:37:40.854311+00:00
TXN-5E9679F4FBF7,CUST-263D656C,ACC-939378DB9E,563.18,CARD,US,0.110234,0,LOW,0,NONE,2026-09-28T13:37:40.892015+00:00
TXN-D2302571E442,CUST-E5A753B5,ACC-86E7CE94B0,1220.47,CARD,US,0.092193,0,LOW,0,NONE,2026-09-28T13:37:40.929800+00:00
TXN-9DBA05B0FDBC,CUST-516D2DDD,ACC-A90B2547DF,1328.16,MOBILE,US,0.102084,0,LOW,0,NONE,2026-09-28T13:37:40.967679+00:00
TXN-5EC9560E8D1D,CUST-4F3FDB09,ACC-A9ADD56248,186.14,MOBILE,US,0.103167,0,LOW,0,NONE,2026-09-28T13:37:41.006018+00:00
TXN-01D9FA222F9A,CUST-45BD0333,ACC-78DB803FC5,1182.15,MOBILE,US,0.134913,0,LOW,0,NONE,2026-09-28T13:37:41.043416+00:00
TXN-B877DA13ECDC,CUST-02BD1971,ACC-E230F2B2D1,993.03,MOBILE,US,0.124117,0,LOW,0,NONE,2026-09-28T13:37:41.080987+00:00
TXN-6DCCDAF459D0,CUST-DB6E8F93,ACC-132F91E549,2205.1,ONLINE,US,0.135462,0,LOW,0,NONE,2026-09-28T13:37:41.118495+00:00
TXN-9FCEEA6385FB,CUST-A2A995FD,ACC-D6E1014370,1311.86,CARD,US,0.125853,0,LOW,0,NONE,2026-09-28T13:37:41.156227+00:00
TXN-E8038BE1CAE5,CUST-23BC0459,ACC-1BDD381D38,2121.75,MOBILE,US,0.154457,0,LOW,0,NONE,2026-09-28T13:37:41.191133+00:00
TXN-EC7AE6CC4C39,CUST-D1CE00B3,ACC-FBC6BE9058,748.75,ONLINE,US,0.181543,0,LOW,0,NONE,2026-09-28T13:37:41.227924+00:00
TXN-BDC7EEB0411E,CUST-8D460C5D,ACC-D711B11B06,1271.89,CARD,US,0.173398,0,LOW,0,NONE,2026-09-28T13:37:41.265312+00:00
TXN-4DDC67BE0861,CUST-F92C4CAA,ACC-FA7CBF3DA3,611.5,ONLINE,US,0.121714,0,LOW,0,NONE,2026-09-28T13:37:41.302253+00:00
TXN-8B80607C329F,CUST-18DED113,ACC-41A2B724E3,2339.77,MOBILE,US,0.184177,0,LOW,0,NONE,2026-09-28T13:37:41.342304+00:00
TXN-30BCB918EF81,CUST-E5DC66DE,ACC-DD94B44145,299.98,ATM,US,0.120343,0,LOW,0,NONE,2026-09-28T13:37:41.381173+00:00
TXN-4161CBDA2B40,CUST-1340B25A,ACC-F0BC04EABE,691.31,CARD,US,0.102392,0,LOW,0,NONE,2026-09-28T13:37:41.418506+00:00
TXN-6DE5D7F8DFD5,CUST-0F2AE798,ACC-E4A0F3DABB,2468.48,CARD,US,0.173517,0,LOW,0,NONE,2026-09-28T13:37:41.457638+00:00
TXN-652EAADC24FD,CUST-BE3C8681,ACC-C5AEFFC668,1095.27,ONLINE,US,0.153603,0,LOW,0,NONE,2026-09-28T13:37:41.494161+00:00
TXN-CEEC9395E302,CUST-9BB22FC4,ACC-5FF13A806A,2455.76,MOBILE,US,0.192611,0,LOW,0,NONE,2026-09-28T13:37:41.530288+00:00
TXN-756CA85D6269,CUST-04F285A0,ACC-1F93093AAD,1291.44,CARD,US,0.116298,0,LOW,0,NONE,2026-09-28T13:37:41.566959+00:00
TXN-2C0AAE1C620B,CUST-A0971976,ACC-B83B1F4896,2110.19,ATM,US,0.17433,0,LOW,0,NONE,2026-09-28T13:38:00.192041+00:00
TXN-2C0AAE1C620B,CUST-A0971976,ACC-B83B1F4896,2110.19,ATM,US,0.17433,0,LOW,0,NONE,2026-09-28T13:38:00.201555+00:00
TXN-81AF5BAB2D4E,CUST-DB128F93,ACC-27ACA934EC,1676.02,ONLINE,US,0.143532,0,LOW,0,NONE,2026-09-28T13:38:00.238471+00:00
TXN-81AF5BAB2D4E,CUST-DB128F93,ACC-27ACA934EC,1676.02,ONLINE,US,0.143532,0,LOW,0,NONE,2026-09-28T13:38:00.244653+00:00
TXN-4EC964A083CD,CUST-2036786F,ACC-94781DD2A2,1538.38,ONLINE,US,0.167398,0,LOW,0,NONE,2026-09-28T13:38:00.263018+00:00
TXN-4EC964A083CD,CUST-2036786F,ACC-94781DD2A2,1538.38,ONLINE,US,0.167398,0,LOW,0,NONE,2026-09-28T13:38:00.280019+00:00
TXN-EE05E68A7916,CUST-F54358B9,ACC-380973E4F5,1235.33,ONLINE,US,0.122442,0,LOW,0,NONE,2026-09-28T13:38:00.286247+00:00
TXN-8D9A024CD431,CUST-9C9EDA6C,ACC-66CA815A85,2394.87,ONLINE,US,0.1389,0,LOW,0,NONE,2026-09-28T13:38:00.307431+00:00
TXN-EE05E68A7916,CUST-F54358B9,ACC-380973E4F5,1235.33,ONLINE,US,0.122442,0,LOW,0,NONE,2026-09-28T13:38:00.313531+00:00
TXN-6FA98A29A97F,CUST-EC894868,ACC-257E174BED,33.87,ONLINE,US,0.136528,0,LOW,0,NONE,2026-09-28T13:38:00.332279+00:00
TXN-8D9A024CD431,CUST-9C9EDA6C,ACC-66CA815A85,2394.87,ONLINE,US,0.1389,0,LOW,0,NONE,2026-09-28T13:38:00.350363+00:00
TXN-FEB6662959CE,CUST-C512B099,ACC-F2016B62C0,2093.42,CARD,US,0.171857,0,LOW,0,NONE,2026-09-28T13:38:00.354387+00:00
TXN-7FE421D82F2A,CUST-D50EA3DF,ACC-62FC129322,1709.69,MOBILE,US,0.118918,0,LOW,0,NONE,2026-09-28T13:38:00.378095+00:00
TXN-6FA98A29A97F,CUST-EC894868,ACC-257E174BED,33.87,ONLINE,US,0.136528,0,LOW,0,NONE,2026-09-28T13:38:00.386316+00:00
TXN-7A9D61BDB3F8,CUST-EED46B33,ACC-0E7B5145F5,1090.76,CARD,US,0.132168,0,LOW,0,NONE,2026-09-28T13:38:00.402549+00:00
TXN-FEB6662959CE,CUST-C512B099,ACC-F2016B62C0,2093.42,CARD,US,0.171857,0,LOW,0,NONE,2026-09-28T13:38:00.421366+00:00
TXN-6607CF8A84E4,CUST-8D1B556F,ACC-6BB6F6B8D8,1747.61,CARD,US,0.114803,0,LOW,0,NONE,2026-09-28T13:38:00.426947+00:00
TXN-2010FE4C80A6,CUST-7A7C9120,ACC-FBE9096A34,1671.54,CARD,US,0.152053,0,LOW,0,NONE,2026-09-28T13:38:00.449332+00:00
TXN-7FE421D82F2A,CUST-D50EA3DF,ACC-62FC129322,1709.69,MOBILE,US,0.118918,0,LOW,0,NONE,2026-09-28T13:38:00.456557+00:00
TXN-AE3F6ED03D63,CUST-9CC9ED35,ACC-6B73B4B402,1893.98,CARD,US,0.168392,0,LOW,0,NONE,2026-09-28T13:38:00.473905+00:00
TXN-7A9D61BDB3F8,CUST-EED46B33,ACC-0E7B5145F5,1090.76,CARD,US,0.132168,0,LOW,0,NONE,2026-09-28T13:38:00.490326+00:00
TXN-E8D0BB4B5FB1,CUST-4468CB9A,ACC-E43BA3BB62,1396.42,ONLINE,US,0.123877,0,LOW,0,NONE,2026-09-28T13:38:00.496925+00:00
TXN-E44E749ED810,CUST-E5A753B5,ACC-68DE4FE123,1848.64,ATM,US,0.078454,0,LOW,0,NONE,2026-09-28T13:38:00.517551+00:00
TXN-6607CF8A84E4,CUST-8D1B556F,ACC-6BB6F6B8D8,1747.61,CARD,US,0.114803,0,LOW,0,NONE,2026-09-28T13:38:00.528492+00:00
TXN-EA3C97BB5936,CUST-E5DC66DE,ACC-4F8C4D4CBB,183.6,ATM,US,0.117306,0,LOW,0,NONE,2026-09-28T13:38:00.540402+00:00
TXN-05457A22A385,CUST-3DFEF8A8,ACC-FC293CB526,1871.37,MOBILE,US,0.085429,0,LOW,0,NONE,2026-09-28T13:38:00.561305+00:00
TXN-2010FE4C80A6,CUST-7A7C9120,ACC-FBE9096A34,1671.54,CARD,US,0.152053,0,LOW,0,NONE,2026-09-28T13:38:00.563141+00:00
TXN-E50E1A71E0F7,CUST-C9C94AF9,ACC-2540C062A2,1774.61,ATM,US,0.096217,0,LOW,0,NONE,2026-09-28T13:38:00.584972+00:00
TXN-AE3F6ED03D63,CUST-9CC9ED35,ACC-6B73B4B402,1893.98,CARD,US,0.168392,0,LOW,0,NONE,2026-09-28T13:38:00.597014+00:00
TXN-D821C6B07CFB,CUST-D8E1C394,ACC-2193007408,500.89,CARD,US,0.100144,0,LOW,0,NONE,2026-09-28T13:38:00.607331+00:00
TXN-E8D0BB4B5FB1,CUST-4468CB9A,ACC-E43BA3BB62,1396.42,ONLINE,US,0.123877,0,LOW,0,NONE,2026-09-28T13:38:00.627766+00:00
TXN-4ECED8EB0DFC,CUST-3C516463,ACC-1706E093A1,1797.26,ATM,US,0.130921,0,LOW,0,NONE,2026-09-28T13:38:00.628828+00:00
TXN-E44E749ED810,CUST-E5A753B5,ACC-68DE4FE123,1848.64,ATM,US,0.078454,0,LOW,0,NONE,2026-09-28T13:38:00.662478+00:00
TXN-6D2820292340,CUST-E30E3C90,ACC-EAE14A9082,2369.59,ATM,US,0.122082,0,LOW,0,NONE,2026-09-28T13:38:00.668551+00:00
TXN-EA3C97BB5936,CUST-E5DC66DE,ACC-4F8C4D4CBB,183.6,ATM,US,0.117306,0,LOW,0,NONE,2026-09-28T13:38:00.699089+00:00
TXN-05457A22A385,CUST-3DFEF8A8,ACC-FC293CB526,1871.37,MOBILE,US,0.085429,0,LOW,0,NONE,2026-09-28T13:38:00.734671+00:00
TXN-1F226432B75F,CUST-74C677AE,ACC-2CDB149B0B,347.51,ATM,US,0.121558,0,LOW,0,NONE,2026-09-28T13:38:00.747787+00:00
TXN-E50E1A71E0F7,CUST-C9C94AF9,ACC-2540C062A2,1774.61,ATM,US,0.096217,0,LOW,0,NONE,2026-09-28T13:38:00.768453+00:00
TXN-F20932BAC4AA,CUST-73CD1A35,ACC-DCC4162A81,1951.04,ONLINE,US,0.105494,0,LOW,0,NONE,2026-09-28T13:38:00.788070+00:00
TXN-D821C6B07CFB,CUST-D8E1C394,ACC-2193007408,500.89,CARD,US,0.100144,0,LOW,0,NONE,2026-09-28T13:38:00.802896+00:00
TXN-EAC83D07F2AE,CUST-994A6AD7,ACC-84453B46E3,2035.15,CARD,US,0.143649,0,LOW,0,NONE,2026-09-28T13:38:00.833145+00:00
TXN-4ECED8EB0DFC,CUST-3C516463,ACC-1706E093A1,1797.26,ATM,US,0.130921,0,LOW,0,NONE,2026-09-28T13:38:00.838132+00:00
TXN-6D2820292340,CUST-E30E3C90,ACC-EAE14A9082,2369.59,ATM,US,0.122082,0,LOW,0,NONE,2026-09-28T13:38:00.871118+00:00
TXN-3270B2CCD100,CUST-32CCB661,ACC-2535DC0CE0,1412.99,MOBILE,US,0.141818,0,LOW,0,NONE,2026-09-28T13:38:00.887665+00:00
TXN-1F226432B75F,CUST-74C677AE,ACC-2CDB149B0B,347.51,ATM,US,0.121558,0,LOW,0,NONE,2026-09-28T13:38:00.903954+00:00
TXN-F20932BAC4AA,CUST-73CD1A35,ACC-DCC4162A81,1951.04,ONLINE,US,0.105494,0,LOW,0,NONE,2026-09-28T13:38:00.938586+00:00
TXN-27104009719C,CUST-2B94D792,ACC-7A64FBCFD0,2490.1,CARD,US,0.138452,0,LOW,0,NONE,2026-09-28T13:38:00.943276+00:00
TXN-EAC83D07F2AE,CUST-994A6AD7,ACC-84453B46E3,2035.15,CARD,US,0.143649,0,LOW,0,NONE,2026-09-28T13:38:00.972732+00:00
TXN-306CE1D15CF4,CUST-314A95E6,ACC-162288A69D,1748.59,ONLINE,US,0.080316,0,LOW,0,NONE,2026-09-28T13:38:00.994248+00:00
TXN-3270B2CCD100,CUST-32CCB661,ACC-2535DC0CE0,1412.99,MOBILE,US,0.141818,0,LOW,0,NONE,2026-09-28T13:38:01.006259+00:00
TXN-27104009719C,CUST-2B94D792,ACC-7A64FBCFD0,2490.1,CARD,US,0.138452,0,LOW,0,NONE,2026-09-28T13:38:01.038544+00:00
TXN-DCC431ABBAA7,CUST-4FC986C9,ACC-D3A68275DA,811.66,ONLINE,US,0.151029,0,LOW,0,NONE,2026-09-28T13:38:01.046244+00:00
TXN-306CE1D15CF4,CUST-314A95E6,ACC-162288A69D,1748.59,ONLINE,US,0.080316,0,LOW,0,NONE,2026-09-28T13:38:01.070442+00:00
TXN-C7A7D1368F2E,CUST-80839EB7,ACC-678CAC7B3E,218.75,ATM,US,0.131264,0,LOW,0,NONE,2026-09-28T13:38:01.103203+00:00
TXN-DCC431ABBAA7,CUST-4FC986C9,ACC-D3A68275DA,811.66,ONLINE,US,0.151029,0,LOW,0,NONE,2026-09-28T13:38:01.103249+00:00
TXN-C7A7D1368F2E,CUST-80839EB7,ACC-678CAC7B3E,218.75,ATM,US,0.131264,0,LOW,0,NONE,2026-09-28T13:38:01.136353+00:00
TXN-51B61965153D,CUST-07CA1DEF,ACC-33F36B64EE,2301.51,ATM,US,0.460306,0,MEDIUM,1,VELOCITY_FRAUD,2026-09-28T13:38:01.156896+00:00
TXN-51B61965153D,CUST-07CA1DEF,ACC-33F36B64EE,2301.51,ATM,US,0.460306,0,MEDIUM,1,VELOCITY_FRAUD,2026-09-28T13:38:01.169746+00:00
TXN-F7A77D7DB4EC,CUST-EDE7AA4A,ACC-131E244177,582.88,ONLINE,US,0.203521,0,LOW,0,NONE,2026-09-28T13:38:01.208727+00:00
TXN-F7A77D7DB4EC,CUST-EDE7AA4A,ACC-131E244177,582.88,ONLINE,US,0.203521,0,LOW,0,NONE,2026-09-28T13:38:01.209260+00:00
TXN-938E29C581D6,CUST-74C677AE,ACC-2CDB149B0B,2340.46,ONLINE,US,0.162232,0,LOW,0,NONE,2026-09-28T13:38:01.257097+00:00
TXN-938E29C581D6,CUST-74C677AE,ACC-2CDB149B0B,2340.46,ONLINE,US,0.162232,0,LOW,0,NONE,2026-09-28T13:38:01.257305+00:00
TXN-71741DB9D276,CUST-911F4401,ACC-01CFBFD75C,1593.73,MOBILE,US,0.09934,0,LOW,0,NONE,2026-09-28T13:38:01.311128+00:00
TXN-71741DB9D276,CUST-911F4401,ACC-01CFBFD75C,1593.73,MOBILE,US,0.09934,0,LOW,0,NONE,2026-09-28T13:38:01.321630+00:00
TXN-387460D98A87,CUST-C5D51A4F,ACC-AFF7F2FCC5,656.88,CARD,US,0.11586,0,LOW,0,NONE,2026-09-28T13:38:01.363625+00:00
TXN-387460D98A87,CUST-C5D51A4F,ACC-AFF7F2FCC5,656.88,CARD,US,0.11586,0,LOW,0,NONE,2026-09-28T13:38:01.363969+00:00
TXN-2B2165625EB6,CUST-9DB58BD9,ACC-A3B66B17AF,307.31,MOBILE,US,0.145312,0,LOW,0,NONE,2026-09-28T13:38:01.420865+00:00
TXN-2B2165625EB6,CUST-9DB58BD9,ACC-A3B66B17AF,307.31,MOBILE,US,0.145312,0,LOW,0,NONE,2026-09-28T13:38:01.421310+00:00
TXN-6E87938097DA,CUST-E3FC58EE,ACC-AD3619475B,276.8,CARD,US,0.122271,0,LOW,0,NONE,2026-09-28T13:38:01.474207+00:00
TXN-6E87938097DA,CUST-E3FC58EE,ACC-AD3619475B,276.8,CARD,US,0.122271,0,LOW,0,NONE,2026-09-28T13:38:01.474215+00:00
TXN-C6EC32E31CB2,CUST-5C90698D,ACC-533D845850,1674.49,CARD,US,0.137378,0,LOW,0,NONE,2026-09-28T13:38:01.530214+00:00
TXN-C6EC32E31CB2,CUST-5C90698D,ACC-533D845850,1674.49,CARD,US,0.137378,0,LOW,0,NONE,2026-09-28T13:38:01.530315+00:00
TXN-AB32152905A6,CUST-8B1A8BBF,ACC-DC159FF23D,419.33,ONLINE,US,0.137956,0,LOW,0,NONE,2026-09-28T13:38:01.580309+00:00
TXN-AB32152905A6,CUST-8B1A8BBF,ACC-DC159FF23D,419.33,ONLINE,US,0.137956,0,LOW,0,NONE,2026-09-28T13:38:01.580569+00:00
TXN-DFF0284B6207,CUST-BD676F3F,ACC-4ADC4D9445,116.21,ONLINE,US,0.128268,0,LOW,0,NONE,2026-09-28T13:38:01.636099+00:00
TXN-DFF0284B6207,CUST-BD676F3F,ACC-4ADC4D9445,116.21,ONLINE,US,0.128268,0,LOW,0,NONE,2026-09-28T13:38:01.638116+00:00
TXN-8528B8DBD53A,CUST-FBCB10F1,ACC-4BDC4FEC1E,57.92,ONLINE,RO,0.99071,1,CRITICAL,1,GEOLOCATION_ANOMALY,2026-09-28T13:38:01.691079+00:00
TXN-8528B8DBD53A,CUST-FBCB10F1,ACC-4BDC4FEC1E,57.92,ONLINE,RO,0.99071,1,CRITICAL,1,GEOLOCATION_ANOMALY,2026-09-28T13:38:01.692134+00:00
TXN-F93D443C53DD,CUST-05C134B3,ACC-CDA59FAB94,1825.21,MOBILE,US,0.101535,0,LOW,0,NONE,2026-09-28T13:38:01.747262+00:00
TXN-F93D443C53DD,CUST-05C134B3,ACC-CDA59FAB94,1825.21,MOBILE,US,0.101535,0,LOW,0,NONE,2026-09-28T13:38:01.757870+00:00
TXN-AD34708D86EE,CUST-F3677C35,ACC-5EFC73DEF8,325.12,CARD,US,0.182311,0,LOW,0,NONE,2026-09-28T13:38:01.802718+00:00
TXN-AD34708D86EE,CUST-F3677C35,ACC-5EFC73DEF8,325.12,CARD,US,0.182311,0,LOW,0,NONE,2026-09-28T13:38:01.813671+00:00
TXN-042BF10D5B0C,CUST-51029931,ACC-FD09618700,2238.94,CARD,US,0.176064,0,LOW,0,NONE,2026-09-28T13:38:01.865467+00:00
TXN-042BF10D5B0C,CUST-51029931,ACC-FD09618700,2238.94,CARD,US,0.176064,0,LOW,0,NONE,2026-09-28T13:38:01.868482+00:00
TXN-B12BDC612EF0,CUST-4272B7F9,ACC-7D539EAA83,2424.43,MOBILE,US,0.228697,0,LOW,0,NONE,2026-09-28T13:38:01.919459+00:00
TXN-B12BDC612EF0,CUST-4272B7F9,ACC-7D539EAA83,2424.43,MOBILE,US,0.228697,0,LOW,0,NONE,2026-09-28T13:38:01.919961+00:00
TXN-8CA0D0718A82,CUST-835C2A19,ACC-B3012BD0B8,1359.45,MOBILE,US,0.117978,0,LOW,0,NONE,2026-09-28T13:38:01.956867+00:00
TXN-8CA0D0718A82,CUST-835C2A19,ACC-B3012BD0B8,1359.45,MOBILE,US,0.117978,0,LOW,0,NONE,2026-09-28T13:38:01.956998+00:00
TXN-A039B16F6D94,CUST-E6AED8E7,ACC-22F41D7DFC,179.55,ATM,US,0.119204,0,LOW,0,NONE,2026-09-28T13:38:02.008875+00:00
TXN-A039B16F6D94,CUST-E6AED8E7,ACC-22F41D7DFC,179.55,ATM,US,0.119204,0,LOW,0,NONE,2026-09-28T13:38:02.009448+00:00
TXN-65C13501215E,CUST-1082BEBE,ACC-1DB4C3D4EE,2266.87,ATM,US,0.162099,0,LOW,0,NONE,2026-09-28T13:38:02.064460+00:00
TXN-65C13501215E,CUST-1082BEBE,ACC-1DB4C3D4EE,2266.87,ATM,US,0.162099,0,LOW,0,NONE,2026-09-28T13:38:02.064652+00:00
TXN-4FE138E4D8DB,CUST-18DED113,ACC-41A2B724E3,2066.72,ONLINE,US,0.08925,0,LOW,0,NONE,2026-09-28T13:38:02.118474+00:00
TXN-4FE138E4D8DB,CUST-18DED113,ACC-41A2B724E3,2066.72,ONLINE,US,0.08925,0,LOW,0,NONE,2026-09-28T13:38:02.129835+00:00
TXN-D1700D8D506D,CUST-F4BEC821,ACC-9615055F38,393.58,ONLINE,US,0.13911,0,LOW,0,NONE,2026-09-28T13:38:02.172353+00:00
TXN-D1700D8D506D,CUST-F4BEC821,ACC-9615055F38,393.58,ONLINE,US,0.13911,0,LOW,0,NONE,2026-09-28T13:38:02.173995+00:00
TXN-641C5B03E5F5,CUST-60F8EB9C,ACC-95CAD37A71,1310.0,ATM,US,0.127324,0,LOW,0,NONE,2026-09-28T13:38:02.228075+00:00
TXN-641C5B03E5F5,CUST-60F8EB9C,ACC-95CAD37A71,1310.0,ATM,US,0.127324,0,LOW,0,NONE,2026-09-28T13:38:02.240703+00:00
TXN-9764BACFBE6D,CUST-F98A8AD4,ACC-FDCB5683B1,1907.47,ATM,US,0.119618,0,LOW,0,NONE,2026-09-28T13:38:02.282357+00:00
TXN-9764BACFBE6D,CUST-F98A8AD4,ACC-FDCB5683B1,1907.47,ATM,US,0.119618,0,LOW,0,NONE,2026-09-28T13:38:02.283112+00:00
TXN-CBFBE5F5177D,CUST-3179A0E8,ACC-D59D1F1EB8,12095.99,MOBILE,US,1.0,1,CRITICAL,1,HIGH_VALUE_FRAUD,2026-09-28T13:38:02.338998+00:00
TXN-CBFBE5F5177D,CUST-3179A0E8,ACC-D59D1F1EB8,12095.99,MOBILE,US,1.0,1,CRITICAL,1,HIGH_VALUE_FRAUD,2026-09-28T13:38:02.339440+00:00
TXN-14593EF7BE8A,CUST-F1A2F478,ACC-AC7961A365,185.97,CARD,US,0.120855,0,LOW,0,NONE,2026-09-28T13:38:02.390750+00:00
TXN-14593EF7BE8A,CUST-F1A2F478,ACC-AC7961A365,185.97,CARD,US,0.120855,0,LOW,0,NONE,2026-09-28T13:38:02.402723+00:00
TXN-8C0AE1157CFC,CUST-FE7CF40C,ACC-FE504EC8D5,1513.79,MOBILE,US,0.12966,0,LOW,0,NONE,2026-09-28T13:38:02.440657+00:00
TXN-8C0AE1157CFC,CUST-FE7CF40C,ACC-FE504EC8D5,1513.79,MOBILE,US,0.12966,0,LOW,0,NONE,2026-09-28T13:38:02.440908+00:00
TXN-6A35B8B25304,CUST-45BB39B7,ACC-A8F8B235B5,693.99,ATM,US,0.114342,0,LOW,0,NONE,2026-09-28T13:38:02.494243+00:00
TXN-6A35B8B25304,CUST-45BB39B7,ACC-A8F8B235B5,693.99,ATM,US,0.114342,0,LOW,0,NONE,2026-09-28T13:38:02.494389+00:00
TXN-1F71C34AC8E7,CUST-C2590469,ACC-1AC56FD1AA,2286.1,CARD,US,0.234995,0,LOW,0,NONE,2026-09-28T13:38:02.550990+00:00
TXN-1F71C34AC8E7,CUST-C2590469,ACC-1AC56FD1AA,2286.1,CARD,US,0.234995,0,LOW,0,NONE,2026-09-28T13:38:02.552177+00:00
TXN-55E3F40A8269,CUST-1E5AE413,ACC-D5C19F2D5F,2376.38,MOBILE,US,0.171195,0,LOW,0,NONE,2026-09-28T13:38:02.605425+00:00
TXN-55E3F40A8269,CUST-1E5AE413,ACC-D5C19F2D5F,2376.38,MOBILE,US,0.171195,0,LOW,0,NONE,2026-09-28T13:38:02.605417+00:00
TXN-2E244C8F476F,CUST-204B30BD,ACC-0011E219C4,2334.2,ATM,US,0.18271,0,LOW,0,NONE,2026-09-28T13:38:02.661511+00:00
TXN-2E244C8F476F,CUST-204B30BD,ACC-0011E219C4,2334.2,ATM,US,0.18271,0,LOW,0,NONE,2026-09-28T13:38:02.661537+00:00
TXN-727DC0387403,CUST-23D705E4,ACC-EC5121D788,2099.37,MOBILE,US,0.136715,0,LOW,0,NONE,2026-09-28T13:38:02.716932+00:00
TXN-727DC0387403,CUST-23D705E4,ACC-EC5121D788,2099.37,MOBILE,US,0.136715,0,LOW,0,NONE,2026-09-28T13:38:02.718372+00:00
TXN-761721534D71,CUST-32D705D5,ACC-AAB0C76043,1561.22,ONLINE,US,0.120953,0,LOW,0,NONE,2026-09-28T13:38:02.771442+00:00
TXN-761721534D71,CUST-32D705D5,ACC-AAB0C76043,1561.22,ONLINE,US,0.120953,0,LOW,0,NONE,2026-09-28T13:38:02.771633+00:00
TXN-E5A19B3E9B41,CUST-E2B57ECD,ACC-565AEEA567,1982.62,MOBILE,US,0.088367,0,LOW,0,NONE,2026-09-28T13:38:02.841629+00:00
TXN-E5A19B3E9B41,CUST-E2B57ECD,ACC-565AEEA567,1982.62,MOBILE,US,0.088367,0,LOW,0,NONE,2026-09-28T13:38:02.841799+00:00
TXN-5E9679F4FBF7,CUST-263D656C,ACC-939378DB9E,563.18,CARD,US,0.110234,0,LOW,0,NONE,2026-09-28T13:38:02.874359+00:00
TXN-5E9679F4FBF7,CUST-263D656C,ACC-939378DB9E,563.18,CARD,US,0.110234,0,LOW,0,NONE,2026-09-28T13:38:02.880686+00:00
TXN-1DF0F5749D0D,CUST-FCBFC9B4,ACC-FC8B20FDC1,1828.97,MOBILE,US,0.091088,0,LOW,0,NONE,2026-09-28T13:38:02.924085+00:00
TXN-1DF0F5749D0D,CUST-FCBFC9B4,ACC-FC8B20FDC1,1828.97,MOBILE,US,0.091088,0,LOW,0,NONE,2026-09-28T13:38:02.924333+00:00
TXN-D2302571E442,CUST-E5A753B5,ACC-86E7CE94B0,1220.47,CARD,US,0.092193,0,LOW,0,NONE,2026-09-28T13:38:02.980411+00:00
TXN-D2302571E442,CUST-E5A753B5,ACC-86E7CE94B0,1220.47,CARD,US,0.092193,0,LOW,0,NONE,2026-09-28T13:38:02.990086+00:00
TXN-4C6A974DC434,CUST-CF4B085B,ACC-1B0E0A3E94,2161.09,CARD,US,0.144033,0,LOW,0,NONE,2026-09-28T13:38:03.032841+00:00
TXN-4C6A974DC434,CUST-CF4B085B,ACC-1B0E0A3E94,2161.09,CARD,US,0.144033,0,LOW,0,NONE,2026-09-28T13:38:03.032852+00:00
TXN-9DBA05B0FDBC,CUST-516D2DDD,ACC-A90B2547DF,1328.16,MOBILE,US,0.102084,0,LOW,0,NONE,2026-09-28T13:38:03.087848+00:00
TXN-9DBA05B0FDBC,CUST-516D2DDD,ACC-A90B2547DF,1328.16,MOBILE,US,0.102084,0,LOW,0,NONE,2026-09-28T13:38:03.098169+00:00
TXN-5EC9560E8D1D,CUST-4F3FDB09,ACC-A9ADD56248,186.14,MOBILE,US,0.103167,0,LOW,0,NONE,2026-09-28T13:38:03.138693+00:00
TXN-5EC9560E8D1D,CUST-4F3FDB09,ACC-A9ADD56248,186.14,MOBILE,US,0.103167,0,LOW,0,NONE,2026-09-28T13:38:03.140455+00:00
TXN-01D9FA222F9A,CUST-45BD0333,ACC-78DB803FC5,1182.15,MOBILE,US,0.134913,0,LOW,0,NONE,2026-09-28T13:38:03.195363+00:00
TXN-01D9FA222F9A,CUST-45BD0333,ACC-78DB803FC5,1182.15,MOBILE,US,0.134913,0,LOW,0,NONE,2026-09-28T13:38:03.196799+00:00
TXN-C364AC7CAF34,CUST-A7BBA380,ACC-5FF102FA7F,1579.23,ONLINE,US,0.140695,0,LOW,0,NONE,2026-09-28T13:38:03.251269+00:00
TXN-C364AC7CAF34,CUST-A7BBA380,ACC-5FF102FA7F,1579.23,ONLINE,US,0.140695,0,LOW,0,NONE,2026-09-28T13:38:03.262480+00:00
TXN-59E05C275DAA,CUST-6F54AE66,ACC-9E81E14B4C,910.13,CARD,US,0.167953,0,LOW,0,NONE,2026-09-28T13:38:03.305513+00:00
TXN-59E05C275DAA,CUST-6F54AE66,ACC-9E81E14B4C,910.13,CARD,US,0.167953,0,LOW,0,NONE,2026-09-28T13:38:03.306693+00:00
TXN-A8EEC579BEDB,CUST-DBF132C6,ACC-2B0C34272C,1751.97,MOBILE,US,0.100072,0,LOW,0,NONE,2026-09-28T13:38:03.361057+00:00
TXN-A8EEC579BEDB,CUST-DBF132C6,ACC-2B0C34272C,1751.97,MOBILE,US,0.100072,0,LOW,0,NONE,2026-09-28T13:38:03.361249+00:00
TXN-B877DA13ECDC,CUST-02BD1971,ACC-E230F2B2D1,993.03,MOBILE,US,0.124117,0,LOW,0,NONE,2026-09-28T13:38:03.415645+00:00
TXN-B877DA13ECDC,CUST-02BD1971,ACC-E230F2B2D1,993.03,MOBILE,US,0.124117,0,LOW,0,NONE,2026-09-28T13:38:03.415805+00:00
TXN-987E329B35F5,CUST-ECE22CF8,ACC-33C6E98A1E,491.64,ATM,US,0.141848,0,LOW,0,NONE,2026-09-28T13:38:03.471932+00:00
TXN-987E329B35F5,CUST-ECE22CF8,ACC-33C6E98A1E,491.64,ATM,US,0.141848,0,LOW,0,NONE,2026-09-28T13:38:03.472386+00:00
TXN-6DCCDAF459D0,CUST-DB6E8F93,ACC-132F91E549,2205.1,ONLINE,US,0.135462,0,LOW,0,NONE,2026-09-28T13:38:03.525289+00:00
TXN-6DCCDAF459D0,CUST-DB6E8F93,ACC-132F91E549,2205.1,ONLINE,US,0.135462,0,LOW,0,NONE,2026-09-28T13:38:03.526918+00:00
TXN-9096C1B63010,CUST-DCB6C5A4,ACC-DB775910FD,1375.91,ATM,US,0.133773,0,LOW,0,NONE,2026-09-28T13:38:03.580805+00:00
TXN-9096C1B63010,CUST-DCB6C5A4,ACC-DB775910FD,1375.91,ATM,US,0.133773,0,LOW,0,NONE,2026-09-28T13:38:03.592848+00:00
TXN-A76A0A80D26F,CUST-589A2A78,ACC-B3F45D79AD,1805.45,MOBILE,US,0.125377,0,LOW,0,NONE,2026-09-28T13:38:03.631782+00:00
TXN-A76A0A80D26F,CUST-589A2A78,ACC-B3F45D79AD,1805.45,MOBILE,US,0.125377,0,LOW,0,NONE,2026-09-28T13:38:03.644107+00:00
TXN-9FCEEA6385FB,CUST-A2A995FD,ACC-D6E1014370,1311.86,CARD,US,0.125853,0,LOW,0,NONE,2026-09-28T13:38:03.686755+00:00
TXN-9FCEEA6385FB,CUST-A2A995FD,ACC-D6E1014370,1311.86,CARD,US,0.125853,0,LOW,0,NONE,2026-09-28T13:38:03.688112+00:00
TXN-A72FF80F31CA,CUST-49D196D6,ACC-56B636CADF,2059.51,ATM,US,0.140464,0,LOW,0,NONE,2026-09-28T13:38:03.740729+00:00
TXN-A72FF80F31CA,CUST-49D196D6,ACC-56B636CADF,2059.51,ATM,US,0.140464,0,LOW,0,NONE,2026-09-28T13:38:03.741193+00:00
TXN-25BE129492E4,CUST-30ED4DF9,ACC-4F4D43B5C4,726.0,CARD,US,0.123329,0,LOW,0,NONE,2026-09-28T13:38:03.795022+00:00
TXN-25BE129492E4,CUST-30ED4DF9,ACC-4F4D43B5C4,726.0,CARD,US,0.123329,0,LOW,0,NONE,2026-09-28T13:38:03.805896+00:00
TXN-E8038BE1CAE5,CUST-23BC0459,ACC-1BDD381D38,2121.75,MOBILE,US,0.154457,0,LOW,0,NONE,2026-09-28T13:38:03.863240+00:00
TXN-E8038BE1CAE5,CUST-23BC0459,ACC-1BDD381D38,2121.75,MOBILE,US,0.154457,0,LOW,0,NONE,2026-09-28T13:38:03.864332+00:00
TXN-EC7AE6CC4C39,CUST-D1CE00B3,ACC-FBC6BE9058,748.75,ONLINE,US,0.181543,0,LOW,0,NONE,2026-09-28T13:38:03.920260+00:00
TXN-EC7AE6CC4C39,CUST-D1CE00B3,ACC-FBC6BE9058,748.75,ONLINE,US,0.181543,0,LOW,0,NONE,2026-09-28T13:38:03.920582+00:00
TXN-BDC7EEB0411E,CUST-8D460C5D,ACC-D711B11B06,1271.89,CARD,US,0.173398,0,LOW,0,NONE,2026-09-28T13:38:03.957976+00:00
TXN-BDC7EEB0411E,CUST-8D460C5D,ACC-D711B11B06,1271.89,CARD,US,0.173398,0,LOW,0,NONE,2026-09-28T13:38:03.960323+00:00
TXN-AF9C8188B186,CUST-88410A30,ACC-444A7187FC,395.68,CARD,US,0.11332,0,LOW,0,NONE,2026-09-28T13:38:04.015273+00:00
TXN-AF9C8188B186,CUST-88410A30,ACC-444A7187FC,395.68,CARD,US,0.11332,0,LOW,0,NONE,2026-09-28T13:38:04.015405+00:00
TXN-F3B04C0D361F,CUST-8CF80A0C,ACC-DB4717F1AF,905.54,ONLINE,US,0.14294,0,LOW,0,NONE,2026-09-28T13:38:04.070530+00:00
TXN-F3B04C0D361F,CUST-8CF80A0C,ACC-DB4717F1AF,905.54,ONLINE,US,0.14294,0,LOW,0,NONE,2026-09-28T13:38:04.082947+00:00
TXN-4DDC67BE0861,CUST-F92C4CAA,ACC-FA7CBF3DA3,611.5,ONLINE,US,0.121714,0,LOW,0,NONE,2026-09-28T13:38:04.121957+00:00
TXN-4DDC67BE0861,CUST-F92C4CAA,ACC-FA7CBF3DA3,611.5,ONLINE,US,0.121714,0,LOW,0,NONE,2026-09-28T13:38:04.123569+00:00
TXN-8B80607C329F,CUST-18DED113,ACC-41A2B724E3,2339.77,MOBILE,US,0.184177,0,LOW,0,NONE,2026-09-28T13:38:04.178322+00:00
TXN-8B80607C329F,CUST-18DED113,ACC-41A2B724E3,2339.77,MOBILE,US,0.184177,0,LOW,0,NONE,2026-09-28T13:38:04.179579+00:00
TXN-30BCB918EF81,CUST-E5DC66DE,ACC-DD94B44145,299.98,ATM,US,0.120343,0,LOW,0,NONE,2026-09-28T13:38:04.233235+00:00
TXN-30BCB918EF81,CUST-E5DC66DE,ACC-DD94B44145,299.98,ATM,US,0.120343,0,LOW,0,NONE,2026-09-28T13:38:04.234593+00:00
TXN-AAC950CF59C5,CUST-57EE0CB3,ACC-233E8C0E66,2498.89,MOBILE,US,0.193945,0,LOW,0,NONE,2026-09-28T13:38:04.288694+00:00
TXN-AAC950CF59C5,CUST-57EE0CB3,ACC-233E8C0E66,2498.89,MOBILE,US,0.193945,0,LOW,0,NONE,2026-09-28T13:38:04.288881+00:00
TXN-189FD6164891,CUST-B098667D,ACC-320130992F,2106.49,ATM,US,0.14343,0,LOW,0,NONE,2026-09-28T13:38:04.344042+00:00
TXN-189FD6164891,CUST-B098667D,ACC-320130992F,2106.49,ATM,US,0.14343,0,LOW,0,NONE,2026-09-28T13:38:04.344079+00:00
TXN-4161CBDA2B40,CUST-1340B25A,ACC-F0BC04EABE,691.31,CARD,US,0.102392,0,LOW,0,NONE,2026-09-28T13:38:04.400409+00:00
TXN-4161CBDA2B40,CUST-1340B25A,ACC-F0BC04EABE,691.31,CARD,US,0.102392,0,LOW,0,NONE,2026-09-28T13:38:04.412812+00:00
TXN-6DE5D7F8DFD5,CUST-0F2AE798,ACC-E4A0F3DABB,2468.48,CARD,US,0.173517,0,LOW,0,NONE,2026-09-28T13:38:04.454596+00:00
TXN-6DE5D7F8DFD5,CUST-0F2AE798,ACC-E4A0F3DABB,2468.48,CARD,US,0.173517,0,LOW,0,NONE,2026-09-28T13:38:04.455330+00:00
TXN-18490C0B7838,CUST-F4BEC821,ACC-9615055F38,1085.04,ONLINE,US,0.128217,0,LOW,0,NONE,2026-09-28T13:38:04.508394+00:00
TXN-18490C0B7838,CUST-F4BEC821,ACC-9615055F38,1085.04,ONLINE,US,0.128217,0,LOW,0,NONE,2026-09-28T13:38:04.508498+00:00
TXN-A95EF250B91F,CUST-911F4401,ACC-8DFEE4E4EA,1346.87,ONLINE,US,0.141989,0,LOW,0,NONE,2026-09-28T13:38:04.561612+00:00
TXN-A95EF250B91F,CUST-911F4401,ACC-8DFEE4E4EA,1346.87,ONLINE,US,0.141989,0,LOW,0,NONE,2026-09-28T13:38:04.562201+00:00
TXN-A45059E46B77,CUST-F926DC90,ACC-5ABE96139F,83.16,ONLINE,US,0.147584,0,LOW,0,NONE,2026-09-28T13:38:04.626992+00:00
TXN-A45059E46B77,CUST-F926DC90,ACC-5ABE96139F,83.16,ONLINE,US,0.147584,0,LOW,0,NONE,2026-09-28T13:38:04.627216+00:00
TXN-652EAADC24FD,CUST-BE3C8681,ACC-C5AEFFC668,1095.27,ONLINE,US,0.153603,0,LOW,0,NONE,2026-09-28T13:38:04.672270+00:00
TXN-652EAADC24FD,CUST-BE3C8681,ACC-C5AEFFC668,1095.27,ONLINE,US,0.153603,0,LOW,0,NONE,2026-09-28T13:38:04.683311+00:00
TXN-30A61AE152E9,CUST-FEE40DDC,ACC-DCF518CCD0,2267.27,CARD,US,0.410617,0,MEDIUM,1,VELOCITY_FRAUD,2026-09-28T13:38:04.737106+00:00
TXN-30A61AE152E9,CUST-FEE40DDC,ACC-DCF518CCD0,2267.27,CARD,US,0.410617,0,MEDIUM,1,VELOCITY_FRAUD,2026-09-28T13:38:04.737305+00:00
TXN-3F634B0A75DB,CUST-B43F8E46,ACC-6749A89E5F,1788.52,CARD,US,0.087807,0,LOW,0,NONE,2026-09-28T13:38:04.782085+00:00
TXN-3F634B0A75DB,CUST-B43F8E46,ACC-6749A89E5F,1788.52,CARD,US,0.087807,0,LOW,0,NONE,2026-09-28T13:38:04.793519+00:00
TXN-33D1A63108E9,CUST-CAC4DDD1,ACC-23F0227521,1684.39,CARD,US,0.105265,0,LOW,0,NONE,2026-09-28T13:38:04.829929+00:00
TXN-33D1A63108E9,CUST-CAC4DDD1,ACC-23F0227521,1684.39,CARD,US,0.105265,0,LOW,0,NONE,2026-09-28T13:38:04.831677+00:00
TXN-CEEC9395E302,CUST-9BB22FC4,ACC-5FF13A806A,2455.76,MOBILE,US,0.192611,0,LOW,0,NONE,2026-09-28T13:38:04.887199+00:00
TXN-CEEC9395E302,CUST-9BB22FC4,ACC-5FF13A806A,2455.76,MOBILE,US,0.192611,0,LOW,0,NONE,2026-09-28T13:38:04.887242+00:00
TXN-93432F39D11F,CUST-DCAE751A,ACC-4BB1AAC7A6,1221.05,CARD,US,0.103418,0,LOW,0,NONE,2026-09-28T13:38:04.943935+00:00
TXN-93432F39D11F,CUST-DCAE751A,ACC-4BB1AAC7A6,1221.05,CARD,US,0.103418,0,LOW,0,NONE,2026-09-28T13:38:04.943908+00:00
TXN-756CA85D6269,CUST-04F285A0,ACC-1F93093AAD,1291.44,CARD,US,0.116298,0,LOW,0,NONE,2026-09-28T13:38:04.996576+00:00
TXN-756CA85D6269,CUST-04F285A0,ACC-1F93093AAD,1291.44,CARD,US,0.116298,0,LOW,0,NONE,2026-09-28T13:38:04.997050+00:00
TXN-7A9D61BDB3F8,CUST-EED46B33,ACC-0E7B5145F5,1090.76,CARD,US,0.132168,0,LOW,0,NONE,2026-09-28T14:20:19.006289+00:00
TXN-2C0AAE1C620B,CUST-A0971976,ACC-B83B1F4896,2110.19,ATM,US,0.17433,0,LOW,0,NONE,2026-09-28T14:20:19.006287+00:00
TXN-6607CF8A84E4,CUST-8D1B556F,ACC-6BB6F6B8D8,1747.61,CARD,US,0.114803,0,LOW,0,NONE,2026-09-28T14:20:19.032471+00:00
TXN-81AF5BAB2D4E,CUST-DB128F93,ACC-27ACA934EC,1676.02,ONLINE,US,0.143532,0,LOW,0,NONE,2026-09-28T14:20:19.041127+00:00
TXN-2C0AAE1C620B,CUST-A0971976,ACC-B83B1F4896,2110.19,ATM,US,0.17433,0,LOW,0,NONE,2026-09-28T14:20:19.056972+00:00
TXN-4EC964A083CD,CUST-2036786F,ACC-94781DD2A2,1538.38,ONLINE,US,0.167398,0,LOW,0,NONE,2026-09-28T14:20:19.067467+00:00
TXN-81AF5BAB2D4E,CUST-DB128F93,ACC-27ACA934EC,1676.02,ONLINE,US,0.143532,0,LOW,0,NONE,2026-09-28T14:20:19.078919+00:00
TXN-EE05E68A7916,CUST-F54358B9,ACC-380973E4F5,1235.33,ONLINE,US,0.122442,0,LOW,0,NONE,2026-09-28T14:20:19.095301+00:00
TXN-4EC964A083CD,CUST-2036786F,ACC-94781DD2A2,1538.38,ONLINE,US,0.167398,0,LOW,0,NONE,2026-09-28T14:20:19.102645+00:00
TXN-7A9D61BDB3F8,CUST-EED46B33,ACC-0E7B5145F5,1090.76,CARD,US,0.132168,0,LOW,0,NONE,2026-09-28T14:20:19.121915+00:00
TXN-EE05E68A7916,CUST-F54358B9,ACC-380973E4F5,1235.33,ONLINE,US,0.122442,0,LOW,0,NONE,2026-09-28T14:20:19.126182+00:00
TXN-6607CF8A84E4,CUST-8D1B556F,ACC-6BB6F6B8D8,1747.61,CARD,US,0.114803,0,LOW,0,NONE,2026-09-28T14:20:19.149402+00:00
TXN-8D9A024CD431,CUST-9C9EDA6C,ACC-66CA815A85,2394.87,ONLINE,US,0.1389,0,LOW,0,NONE,2026-09-28T14:20:19.150664+00:00
TXN-6FA98A29A97F,CUST-EC894868,ACC-257E174BED,33.87,ONLINE,US,0.136528,0,LOW,0,NONE,2026-09-28T14:20:19.173627+00:00
TXN-8D9A024CD431,CUST-9C9EDA6C,ACC-66CA815A85,2394.87,ONLINE,US,0.1389,0,LOW,0,NONE,2026-09-28T14:20:19.175614+00:00
TXN-FEB6662959CE,CUST-C512B099,ACC-F2016B62C0,2093.42,CARD,US,0.171857,0,LOW,0,NONE,2026-09-28T14:20:19.197704+00:00
TXN-6FA98A29A97F,CUST-EC894868,ACC-257E174BED,33.87,ONLINE,US,0.136528,0,LOW,0,NONE,2026-09-28T14:20:19.201989+00:00
TXN-7FE421D82F2A,CUST-D50EA3DF,ACC-62FC129322,1709.69,MOBILE,US,0.118918,0,LOW,0,NONE,2026-09-28T14:20:19.220409+00:00
TXN-FEB6662959CE,CUST-C512B099,ACC-F2016B62C0,2093.42,CARD,US,0.171857,0,LOW,0,NONE,2026-09-28T14:20:19.224692+00:00
TXN-2010FE4C80A6,CUST-7A7C9120,ACC-FBE9096A34,1671.54,CARD,US,0.152053,0,LOW,0,NONE,2026-09-28T14:20:19.244444+00:00
TXN-7FE421D82F2A,CUST-D50EA3DF,ACC-62FC129322,1709.69,MOBILE,US,0.118918,0,LOW,0,NONE,2026-09-28T14:20:19.250125+00:00
TXN-AE3F6ED03D63,CUST-9CC9ED35,ACC-6B73B4B402,1893.98,CARD,US,0.168392,0,LOW,0,NONE,2026-09-28T14:20:19.269003+00:00
TXN-E8D0BB4B5FB1,CUST-4468CB9A,ACC-E43BA3BB62,1396.42,ONLINE,US,0.123877,0,LOW,0,NONE,2026-09-28T14:20:19.292891+00:00
TXN-2010FE4C80A6,CUST-7A7C9120,ACC-FBE9096A34,1671.54,CARD,US,0.152053,0,LOW,0,NONE,2026-09-28T14:20:19.308987+00:00
TXN-E44E749ED810,CUST-E5A753B5,ACC-68DE4FE123,1848.64,ATM,US,0.078454,0,LOW,0,NONE,2026-09-28T14:20:19.317024+00:00
TXN-AE3F6ED03D63,CUST-9CC9ED35,ACC-6B73B4B402,1893.98,CARD,US,0.168392,0,LOW,0,NONE,2026-09-28T14:20:19.339821+00:00
TXN-EA3C97BB5936,CUST-E5DC66DE,ACC-4F8C4D4CBB,183.6,ATM,US,0.117306,0,LOW,0,NONE,2026-09-28T14:20:19.340055+00:00
TXN-05457A22A385,CUST-3DFEF8A8,ACC-FC293CB526,1871.37,MOBILE,US,0.085429,0,LOW,0,NONE,2026-09-28T14:20:19.361880+00:00
TXN-E8D0BB4B5FB1,CUST-4468CB9A,ACC-E43BA3BB62,1396.42,ONLINE,US,0.123877,0,LOW,0,NONE,2026-09-28T14:20:19.367342+00:00
TXN-E50E1A71E0F7,CUST-C9C94AF9,ACC-2540C062A2,1774.61,ATM,US,0.096217,0,LOW,0,NONE,2026-09-28T14:20:19.383255+00:00
TXN-E44E749ED810,CUST-E5A753B5,ACC-68DE4FE123,1848.64,ATM,US,0.078454,0,LOW,0,NONE,2026-09-28T14:20:19.394568+00:00
TXN-D821C6B07CFB,CUST-D8E1C394,ACC-2193007408,500.89,CARD,US,0.100144,0,LOW,0,NONE,2026-09-28T14:20:19.418734+00:00
TXN-EA3C97BB5936,CUST-E5DC66DE,ACC-4F8C4D4CBB,183.6,ATM,US,0.117306,0,LOW,0,NONE,2026-09-28T14:20:19.422324+00:00
TXN-4ECED8EB0DFC,CUST-3C516463,ACC-1706E093A1,1797.26,ATM,US,0.130921,0,LOW,0,NONE,2026-09-28T14:20:19.442394+00:00
TXN-05457A22A385,CUST-3DFEF8A8,ACC-FC293CB526,1871.37,MOBILE,US,0.085429,0,LOW,0,NONE,2026-09-28T14:20:19.448633+00:00
TXN-E50E1A71E0F7,CUST-C9C94AF9,ACC-2540C062A2,1774.61,ATM,US,0.096217,0,LOW,0,NONE,2026-09-28T14:20:19.470859+00:00
TXN-D821C6B07CFB,CUST-D8E1C394,ACC-2193007408,500.89,CARD,US,0.100144,0,LOW,0,NONE,2026-09-28T14:20:19.496602+00:00
TXN-6D2820292340,CUST-E30E3C90,ACC-EAE14A9082,2369.59,ATM,US,0.122082,0,LOW,0,NONE,2026-09-28T14:20:19.502743+00:00
TXN-4ECED8EB0DFC,CUST-3C516463,ACC-1706E093A1,1797.26,ATM,US,0.130921,0,LOW,0,NONE,2026-09-28T14:20:19.523492+00:00
TXN-1F226432B75F,CUST-74C677AE,ACC-2CDB149B0B,347.51,ATM,US,0.121558,0,LOW,0,NONE,2026-09-28T14:20:19.545587+00:00
TXN-6D2820292340,CUST-E30E3C90,ACC-EAE14A9082,2369.59,ATM,US,0.122082,0,LOW,0,NONE,2026-09-28T14:20:19.550556+00:00
TXN-1F226432B75F,CUST-74C677AE,ACC-2CDB149B0B,347.51,ATM,US,0.121558,0,LOW,0,NONE,2026-09-28T14:20:19.573346+00:00
TXN-F20932BAC4AA,CUST-73CD1A35,ACC-DCC4162A81,1951.04,ONLINE,US,0.105494,0,LOW,0,NONE,2026-09-28T14:20:19.599234+00:00
TXN-F20932BAC4AA,CUST-73CD1A35,ACC-DCC4162A81,1951.04,ONLINE,US,0.105494,0,LOW,0,NONE,2026-09-28T14:20:19.601042+00:00
TXN-EAC83D07F2AE,CUST-994A6AD7,ACC-84453B46E3,2035.15,CARD,US,0.143649,0,LOW,0,NONE,2026-09-28T14:20:19.652630+00:00
TXN-EAC83D07F2AE,CUST-994A6AD7,ACC-84453B46E3,2035.15,CARD,US,0.143649,0,LOW,0,NONE,2026-09-28T14:20:19.654951+00:00
TXN-3270B2CCD100,CUST-32CCB661,ACC-2535DC0CE0,1412.99,MOBILE,US,0.141818,0,LOW,0,NONE,2026-09-28T14:20:19.710278+00:00
TXN-3270B2CCD100,CUST-32CCB661,ACC-2535DC0CE0,1412.99,MOBILE,US,0.141818,0,LOW,0,NONE,2026-09-28T14:20:19.710249+00:00
TXN-27104009719C,CUST-2B94D792,ACC-7A64FBCFD0,2490.1,CARD,US,0.138452,0,LOW,0,NONE,2026-09-28T14:20:19.764500+00:00
TXN-27104009719C,CUST-2B94D792,ACC-7A64FBCFD0,2490.1,CARD,US,0.138452,0,LOW,0,NONE,2026-09-28T14:20:19.764484+00:00
TXN-306CE1D15CF4,CUST-314A95E6,ACC-162288A69D,1748.59,ONLINE,US,0.080316,0,LOW,0,NONE,2026-09-28T14:20:19.820806+00:00
TXN-306CE1D15CF4,CUST-314A95E6,ACC-162288A69D,1748.59,ONLINE,US,0.080316,0,LOW,0,NONE,2026-09-28T14:20:19.821907+00:00
TXN-DCC431ABBAA7,CUST-4FC986C9,ACC-D3A68275DA,811.66,ONLINE,US,0.151029,0,LOW,0,NONE,2026-09-28T14:20:19.875130+00:00
TXN-DCC431ABBAA7,CUST-4FC986C9,ACC-D3A68275DA,811.66,ONLINE,US,0.151029,0,LOW,0,NONE,2026-09-28T14:20:19.875306+00:00
TXN-C7A7D1368F2E,CUST-80839EB7,ACC-678CAC7B3E,218.75,ATM,US,0.131264,0,LOW,0,NONE,2026-09-28T14:20:19.929375+00:00
TXN-C7A7D1368F2E,CUST-80839EB7,ACC-678CAC7B3E,218.75,ATM,US,0.131264,0,LOW,0,NONE,2026-09-28T14:20:19.930723+00:00
TXN-51B61965153D,CUST-07CA1DEF,ACC-33F36B64EE,2301.51,ATM,US,0.460306,0,MEDIUM,1,VELOCITY_FRAUD,2026-09-28T14:20:19.986386+00:00
TXN-51B61965153D,CUST-07CA1DEF,ACC-33F36B64EE,2301.51,ATM,US,0.460306,0,MEDIUM,1,VELOCITY_FRAUD,2026-09-28T14:20:19.998452+00:00
TXN-F7A77D7DB4EC,CUST-EDE7AA4A,ACC-131E244177,582.88,ONLINE,US,0.203521,0,LOW,0,NONE,2026-09-28T14:20:20.040821+00:00
TXN-F7A77D7DB4EC,CUST-EDE7AA4A,ACC-131E244177,582.88,ONLINE,US,0.203521,0,LOW,0,NONE,2026-09-28T14:20:20.052755+00:00
TXN-938E29C581D6,CUST-74C677AE,ACC-2CDB149B0B,2340.46,ONLINE,US,0.162232,0,LOW,0,NONE,2026-09-28T14:20:20.089238+00:00
TXN-938E29C581D6,CUST-74C677AE,ACC-2CDB149B0B,2340.46,ONLINE,US,0.162232,0,LOW,0,NONE,2026-09-28T14:20:20.089250+00:00
TXN-71741DB9D276,CUST-911F4401,ACC-01CFBFD75C,1593.73,MOBILE,US,0.09934,0,LOW,0,NONE,2026-09-28T14:20:20.140378+00:00
TXN-71741DB9D276,CUST-911F4401,ACC-01CFBFD75C,1593.73,MOBILE,US,0.09934,0,LOW,0,NONE,2026-09-28T14:20:20.141016+00:00
TXN-387460D98A87,CUST-C5D51A4F,ACC-AFF7F2FCC5,656.88,CARD,US,0.11586,0,LOW,0,NONE,2026-09-28T14:20:20.201955+00:00
TXN-387460D98A87,CUST-C5D51A4F,ACC-AFF7F2FCC5,656.88,CARD,US,0.11586,0,LOW,0,NONE,2026-09-28T14:20:20.202222+00:00
TXN-2B2165625EB6,CUST-9DB58BD9,ACC-A3B66B17AF,307.31,MOBILE,US,0.145312,0,LOW,0,NONE,2026-09-28T14:20:20.243323+00:00
TXN-2B2165625EB6,CUST-9DB58BD9,ACC-A3B66B17AF,307.31,MOBILE,US,0.145312,0,LOW,0,NONE,2026-09-28T14:20:20.244922+00:00
TXN-6E87938097DA,CUST-E3FC58EE,ACC-AD3619475B,276.8,CARD,US,0.122271,0,LOW,0,NONE,2026-09-28T14:20:20.299386+00:00
TXN-6E87938097DA,CUST-E3FC58EE,ACC-AD3619475B,276.8,CARD,US,0.122271,0,LOW,0,NONE,2026-09-28T14:20:20.299707+00:00
TXN-C6EC32E31CB2,CUST-5C90698D,ACC-533D845850,1674.49,CARD,US,0.137378,0,LOW,0,NONE,2026-09-28T14:20:20.354256+00:00
TXN-C6EC32E31CB2,CUST-5C90698D,ACC-533D845850,1674.49,CARD,US,0.137378,0,LOW,0,NONE,2026-09-28T14:20:20.354439+00:00
TXN-AB32152905A6,CUST-8B1A8BBF,ACC-DC159FF23D,419.33,ONLINE,US,0.137956,0,LOW,0,NONE,2026-09-28T14:20:20.406207+00:00
TXN-AB32152905A6,CUST-8B1A8BBF,ACC-DC159FF23D,419.33,ONLINE,US,0.137956,0,LOW,0,NONE,2026-09-28T14:20:20.407751+00:00
TXN-DFF0284B6207,CUST-BD676F3F,ACC-4ADC4D9445,116.21,ONLINE,US,0.128268,0,LOW,0,NONE,2026-09-28T14:20:20.458660+00:00
TXN-DFF0284B6207,CUST-BD676F3F,ACC-4ADC4D9445,116.21,ONLINE,US,0.128268,0,LOW,0,NONE,2026-09-28T14:20:20.458660+00:00
TXN-8528B8DBD53A,CUST-FBCB10F1,ACC-4BDC4FEC1E,57.92,ONLINE,RO,0.99071,1,CRITICAL,1,GEOLOCATION_ANOMALY,2026-09-28T14:20:20.508285+00:00
TXN-8528B8DBD53A,CUST-FBCB10F1,ACC-4BDC4FEC1E,57.92,ONLINE,RO,0.99071,1,CRITICAL,1,GEOLOCATION_ANOMALY,2026-09-28T14:20:20.508281+00:00
TXN-F93D443C53DD,CUST-05C134B3,ACC-CDA59FAB94,1825.21,MOBILE,US,0.101535,0,LOW,0,NONE,2026-09-28T14:20:20.566476+00:00
TXN-F93D443C53DD,CUST-05C134B3,ACC-CDA59FAB94,1825.21,MOBILE,US,0.101535,0,LOW,0,NONE,2026-09-28T14:20:20.566964+00:00
TXN-AD34708D86EE,CUST-F3677C35,ACC-5EFC73DEF8,325.12,CARD,US,0.182311,0,LOW,0,NONE,2026-09-28T14:20:20.619374+00:00
TXN-AD34708D86EE,CUST-F3677C35,ACC-5EFC73DEF8,325.12,CARD,US,0.182311,0,LOW,0,NONE,2026-09-28T14:20:20.621487+00:00
TXN-042BF10D5B0C,CUST-51029931,ACC-FD09618700,2238.94,CARD,US,0.176064,0,LOW,0,NONE,2026-09-28T14:20:20.673412+00:00
TXN-042BF10D5B0C,CUST-51029931,ACC-FD09618700,2238.94,CARD,US,0.176064,0,LOW,0,NONE,2026-09-28T14:20:20.673514+00:00
TXN-B12BDC612EF0,CUST-4272B7F9,ACC-7D539EAA83,2424.43,MOBILE,US,0.228697,0,LOW,0,NONE,2026-09-28T14:20:20.729146+00:00
TXN-B12BDC612EF0,CUST-4272B7F9,ACC-7D539EAA83,2424.43,MOBILE,US,0.228697,0,LOW,0,NONE,2026-09-28T14:20:20.729795+00:00
TXN-8CA0D0718A82,CUST-835C2A19,ACC-B3012BD0B8,1359.45,MOBILE,US,0.117978,0,LOW,0,NONE,2026-09-28T14:20:20.783842+00:00
TXN-8CA0D0718A82,CUST-835C2A19,ACC-B3012BD0B8,1359.45,MOBILE,US,0.117978,0,LOW,0,NONE,2026-09-28T14:20:20.784243+00:00
TXN-A039B16F6D94,CUST-E6AED8E7,ACC-22F41D7DFC,179.55,ATM,US,0.119204,0,LOW,0,NONE,2026-09-28T14:20:20.839664+00:00
TXN-A039B16F6D94,CUST-E6AED8E7,ACC-22F41D7DFC,179.55,ATM,US,0.119204,0,LOW,0,NONE,2026-09-28T14:20:20.841665+00:00
TXN-65C13501215E,CUST-1082BEBE,ACC-1DB4C3D4EE,2266.87,ATM,US,0.162099,0,LOW,0,NONE,2026-09-28T14:20:20.892455+00:00
TXN-65C13501215E,CUST-1082BEBE,ACC-1DB4C3D4EE,2266.87,ATM,US,0.162099,0,LOW,0,NONE,2026-09-28T14:20:20.894318+00:00
TXN-4FE138E4D8DB,CUST-18DED113,ACC-41A2B724E3,2066.72,ONLINE,US,0.08925,0,LOW,0,NONE,2026-09-28T14:20:20.948214+00:00
TXN-4FE138E4D8DB,CUST-18DED113,ACC-41A2B724E3,2066.72,ONLINE,US,0.08925,0,LOW,0,NONE,2026-09-28T14:20:20.948701+00:00
TXN-D1700D8D506D,CUST-F4BEC821,ACC-9615055F38,393.58,ONLINE,US,0.13911,0,LOW,0,NONE,2026-09-28T14:20:21.003589+00:00
TXN-D1700D8D506D,CUST-F4BEC821,ACC-9615055F38,393.58,ONLINE,US,0.13911,0,LOW,0,NONE,2026-09-28T14:20:21.005144+00:00
TXN-641C5B03E5F5,CUST-60F8EB9C,ACC-95CAD37A71,1310.0,ATM,US,0.127324,0,LOW,0,NONE,2026-09-28T14:20:21.057552+00:00
TXN-641C5B03E5F5,CUST-60F8EB9C,ACC-95CAD37A71,1310.0,ATM,US,0.127324,0,LOW,0,NONE,2026-09-28T14:20:21.058453+00:00
TXN-9764BACFBE6D,CUST-F98A8AD4,ACC-FDCB5683B1,1907.47,ATM,US,0.119618,0,LOW,0,NONE,2026-09-28T14:20:21.112794+00:00
TXN-9764BACFBE6D,CUST-F98A8AD4,ACC-FDCB5683B1,1907.47,ATM,US,0.119618,0,LOW,0,NONE,2026-09-28T14:20:21.113579+00:00
TXN-CBFBE5F5177D,CUST-3179A0E8,ACC-D59D1F1EB8,12095.99,MOBILE,US,1.0,1,CRITICAL,1,HIGH_VALUE_FRAUD,2026-09-28T14:20:21.163510+00:00
TXN-CBFBE5F5177D,CUST-3179A0E8,ACC-D59D1F1EB8,12095.99,MOBILE,US,1.0,1,CRITICAL,1,HIGH_VALUE_FRAUD,2026-09-28T14:20:21.175725+00:00
TXN-14593EF7BE8A,CUST-F1A2F478,ACC-AC7961A365,185.97,CARD,US,0.120855,0,LOW,0,NONE,2026-09-28T14:20:21.231410+00:00
TXN-14593EF7BE8A,CUST-F1A2F478,ACC-AC7961A365,185.97,CARD,US,0.120855,0,LOW,0,NONE,2026-09-28T14:20:21.231437+00:00
TXN-8C0AE1157CFC,CUST-FE7CF40C,ACC-FE504EC8D5,1513.79,MOBILE,US,0.12966,0,LOW,0,NONE,2026-09-28T14:20:21.272713+00:00
TXN-8C0AE1157CFC,CUST-FE7CF40C,ACC-FE504EC8D5,1513.79,MOBILE,US,0.12966,0,LOW,0,NONE,2026-09-28T14:20:21.272840+00:00
TXN-6A35B8B25304,CUST-45BB39B7,ACC-A8F8B235B5,693.99,ATM,US,0.114342,0,LOW,0,NONE,2026-09-28T14:20:21.326154+00:00
TXN-6A35B8B25304,CUST-45BB39B7,ACC-A8F8B235B5,693.99,ATM,US,0.114342,0,LOW,0,NONE,2026-09-28T14:20:21.337920+00:00
TXN-1F71C34AC8E7,CUST-C2590469,ACC-1AC56FD1AA,2286.1,CARD,US,0.234995,0,LOW,0,NONE,2026-09-28T14:20:21.381188+00:00
TXN-1F71C34AC8E7,CUST-C2590469,ACC-1AC56FD1AA,2286.1,CARD,US,0.234995,0,LOW,0,NONE,2026-09-28T14:20:21.392741+00:00
TXN-55E3F40A8269,CUST-1E5AE413,ACC-D5C19F2D5F,2376.38,MOBILE,US,0.171195,0,LOW,0,NONE,2026-09-28T14:20:21.431917+00:00
TXN-55E3F40A8269,CUST-1E5AE413,ACC-D5C19F2D5F,2376.38,MOBILE,US,0.171195,0,LOW,0,NONE,2026-09-28T14:20:21.431987+00:00
TXN-2E244C8F476F,CUST-204B30BD,ACC-0011E219C4,2334.2,ATM,US,0.18271,0,LOW,0,NONE,2026-09-28T14:20:21.488019+00:00
TXN-2E244C8F476F,CUST-204B30BD,ACC-0011E219C4,2334.2,ATM,US,0.18271,0,LOW,0,NONE,2026-09-28T14:20:21.499664+00:00
TXN-727DC0387403,CUST-23D705E4,ACC-EC5121D788,2099.37,MOBILE,US,0.136715,0,LOW,0,NONE,2026-09-28T14:20:21.538995+00:00
TXN-727DC0387403,CUST-23D705E4,ACC-EC5121D788,2099.37,MOBILE,US,0.136715,0,LOW,0,NONE,2026-09-28T14:20:21.539620+00:00
TXN-761721534D71,CUST-32D705D5,ACC-AAB0C76043,1561.22,ONLINE,US,0.120953,0,LOW,0,NONE,2026-09-28T14:20:21.592408+00:00
TXN-761721534D71,CUST-32D705D5,ACC-AAB0C76043,1561.22,ONLINE,US,0.120953,0,LOW,0,NONE,2026-09-28T14:20:21.605312+00:00
TXN-E5A19B3E9B41,CUST-E2B57ECD,ACC-565AEEA567,1982.62,MOBILE,US,0.088367,0,LOW,0,NONE,2026-09-28T14:20:21.648299+00:00
TXN-E5A19B3E9B41,CUST-E2B57ECD,ACC-565AEEA567,1982.62,MOBILE,US,0.088367,0,LOW,0,NONE,2026-09-28T14:20:21.649141+00:00
TXN-5E9679F4FBF7,CUST-263D656C,ACC-939378DB9E,563.18,CARD,US,0.110234,0,LOW,0,NONE,2026-09-28T14:20:21.704353+00:00
TXN-5E9679F4FBF7,CUST-263D656C,ACC-939378DB9E,563.18,CARD,US,0.110234,0,LOW,0,NONE,2026-09-28T14:20:21.715906+00:00
TXN-1DF0F5749D0D,CUST-FCBFC9B4,ACC-FC8B20FDC1,1828.97,MOBILE,US,0.091088,0,LOW,0,NONE,2026-09-28T14:20:21.753286+00:00
TXN-1DF0F5749D0D,CUST-FCBFC9B4,ACC-FC8B20FDC1,1828.97,MOBILE,US,0.091088,0,LOW,0,NONE,2026-09-28T14:20:21.753426+00:00
TXN-D2302571E442,CUST-E5A753B5,ACC-86E7CE94B0,1220.47,CARD,US,0.092193,0,LOW,0,NONE,2026-09-28T14:20:21.810025+00:00
TXN-D2302571E442,CUST-E5A753B5,ACC-86E7CE94B0,1220.47,CARD,US,0.092193,0,LOW,0,NONE,2026-09-28T14:20:21.810490+00:00
TXN-4C6A974DC434,CUST-CF4B085B,ACC-1B0E0A3E94,2161.09,CARD,US,0.144033,0,LOW,0,NONE,2026-09-28T14:20:21.864173+00:00
TXN-4C6A974DC434,CUST-CF4B085B,ACC-1B0E0A3E94,2161.09,CARD,US,0.144033,0,LOW,0,NONE,2026-09-28T14:20:21.864218+00:00
TXN-9DBA05B0FDBC,CUST-516D2DDD,ACC-A90B2547DF,1328.16,MOBILE,US,0.102084,0,LOW,0,NONE,2026-09-28T14:20:21.914904+00:00
TXN-9DBA05B0FDBC,CUST-516D2DDD,ACC-A90B2547DF,1328.16,MOBILE,US,0.102084,0,LOW,0,NONE,2026-09-28T14:20:21.916165+00:00
TXN-5EC9560E8D1D,CUST-4F3FDB09,ACC-A9ADD56248,186.14,MOBILE,US,0.103167,0,LOW,0,NONE,2026-09-28T14:20:21.971183+00:00
TXN-5EC9560E8D1D,CUST-4F3FDB09,ACC-A9ADD56248,186.14,MOBILE,US,0.103167,0,LOW,0,NONE,2026-09-28T14:20:21.983326+00:00
TXN-01D9FA222F9A,CUST-45BD0333,ACC-78DB803FC5,1182.15,MOBILE,US,0.134913,0,LOW,0,NONE,2026-09-28T14:20:22.026048+00:00
TXN-01D9FA222F9A,CUST-45BD0333,ACC-78DB803FC5,1182.15,MOBILE,US,0.134913,0,LOW,0,NONE,2026-09-28T14:20:22.026266+00:00
TXN-C364AC7CAF34,CUST-A7BBA380,ACC-5FF102FA7F,1579.23,ONLINE,US,0.140695,0,LOW,0,NONE,2026-09-28T14:20:22.081430+00:00
TXN-C364AC7CAF34,CUST-A7BBA380,ACC-5FF102FA7F,1579.23,ONLINE,US,0.140695,0,LOW,0,NONE,2026-09-28T14:20:22.094143+00:00
TXN-59E05C275DAA,CUST-6F54AE66,ACC-9E81E14B4C,910.13,CARD,US,0.167953,0,LOW,0,NONE,2026-09-28T14:20:22.136964+00:00
TXN-59E05C275DAA,CUST-6F54AE66,ACC-9E81E14B4C,910.13,CARD,US,0.167953,0,LOW,0,NONE,2026-09-28T14:20:22.137146+00:00
TXN-A8EEC579BEDB,CUST-DBF132C6,ACC-2B0C34272C,1751.97,MOBILE,US,0.100072,0,LOW,0,NONE,2026-09-28T14:20:22.208204+00:00
TXN-A8EEC579BEDB,CUST-DBF132C6,ACC-2B0C34272C,1751.97,MOBILE,US,0.100072,0,LOW,0,NONE,2026-09-28T14:20:22.208257+00:00
TXN-B877DA13ECDC,CUST-02BD1971,ACC-E230F2B2D1,993.03,MOBILE,US,0.124117,0,LOW,0,NONE,2026-09-28T14:20:22.246571+00:00
TXN-B877DA13ECDC,CUST-02BD1971,ACC-E230F2B2D1,993.03,MOBILE,US,0.124117,0,LOW,0,NONE,2026-09-28T14:20:22.246571+00:00
TXN-987E329B35F5,CUST-ECE22CF8,ACC-33C6E98A1E,491.64,ATM,US,0.141848,0,LOW,0,NONE,2026-09-28T14:20:22.302518+00:00
TXN-987E329B35F5,CUST-ECE22CF8,ACC-33C6E98A1E,491.64,ATM,US,0.141848,0,LOW,0,NONE,2026-09-28T14:20:22.302495+00:00
TXN-6DCCDAF459D0,CUST-DB6E8F93,ACC-132F91E549,2205.1,ONLINE,US,0.135462,0,LOW,0,NONE,2026-09-28T14:20:22.355756+00:00
TXN-6DCCDAF459D0,CUST-DB6E8F93,ACC-132F91E549,2205.1,ONLINE,US,0.135462,0,LOW,0,NONE,2026-09-28T14:20:22.355908+00:00
TXN-9096C1B63010,CUST-DCB6C5A4,ACC-DB775910FD,1375.91,ATM,US,0.133773,0,LOW,0,NONE,2026-09-28T14:20:22.412652+00:00
TXN-9096C1B63010,CUST-DCB6C5A4,ACC-DB775910FD,1375.91,ATM,US,0.133773,0,LOW,0,NONE,2026-09-28T14:20:22.413381+00:00
TXN-A76A0A80D26F,CUST-589A2A78,ACC-B3F45D79AD,1805.45,MOBILE,US,0.125377,0,LOW,0,NONE,2026-09-28T14:20:22.467354+00:00
TXN-A76A0A80D26F,CUST-589A2A78,ACC-B3F45D79AD,1805.45,MOBILE,US,0.125377,0,LOW,0,NONE,2026-09-28T14:20:22.468725+00:00
TXN-9FCEEA6385FB,CUST-A2A995FD,ACC-D6E1014370,1311.86,CARD,US,0.125853,0,LOW,0,NONE,2026-09-28T14:20:22.518779+00:00
TXN-9FCEEA6385FB,CUST-A2A995FD,ACC-D6E1014370,1311.86,CARD,US,0.125853,0,LOW,0,NONE,2026-09-28T14:20:22.520373+00:00
TXN-A72FF80F31CA,CUST-49D196D6,ACC-56B636CADF,2059.51,ATM,US,0.140464,0,LOW,0,NONE,2026-09-28T14:20:22.574697+00:00
TXN-A72FF80F31CA,CUST-49D196D6,ACC-56B636CADF,2059.51,ATM,US,0.140464,0,LOW,0,NONE,2026-09-28T14:20:22.586781+00:00
TXN-25BE129492E4,CUST-30ED4DF9,ACC-4F4D43B5C4,726.0,CARD,US,0.123329,0,LOW,0,NONE,2026-09-28T14:20:22.626269+00:00
TXN-25BE129492E4,CUST-30ED4DF9,ACC-4F4D43B5C4,726.0,CARD,US,0.123329,0,LOW,0,NONE,2026-09-28T14:20:22.634771+00:00
TXN-E8038BE1CAE5,CUST-23BC0459,ACC-1BDD381D38,2121.75,MOBILE,US,0.154457,0,LOW,0,NONE,2026-09-28T14:20:22.675229+00:00
TXN-E8038BE1CAE5,CUST-23BC0459,ACC-1BDD381D38,2121.75,MOBILE,US,0.154457,0,LOW,0,NONE,2026-09-28T14:20:22.676963+00:00
TXN-EC7AE6CC4C39,CUST-D1CE00B3,ACC-FBC6BE9058,748.75,ONLINE,US,0.181543,0,LOW,0,NONE,2026-09-28T14:20:22.730049+00:00
TXN-EC7AE6CC4C39,CUST-D1CE00B3,ACC-FBC6BE9058,748.75,ONLINE,US,0.181543,0,LOW,0,NONE,2026-09-28T14:20:22.740686+00:00
TXN-BDC7EEB0411E,CUST-8D460C5D,ACC-D711B11B06,1271.89,CARD,US,0.173398,0,LOW,0,NONE,2026-09-28T14:20:22.796207+00:00
TXN-BDC7EEB0411E,CUST-8D460C5D,ACC-D711B11B06,1271.89,CARD,US,0.173398,0,LOW,0,NONE,2026-09-28T14:20:22.796220+00:00
TXN-AF9C8188B186,CUST-88410A30,ACC-444A7187FC,395.68,CARD,US,0.11332,0,LOW,0,NONE,2026-09-28T14:20:22.838746+00:00
TXN-AF9C8188B186,CUST-88410A30,ACC-444A7187FC,395.68,CARD,US,0.11332,0,LOW,0,NONE,2026-09-28T14:20:22.848571+00:00
TXN-F3B04C0D361F,CUST-8CF80A0C,ACC-DB4717F1AF,905.54,ONLINE,US,0.14294,0,LOW,0,NONE,2026-09-28T14:20:22.894050+00:00
TXN-F3B04C0D361F,CUST-8CF80A0C,ACC-DB4717F1AF,905.54,ONLINE,US,0.14294,0,LOW,0,NONE,2026-09-28T14:20:22.906342+00:00
TXN-4DDC67BE0861,CUST-F92C4CAA,ACC-FA7CBF3DA3,611.5,ONLINE,US,0.121714,0,LOW,0,NONE,2026-09-28T14:20:22.946533+00:00
TXN-4DDC67BE0861,CUST-F92C4CAA,ACC-FA7CBF3DA3,611.5,ONLINE,US,0.121714,0,LOW,0,NONE,2026-09-28T14:20:22.955504+00:00
TXN-8B80607C329F,CUST-18DED113,ACC-41A2B724E3,2339.77,MOBILE,US,0.184177,0,LOW,0,NONE,2026-09-28T14:20:23.002480+00:00
TXN-8B80607C329F,CUST-18DED113,ACC-41A2B724E3,2339.77,MOBILE,US,0.184177,0,LOW,0,NONE,2026-09-28T14:20:23.014739+00:00
TXN-30BCB918EF81,CUST-E5DC66DE,ACC-DD94B44145,299.98,ATM,US,0.120343,0,LOW,0,NONE,2026-09-28T14:20:23.053917+00:00
TXN-30BCB918EF81,CUST-E5DC66DE,ACC-DD94B44145,299.98,ATM,US,0.120343,0,LOW,0,NONE,2026-09-28T14:20:23.064891+00:00
TXN-AAC950CF59C5,CUST-57EE0CB3,ACC-233E8C0E66,2498.89,MOBILE,US,0.193945,0,LOW,0,NONE,2026-09-28T14:20:23.109885+00:00
TXN-AAC950CF59C5,CUST-57EE0CB3,ACC-233E8C0E66,2498.89,MOBILE,US,0.193945,0,LOW,0,NONE,2026-09-28T14:20:23.120512+00:00
TXN-189FD6164891,CUST-B098667D,ACC-320130992F,2106.49,ATM,US,0.14343,0,LOW,0,NONE,2026-09-28T14:20:23.159642+00:00
TXN-189FD6164891,CUST-B098667D,ACC-320130992F,2106.49,ATM,US,0.14343,0,LOW,0,NONE,2026-09-28T14:20:23.160036+00:00
TXN-4161CBDA2B40,CUST-1340B25A,ACC-F0BC04EABE,691.31,CARD,US,0.102392,0,LOW,0,NONE,2026-09-28T14:20:23.215749+00:00
TXN-4161CBDA2B40,CUST-1340B25A,ACC-F0BC04EABE,691.31,CARD,US,0.102392,0,LOW,0,NONE,2026-09-28T14:20:23.216520+00:00
TXN-6DE5D7F8DFD5,CUST-0F2AE798,ACC-E4A0F3DABB,2468.48,CARD,US,0.173517,0,LOW,0,NONE,2026-09-28T14:20:23.267795+00:00
TXN-6DE5D7F8DFD5,CUST-0F2AE798,ACC-E4A0F3DABB,2468.48,CARD,US,0.173517,0,LOW,0,NONE,2026-09-28T14:20:23.269138+00:00
TXN-18490C0B7838,CUST-F4BEC821,ACC-9615055F38,1085.04,ONLINE,US,0.128217,0,LOW,0,NONE,2026-09-28T14:20:23.323179+00:00
TXN-18490C0B7838,CUST-F4BEC821,ACC-9615055F38,1085.04,ONLINE,US,0.128217,0,LOW,0,NONE,2026-09-28T14:20:23.335917+00:00
TXN-A95EF250B91F,CUST-911F4401,ACC-8DFEE4E4EA,1346.87,ONLINE,US,0.141989,0,LOW,0,NONE,2026-09-28T14:20:23.378321+00:00
TXN-A95EF250B91F,CUST-911F4401,ACC-8DFEE4E4EA,1346.87,ONLINE,US,0.141989,0,LOW,0,NONE,2026-09-28T14:20:23.378723+00:00
TXN-A45059E46B77,CUST-F926DC90,ACC-5ABE96139F,83.16,ONLINE,US,0.147584,0,LOW,0,NONE,2026-09-28T14:20:23.432526+00:00
TXN-A45059E46B77,CUST-F926DC90,ACC-5ABE96139F,83.16,ONLINE,US,0.147584,0,LOW,0,NONE,2026-09-28T14:20:23.432853+00:00
TXN-652EAADC24FD,CUST-BE3C8681,ACC-C5AEFFC668,1095.27,ONLINE,US,0.153603,0,LOW,0,NONE,2026-09-28T14:20:23.486353+00:00
TXN-652EAADC24FD,CUST-BE3C8681,ACC-C5AEFFC668,1095.27,ONLINE,US,0.153603,0,LOW,0,NONE,2026-09-28T14:20:23.497781+00:00
TXN-30A61AE152E9,CUST-FEE40DDC,ACC-DCF518CCD0,2267.27,CARD,US,0.410617,0,MEDIUM,1,VELOCITY_FRAUD,2026-09-28T14:20:23.540135+00:00
TXN-30A61AE152E9,CUST-FEE40DDC,ACC-DCF518CCD0,2267.27,CARD,US,0.410617,0,MEDIUM,1,VELOCITY_FRAUD,2026-09-28T14:20:23.540261+00:00
TXN-3F634B0A75DB,CUST-B43F8E46,ACC-6749A89E5F,1788.52,CARD,US,0.087807,0,LOW,0,NONE,2026-09-28T14:20:23.597174+00:00
TXN-3F634B0A75DB,CUST-B43F8E46,ACC-6749A89E5F,1788.52,CARD,US,0.087807,0,LOW,0,NONE,2026-09-28T14:20:23.597147+00:00
TXN-33D1A63108E9,CUST-CAC4DDD1,ACC-23F0227521,1684.39,CARD,US,0.105265,0,LOW,0,NONE,2026-09-28T14:20:23.651331+00:00
TXN-33D1A63108E9,CUST-CAC4DDD1,ACC-23F0227521,1684.39,CARD,US,0.105265,0,LOW,0,NONE,2026-09-28T14:20:23.651414+00:00
TXN-CEEC9395E302,CUST-9BB22FC4,ACC-5FF13A806A,2455.76,MOBILE,US,0.192611,0,LOW,0,NONE,2026-09-28T14:20:23.706852+00:00
TXN-CEEC9395E302,CUST-9BB22FC4,ACC-5FF13A806A,2455.76,MOBILE,US,0.192611,0,LOW,0,NONE,2026-09-28T14:20:23.719040+00:00
TXN-93432F39D11F,CUST-DCAE751A,ACC-4BB1AAC7A6,1221.05,CARD,US,0.103418,0,LOW,0,NONE,2026-09-28T14:20:23.756679+00:00
TXN-93432F39D11F,CUST-DCAE751A,ACC-4BB1AAC7A6,1221.05,CARD,US,0.103418,0,LOW,0,NONE,2026-09-28T14:20:23.758000+00:00
TXN-756CA85D6269,CUST-04F285A0,ACC-1F93093AAD,1291.44,CARD,US,0.116298,0,LOW,0,NONE,2026-09-28T14:20:23.808329+00:00
TXN-756CA85D6269,CUST-04F285A0,ACC-1F93093AAD,1291.44,CARD,US,0.116298,0,LOW,0,NONE,2026-09-28T14:20:23.809613+00:00
TXN-2C0AAE1C620B,CUST-A0971976,ACC-B83B1F4896,2110.19,ATM,US,0.17433,0,LOW,0,NONE,2026-09-28T14:29:20.855309+00:00
TXN-81AF5BAB2D4E,CUST-DB128F93,ACC-27ACA934EC,1676.02,ONLINE,US,0.143532,0,LOW,0,NONE,2026-09-28T14:29:20.904993+00:00
TXN-4EC964A083CD,CUST-2036786F,ACC-94781DD2A2,1538.38,ONLINE,US,0.167398,0,LOW,0,NONE,2026-09-28T14:29:20.944039+00:00
TXN-EE05E68A7916,CUST-F54358B9,ACC-380973E4F5,1235.33,ONLINE,US,0.122442,0,LOW,0,NONE,2026-09-28T14:29:20.983906+00:00
TXN-05457A22A385,CUST-3DFEF8A8,ACC-FC293CB526,1871.37,MOBILE,US,0.085429,0,LOW,0,NONE,2026-09-28T14:29:21.024859+00:00
TXN-6D2820292340,CUST-E30E3C90,ACC-EAE14A9082,2369.59,ATM,US,0.122082,0,LOW,0,NONE,2026-09-28T14:29:21.060378+00:00
TXN-F20932BAC4AA,CUST-73CD1A35,ACC-DCC4162A81,1951.04,ONLINE,US,0.105494,0,LOW,0,NONE,2026-09-28T14:29:21.098088+00:00
TXN-F7A77D7DB4EC,CUST-EDE7AA4A,ACC-131E244177,582.88,ONLINE,US,0.203521,0,LOW,0,NONE,2026-09-28T14:29:21.129638+00:00
TXN-71741DB9D276,CUST-911F4401,ACC-01CFBFD75C,1593.73,MOBILE,US,0.09934,0,LOW,0,NONE,2026-09-28T14:29:21.162337+00:00
TXN-387460D98A87,CUST-C5D51A4F,ACC-AFF7F2FCC5,656.88,CARD,US,0.11586,0,LOW,0,NONE,2026-09-28T14:29:21.194137+00:00
TXN-2B2165625EB6,CUST-9DB58BD9,ACC-A3B66B17AF,307.31,MOBILE,US,0.145312,0,LOW,0,NONE,2026-09-28T14:29:21.232377+00:00
TXN-6E87938097DA,CUST-E3FC58EE,ACC-AD3619475B,276.8,CARD,US,0.122271,0,LOW,0,NONE,2026-09-28T14:29:21.266448+00:00
TXN-AB32152905A6,CUST-8B1A8BBF,ACC-DC159FF23D,419.33,ONLINE,US,0.137956,0,LOW,0,NONE,2026-09-28T14:29:21.301133+00:00
TXN-A039B16F6D94,CUST-E6AED8E7,ACC-22F41D7DFC,179.55,ATM,US,0.119204,0,LOW,0,NONE,2026-09-28T14:29:21.336793+00:00
TXN-65C13501215E,CUST-1082BEBE,ACC-1DB4C3D4EE,2266.87,ATM,US,0.162099,0,LOW,0,NONE,2026-09-28T14:29:21.373445+00:00
TXN-D1700D8D506D,CUST-F4BEC821,ACC-9615055F38,393.58,ONLINE,US,0.13911,0,LOW,0,NONE,2026-09-28T14:29:21.411138+00:00
TXN-CBFBE5F5177D,CUST-3179A0E8,ACC-D59D1F1EB8,12095.99,MOBILE,US,1.0,1,CRITICAL,1,HIGH_VALUE_FRAUD,2026-09-28T14:29:21.448940+00:00
TXN-55E3F40A8269,CUST-1E5AE413,ACC-D5C19F2D5F,2376.38,MOBILE,US,0.171195,0,LOW,0,NONE,2026-09-28T14:29:21.486762+00:00
TXN-727DC0387403,CUST-23D705E4,ACC-EC5121D788,2099.37,MOBILE,US,0.136715,0,LOW,0,NONE,2026-09-28T14:29:21.522711+00:00
TXN-761721534D71,CUST-32D705D5,ACC-AAB0C76043,1561.22,ONLINE,US,0.120953,0,LOW,0,NONE,2026-09-28T14:29:21.559977+00:00
TXN-4C6A974DC434,CUST-CF4B085B,ACC-1B0E0A3E94,2161.09,CARD,US,0.144033,0,LOW,0,NONE,2026-09-28T14:29:21.608724+00:00
TXN-C364AC7CAF34,CUST-A7BBA380,ACC-5FF102FA7F,1579.23,ONLINE,US,0.140695,0,LOW,0,NONE,2026-09-28T14:29:21.646225+00:00
TXN-59E05C275DAA,CUST-6F54AE66,ACC-9E81E14B4C,910.13,CARD,US,0.167953,0,LOW,0,NONE,2026-09-28T14:29:21.683297+00:00
TXN-A8EEC579BEDB,CUST-DBF132C6,ACC-2B0C34272C,1751.97,MOBILE,US,0.100072,0,LOW,0,NONE,2026-09-28T14:29:21.720134+00:00
TXN-987E329B35F5,CUST-ECE22CF8,ACC-33C6E98A1E,491.64,ATM,US,0.141848,0,LOW,0,NONE,2026-09-28T14:29:21.757542+00:00
TXN-9096C1B63010,CUST-DCB6C5A4,ACC-DB775910FD,1375.91,ATM,US,0.133773,0,LOW,0,NONE,2026-09-28T14:29:21.796355+00:00
TXN-25BE129492E4,CUST-30ED4DF9,ACC-4F4D43B5C4,726.0,CARD,US,0.123329,0,LOW,0,NONE,2026-09-28T14:29:21.835547+00:00
TXN-AF9C8188B186,CUST-88410A30,ACC-444A7187FC,395.68,CARD,US,0.11332,0,LOW,0,NONE,2026-09-28T14:29:21.875192+00:00
TXN-18490C0B7838,CUST-F4BEC821,ACC-9615055F38,1085.04,ONLINE,US,0.128217,0,LOW,0,NONE,2026-09-28T14:29:21.914560+00:00
TXN-A45059E46B77,CUST-F926DC90,ACC-5ABE96139F,83.16,ONLINE,US,0.147584,0,LOW,0,NONE,2026-09-28T14:29:21.953402+00:00
TXN-30A61AE152E9,CUST-FEE40DDC,ACC-DCF518CCD0,2267.27,CARD,US,0.410617,1,MEDIUM,1,VELOCITY_FRAUD,2026-09-28T14:29:21.993273+00:00
TXN-3F634B0A75DB,CUST-B43F8E46,ACC-6749A89E5F,1788.52,CARD,US,0.087807,0,LOW,0,NONE,2026-09-28T14:29:22.031058+00:00
TXN-2C0AAE1C620B,CUST-A0971976,ACC-B83B1F4896,2110.19,ATM,US,0.17433,0,LOW,0,NONE,2026-09-28T14:29:22.070458+00:00
TXN-81AF5BAB2D4E,CUST-DB128F93,ACC-27ACA934EC,1676.02,ONLINE,US,0.143532,0,LOW,0,NONE,2026-09-28T14:29:22.109388+00:00
TXN-4EC964A083CD,CUST-2036786F,ACC-94781DD2A2,1538.38,ONLINE,US,0.167398,0,LOW,0,NONE,2026-09-28T14:29:22.146672+00:00
TXN-EE05E68A7916,CUST-F54358B9,ACC-380973E4F5,1235.33,ONLINE,US,0.122442,0,LOW,0,NONE,2026-09-28T14:29:22.181703+00:00
TXN-05457A22A385,CUST-3DFEF8A8,ACC-FC293CB526,1871.37,MOBILE,US,0.085429,0,LOW,0,NONE,2026-09-28T14:29:22.218671+00:00
TXN-6D2820292340,CUST-E30E3C90,ACC-EAE14A9082,2369.59,ATM,US,0.122082,0,LOW,0,NONE,2026-09-28T14:29:22.253532+00:00
TXN-F20932BAC4AA,CUST-73CD1A35,ACC-DCC4162A81,1951.04,ONLINE,US,0.105494,0,LOW,0,NONE,2026-09-28T14:29:22.291218+00:00
TXN-F7A77D7DB4EC,CUST-EDE7AA4A,ACC-131E244177,582.88,ONLINE,US,0.203521,0,LOW,0,NONE,2026-09-28T14:29:22.327882+00:00
TXN-71741DB9D276,CUST-911F4401,ACC-01CFBFD75C,1593.73,MOBILE,US,0.09934,0,LOW,0,NONE,2026-09-28T14:29:22.367694+00:00
TXN-387460D98A87,CUST-C5D51A4F,ACC-AFF7F2FCC5,656.88,CARD,US,0.11586,0,LOW,0,NONE,2026-09-28T14:29:22.404844+00:00
TXN-2B2165625EB6,CUST-9DB58BD9,ACC-A3B66B17AF,307.31,MOBILE,US,0.145312,0,LOW,0,NONE,2026-09-28T14:29:22.443990+00:00
TXN-6E87938097DA,CUST-E3FC58EE,ACC-AD3619475B,276.8,CARD,US,0.122271,0,LOW,0,NONE,2026-09-28T14:29:22.481425+00:00
TXN-AB32152905A6,CUST-8B1A8BBF,ACC-DC159FF23D,419.33,ONLINE,US,0.137956,0,LOW,0,NONE,2026-09-28T14:29:22.520688+00:00
TXN-A039B16F6D94,CUST-E6AED8E7,ACC-22F41D7DFC,179.55,ATM,US,0.119204,0,LOW,0,NONE,2026-09-28T14:29:22.559132+00:00
TXN-65C13501215E,CUST-1082BEBE,ACC-1DB4C3D4EE,2266.87,ATM,US,0.162099,0,LOW,0,NONE,2026-09-28T14:29:22.599593+00:00
TXN-D1700D8D506D,CUST-F4BEC821,ACC-9615055F38,393.58,ONLINE,US,0.13911,0,LOW,0,NONE,2026-09-28T14:29:22.643996+00:00
TXN-CBFBE5F5177D,CUST-3179A0E8,ACC-D59D1F1EB8,12095.99,MOBILE,US,1.0,1,CRITICAL,1,HIGH_VALUE_FRAUD,2026-09-28T14:29:22.679828+00:00
TXN-55E3F40A8269,CUST-1E5AE413,ACC-D5C19F2D5F,2376.38,MOBILE,US,0.171195,0,LOW,0,NONE,2026-09-28T14:29:22.708233+00:00
TXN-727DC0387403,CUST-23D705E4,ACC-EC5121D788,2099.37,MOBILE,US,0.136715,0,LOW,0,NONE,2026-09-28T14:29:22.739426+00:00
TXN-761721534D71,CUST-32D705D5,ACC-AAB0C76043,1561.22,ONLINE,US,0.120953,0,LOW,0,NONE,2026-09-28T14:29:22.772686+00:00
TXN-4C6A974DC434,CUST-CF4B085B,ACC-1B0E0A3E94,2161.09,CARD,US,0.144033,0,LOW,0,NONE,2026-09-28T14:29:22.804009+00:00
TXN-C364AC7CAF34,CUST-A7BBA380,ACC-5FF102FA7F,1579.23,ONLINE,US,0.140695,0,LOW,0,NONE,2026-09-28T14:29:22.836328+00:00
TXN-59E05C275DAA,CUST-6F54AE66,ACC-9E81E14B4C,910.13,CARD,US,0.167953,0,LOW,0,NONE,2026-09-28T14:29:22.865838+00:00
TXN-A8EEC579BEDB,CUST-DBF132C6,ACC-2B0C34272C,1751.97,MOBILE,US,0.100072,0,LOW,0,NONE,2026-09-28T14:29:22.896583+00:00
TXN-987E329B35F5,CUST-ECE22CF8,ACC-33C6E98A1E,491.64,ATM,US,0.141848,0,LOW,0,NONE,2026-09-28T14:29:22.931027+00:00
TXN-9096C1B63010,CUST-DCB6C5A4,ACC-DB775910FD,1375.91,ATM,US,0.133773,0,LOW,0,NONE,2026-09-28T14:29:22.968809+00:00
TXN-25BE129492E4,CUST-30ED4DF9,ACC-4F4D43B5C4,726.0,CARD,US,0.123329,0,LOW,0,NONE,2026-09-28T14:29:23.002556+00:00
TXN-AF9C8188B186,CUST-88410A30,ACC-444A7187FC,395.68,CARD,US,0.11332,0,LOW,0,NONE,2026-09-28T14:29:23.034227+00:00
TXN-18490C0B7838,CUST-F4BEC821,ACC-9615055F38,1085.04,ONLINE,US,0.128217,0,LOW,0,NONE,2026-09-28T14:29:23.064004+00:00
TXN-A45059E46B77,CUST-F926DC90,ACC-5ABE96139F,83.16,ONLINE,US,0.147584,0,LOW,0,NONE,2026-09-28T14:29:23.095496+00:00
TXN-30A61AE152E9,CUST-FEE40DDC,ACC-DCF518CCD0,2267.27,CARD,US,0.410617,1,MEDIUM,1,VELOCITY_FRAUD,2026-09-28T14:29:23.125049+00:00
TXN-3F634B0A75DB,CUST-B43F8E46,ACC-6749A89E5F,1788.52,CARD,US,0.087807,0,LOW,0,NONE,2026-09-28T14:29:23.156637+00:00
TXN-2C0AAE1C620B,CUST-A0971976,ACC-B83B1F4896,2110.19,ATM,US,0.17433,0,LOW,0,NONE,2026-09-28T14:29:23.186734+00:00
TXN-81AF5BAB2D4E,CUST-DB128F93,ACC-27ACA934EC,1676.02,ONLINE,US,0.143532,0,LOW,0,NONE,2026-09-28T14:29:23.223320+00:00
TXN-4EC964A083CD,CUST-2036786F,ACC-94781DD2A2,1538.38,ONLINE,US,0.167398,0,LOW,0,NONE,2026-09-28T14:29:23.255847+00:00
TXN-EE05E68A7916,CUST-F54358B9,ACC-380973E4F5,1235.33,ONLINE,US,0.122442,0,LOW,0,NONE,2026-09-28T14:29:23.289168+00:00
TXN-05457A22A385,CUST-3DFEF8A8,ACC-FC293CB526,1871.37,MOBILE,US,0.085429,0,LOW,0,NONE,2026-09-28T14:29:23.317522+00:00
TXN-6D2820292340,CUST-E30E3C90,ACC-EAE14A9082,2369.59,ATM,US,0.122082,0,LOW,0,NONE,2026-09-28T14:29:23.347987+00:00
TXN-F20932BAC4AA,CUST-73CD1A35,ACC-DCC4162A81,1951.04,ONLINE,US,0.105494,0,LOW,0,NONE,2026-09-28T14:29:23.381658+00:00
TXN-F7A77D7DB4EC,CUST-EDE7AA4A,ACC-131E244177,582.88,ONLINE,US,0.203521,0,LOW,0,NONE,2026-09-28T14:29:23.416181+00:00
TXN-71741DB9D276,CUST-911F4401,ACC-01CFBFD75C,1593.73,MOBILE,US,0.09934,0,LOW,0,NONE,2026-09-28T14:29:23.474828+00:00
TXN-387460D98A87,CUST-C5D51A4F,ACC-AFF7F2FCC5,656.88,CARD,US,0.11586,0,LOW,0,NONE,2026-09-28T14:29:23.527250+00:00
TXN-2B2165625EB6,CUST-9DB58BD9,ACC-A3B66B17AF,307.31,MOBILE,US,0.145312,0,LOW,0,NONE,2026-09-28T14:29:23.572916+00:00
TXN-6E87938097DA,CUST-E3FC58EE,ACC-AD3619475B,276.8,CARD,US,0.122271,0,LOW,0,NONE,2026-09-28T14:29:23.608207+00:00
TXN-AB32152905A6,CUST-8B1A8BBF,ACC-DC159FF23D,419.33,ONLINE,US,0.137956,0,LOW,0,NONE,2026-09-28T14:29:23.643413+00:00
TXN-A039B16F6D94,CUST-E6AED8E7,ACC-22F41D7DFC,179.55,ATM,US,0.119204,0,LOW,0,NONE,2026-09-28T14:29:23.683685+00:00
TXN-65C13501215E,CUST-1082BEBE,ACC-1DB4C3D4EE,2266.87,ATM,US,0.162099,0,LOW,0,NONE,2026-09-28T14:29:23.720540+00:00
TXN-D1700D8D506D,CUST-F4BEC821,ACC-9615055F38,393.58,ONLINE,US,0.13911,0,LOW,0,NONE,2026-09-28T14:29:23.758284+00:00
TXN-CBFBE5F5177D,CUST-3179A0E8,ACC-D59D1F1EB8,12095.99,MOBILE,US,1.0,1,CRITICAL,1,HIGH_VALUE_FRAUD,2026-09-28T14:29:23.795227+00:00
TXN-55E3F40A8269,CUST-1E5AE413,ACC-D5C19F2D5F,2376.38,MOBILE,US,0.171195,0,LOW,0,NONE,2026-09-28T14:29:23.832349+00:00
TXN-727DC0387403,CUST-23D705E4,ACC-EC5121D788,2099.37,MOBILE,US,0.136715,0,LOW,0,NONE,2026-09-28T14:29:23.872937+00:00
TXN-761721534D71,CUST-32D705D5,ACC-AAB0C76043,1561.22,ONLINE,US,0.120953,0,LOW,0,NONE,2026-09-28T14:29:23.913009+00:00
TXN-4C6A974DC434,CUST-CF4B085B,ACC-1B0E0A3E94,2161.09,CARD,US,0.144033,0,LOW,0,NONE,2026-09-28T14:29:23.953446+00:00
TXN-C364AC7CAF34,CUST-A7BBA380,ACC-5FF102FA7F,1579.23,ONLINE,US,0.140695,0,LOW,0,NONE,2026-09-28T14:29:23.989787+00:00
TXN-59E05C275DAA,CUST-6F54AE66,ACC-9E81E14B4C,910.13,CARD,US,0.167953,0,LOW,0,NONE,2026-09-28T14:29:24.025095+00:00
TXN-A8EEC579BEDB,CUST-DBF132C6,ACC-2B0C34272C,1751.97,MOBILE,US,0.100072,0,LOW,0,NONE,2026-09-28T14:29:24.062192+00:00
TXN-987E329B35F5,CUST-ECE22CF8,ACC-33C6E98A1E,491.64,ATM,US,0.141848,0,LOW,0,NONE,2026-09-28T14:29:24.100154+00:00
TXN-9096C1B63010,CUST-DCB6C5A4,ACC-DB775910FD,1375.91,ATM,US,0.133773,0,LOW,0,NONE,2026-09-28T14:29:24.137033+00:00
TXN-25BE129492E4,CUST-30ED4DF9,ACC-4F4D43B5C4,726.0,CARD,US,0.123329,0,LOW,0,NONE,2026-09-28T14:29:24.174540+00:00
TXN-AF9C8188B186,CUST-88410A30,ACC-444A7187FC,395.68,CARD,US,0.11332,0,LOW,0,NONE,2026-09-28T14:29:24.212548+00:00
TXN-18490C0B7838,CUST-F4BEC821,ACC-9615055F38,1085.04,ONLINE,US,0.128217,0,LOW,0,NONE,2026-09-28T14:29:24.249997+00:00
TXN-A45059E46B77,CUST-F926DC90,ACC-5ABE96139F,83.16,ONLINE,US,0.147584,0,LOW,0,NONE,2026-09-28T14:29:24.286727+00:00
TXN-30A61AE152E9,CUST-FEE40DDC,ACC-DCF518CCD0,2267.27,CARD,US,0.410617,1,MEDIUM,1,VELOCITY_FRAUD,2026-09-28T14:29:24.326218+00:00
TXN-3F634B0A75DB,CUST-B43F8E46,ACC-6749A89E5F,1788.52,CARD,US,0.087807,0,LOW,0,NONE,2026-09-28T14:29:24.359952+00:00
TXN-2C0AAE1C620B,CUST-A0971976,ACC-B83B1F4896,2110.19,ATM,US,0.17433,0,LOW,0,NONE,2026-09-28T14:29:24.397305+00:00
TXN-81AF5BAB2D4E,CUST-DB128F93,ACC-27ACA934EC,1676.02,ONLINE,US,0.143532,0,LOW,0,NONE,2026-09-28T14:29:24.434752+00:00
TXN-4EC964A083CD,CUST-2036786F,ACC-94781DD2A2,1538.38,ONLINE,US,0.167398,0,LOW,0,NONE,2026-09-28T14:29:24.493806+00:00
TXN-EE05E68A7916,CUST-F54358B9,ACC-380973E4F5,1235.33,ONLINE,US,0.122442,0,LOW,0,NONE,2026-09-28T14:29:24.531460+00:00
TXN-05457A22A385,CUST-3DFEF8A8,ACC-FC293CB526,1871.37,MOBILE,US,0.085429,0,LOW,0,NONE,2026-09-28T14:29:24.571616+00:00
TXN-6D2820292340,CUST-E30E3C90,ACC-EAE14A9082,2369.59,ATM,US,0.122082,0,LOW,0,NONE,2026-09-28T14:29:24.609397+00:00
TXN-F20932BAC4AA,CUST-73CD1A35,ACC-DCC4162A81,1951.04,ONLINE,US,0.105494,0,LOW,0,NONE,2026-09-28T14:29:24.647836+00:00
TXN-F7A77D7DB4EC,CUST-EDE7AA4A,ACC-131E244177,582.88,ONLINE,US,0.203521,0,LOW,0,NONE,2026-09-28T14:29:24.687033+00:00
TXN-71741DB9D276,CUST-911F4401,ACC-01CFBFD75C,1593.73,MOBILE,US,0.09934,0,LOW,0,NONE,2026-09-28T14:29:24.724856+00:00
TXN-387460D98A87,CUST-C5D51A4F,ACC-AFF7F2FCC5,656.88,CARD,US,0.11586,0,LOW,0,NONE,2026-09-28T14:29:24.764291+00:00
TXN-2B2165625EB6,CUST-9DB58BD9,ACC-A3B66B17AF,307.31,MOBILE,US,0.145312,0,LOW,0,NONE,2026-09-28T14:29:24.803807+00:00
TXN-6E87938097DA,CUST-E3FC58EE,ACC-AD3619475B,276.8,CARD,US,0.122271,0,LOW,0,NONE,2026-09-28T14:29:24.844754+00:00
TXN-AB32152905A6,CUST-8B1A8BBF,ACC-DC159FF23D,419.33,ONLINE,US,0.137956,0,LOW,0,NONE,2026-09-28T14:29:24.885037+00:00
TXN-A039B16F6D94,CUST-E6AED8E7,ACC-22F41D7DFC,179.55,ATM,US,0.119204,0,LOW,0,NONE,2026-09-28T14:29:24.925299+00:00
TXN-65C13501215E,CUST-1082BEBE,ACC-1DB4C3D4EE,2266.87,ATM,US,0.162099,0,LOW,0,NONE,2026-09-28T14:29:24.967201+00:00
TXN-D1700D8D506D,CUST-F4BEC821,ACC-9615055F38,393.58,ONLINE,US,0.13911,0,LOW,0,NONE,2026-09-28T14:29:25.010669+00:00
TXN-CBFBE5F5177D,CUST-3179A0E8,ACC-D59D1F1EB8,12095.99,MOBILE,US,1.0,1,CRITICAL,1,HIGH_VALUE_FRAUD,2026-09-28T14:29:25.046728+00:00
TXN-55E3F40A8269,CUST-1E5AE413,ACC-D5C19F2D5F,2376.38,MOBILE,US,0.171195,0,LOW,0,NONE,2026-09-28T14:29:25.085946+00:00
TXN-727DC0387403,CUST-23D705E4,ACC-EC5121D788,2099.37,MOBILE,US,0.136715,0,LOW,0,NONE,2026-09-28T14:29:25.120311+00:00
TXN-761721534D71,CUST-32D705D5,ACC-AAB0C76043,1561.22,ONLINE,US,0.120953,0,LOW,0,NONE,2026-09-28T14:29:25.158315+00:00
TXN-4C6A974DC434,CUST-CF4B085B,ACC-1B0E0A3E94,2161.09,CARD,US,0.144033,0,LOW,0,NONE,2026-09-28T14:29:25.194851+00:00
TXN-C364AC7CAF34,CUST-A7BBA380,ACC-5FF102FA7F,1579.23,ONLINE,US,0.140695,0,LOW,0,NONE,2026-09-28T14:29:25.227881+00:00
TXN-59E05C275DAA,CUST-6F54AE66,ACC-9E81E14B4C,910.13,CARD,US,0.167953,0,LOW,0,NONE,2026-09-28T14:29:25.263286+00:00
TXN-A8EEC579BEDB,CUST-DBF132C6,ACC-2B0C34272C,1751.97,MOBILE,US,0.100072,0,LOW,0,NONE,2026-09-28T14:29:25.299139+00:00
TXN-987E329B35F5,CUST-ECE22CF8,ACC-33C6E98A1E,491.64,ATM,US,0.141848,0,LOW,0,NONE,2026-09-28T14:29:25.333784+00:00
TXN-9096C1B63010,CUST-DCB6C5A4,ACC-DB775910FD,1375.91,ATM,US,0.133773,0,LOW,0,NONE,2026-09-28T14:29:25.370151+00:00
TXN-25BE129492E4,CUST-30ED4DF9,ACC-4F4D43B5C4,726.0,CARD,US,0.123329,0,LOW,0,NONE,2026-09-28T14:29:25.407679+00:00
TXN-AF9C8188B186,CUST-88410A30,ACC-444A7187FC,395.68,CARD,US,0.11332,0,LOW,0,NONE,2026-09-28T14:29:25.445567+00:00
TXN-18490C0B7838,CUST-F4BEC821,ACC-9615055F38,1085.04,ONLINE,US,0.128217,0,LOW,0,NONE,2026-09-28T14:29:25.483970+00:00
TXN-A45059E46B77,CUST-F926DC90,ACC-5ABE96139F,83.16,ONLINE,US,0.147584,0,LOW,0,NONE,2026-09-28T14:29:25.520508+00:00
TXN-30A61AE152E9,CUST-FEE40DDC,ACC-DCF518CCD0,2267.27,CARD,US,0.410617,1,MEDIUM,1,VELOCITY_FRAUD,2026-09-28T14:29:25.555807+00:00
TXN-3F634B0A75DB,CUST-B43F8E46,ACC-6749A89E5F,1788.52,CARD,US,0.087807,0,LOW,0,NONE,2026-09-28T14:29:25.607366+00:00
TXN-2C0AAE1C620B,CUST-A0971976,ACC-B83B1F4896,2110.19,ATM,US,0.17433,0,LOW,0,NONE,2026-09-28T14:29:25.650920+00:00
TXN-81AF5BAB2D4E,CUST-DB128F93,ACC-27ACA934EC,1676.02,ONLINE,US,0.143532,0,LOW,0,NONE,2026-09-28T14:29:25.685734+00:00
TXN-4EC964A083CD,CUST-2036786F,ACC-94781DD2A2,1538.38,ONLINE,US,0.167398,0,LOW,0,NONE,2026-09-28T14:29:25.723653+00:00
TXN-EE05E68A7916,CUST-F54358B9,ACC-380973E4F5,1235.33,ONLINE,US,0.122442,0,LOW,0,NONE,2026-09-28T14:29:25.760138+00:00
TXN-05457A22A385,CUST-3DFEF8A8,ACC-FC293CB526,1871.37,MOBILE,US,0.085429,0,LOW,0,NONE,2026-09-28T14:29:25.797584+00:00
TXN-6D2820292340,CUST-E30E3C90,ACC-EAE14A9082,2369.59,ATM,US,0.122082,0,LOW,0,NONE,2026-09-28T14:29:25.834499+00:00
TXN-F20932BAC4AA,CUST-73CD1A35,ACC-DCC4162A81,1951.04,ONLINE,US,0.105494,0,LOW,0,NONE,2026-09-28T14:29:25.874338+00:00
TXN-F7A77D7DB4EC,CUST-EDE7AA4A,ACC-131E244177,582.88,ONLINE,US,0.203521,0,LOW,0,NONE,2026-09-28T14:29:25.912592+00:00
TXN-71741DB9D276,CUST-911F4401,ACC-01CFBFD75C,1593.73,MOBILE,US,0.09934,0,LOW,0,NONE,2026-09-28T14:29:25.953324+00:00
TXN-387460D98A87,CUST-C5D51A4F,ACC-AFF7F2FCC5,656.88,CARD,US,0.11586,0,LOW,0,NONE,2026-09-28T14:29:25.991680+00:00
TXN-2B2165625EB6,CUST-9DB58BD9,ACC-A3B66B17AF,307.31,MOBILE,US,0.145312,0,LOW,0,NONE,2026-09-28T14:29:26.030847+00:00
TXN-6E87938097DA,CUST-E3FC58EE,ACC-AD3619475B,276.8,CARD,US,0.122271,0,LOW,0,NONE,2026-09-28T14:29:26.070156+00:00
TXN-AB32152905A6,CUST-8B1A8BBF,ACC-DC159FF23D,419.33,ONLINE,US,0.137956,0,LOW,0,NONE,2026-09-28T14:29:26.109127+00:00
TXN-A039B16F6D94,CUST-E6AED8E7,ACC-22F41D7DFC,179.55,ATM,US,0.119204,0,LOW,0,NONE,2026-09-28T14:29:26.145789+00:00
TXN-65C13501215E,CUST-1082BEBE,ACC-1DB4C3D4EE,2266.87,ATM,US,0.162099,0,LOW,0,NONE,2026-09-28T14:29:26.181210+00:00
TXN-D1700D8D506D,CUST-F4BEC821,ACC-9615055F38,393.58,ONLINE,US,0.13911,0,LOW,0,NONE,2026-09-28T14:29:26.217425+00:00
TXN-CBFBE5F5177D,CUST-3179A0E8,ACC-D59D1F1EB8,12095.99,MOBILE,US,1.0,1,CRITICAL,1,HIGH_VALUE_FRAUD,2026-09-28T14:29:26.261299+00:00
TXN-55E3F40A8269,CUST-1E5AE413,ACC-D5C19F2D5F,2376.38,MOBILE,US,0.171195,0,LOW,0,NONE,2026-09-28T14:29:26.297819+00:00
TXN-727DC0387403,CUST-23D705E4,ACC-EC5121D788,2099.37,MOBILE,US,0.136715,0,LOW,0,NONE,2026-09-28T14:29:26.335076+00:00
TXN-761721534D71,CUST-32D705D5,ACC-AAB0C76043,1561.22,ONLINE,US,0.120953,0,LOW,0,NONE,2026-09-28T14:29:26.370121+00:00
TXN-4C6A974DC434,CUST-CF4B085B,ACC-1B0E0A3E94,2161.09,CARD,US,0.144033,0,LOW,0,NONE,2026-09-28T14:29:26.407028+00:00
TXN-C364AC7CAF34,CUST-A7BBA380,ACC-5FF102FA7F,1579.23,ONLINE,US,0.140695,0,LOW,0,NONE,2026-09-28T14:29:26.442895+00:00
TXN-59E05C275DAA,CUST-6F54AE66,ACC-9E81E14B4C,910.13,CARD,US,0.167953,0,LOW,0,NONE,2026-09-28T14:29:26.479466+00:00
TXN-A8EEC579BEDB,CUST-DBF132C6,ACC-2B0C34272C,1751.97,MOBILE,US,0.100072,0,LOW,0,NONE,2026-09-28T14:29:26.517726+00:00
TXN-987E329B35F5,CUST-ECE22CF8,ACC-33C6E98A1E,491.64,ATM,US,0.141848,0,LOW,0,NONE,2026-09-28T14:29:26.554616+00:00
TXN-9096C1B63010,CUST-DCB6C5A4,ACC-DB775910FD,1375.91,ATM,US,0.133773,0,LOW,0,NONE,2026-09-28T14:29:26.591881+00:00
TXN-25BE129492E4,CUST-30ED4DF9,ACC-4F4D43B5C4,726.0,CARD,US,0.123329,0,LOW,0,NONE,2026-09-28T14:29:26.628193+00:00
TXN-AF9C8188B186,CUST-88410A30,ACC-444A7187FC,395.68,CARD,US,0.11332,0,LOW,0,NONE,2026-09-28T14:29:26.663985+00:00
TXN-18490C0B7838,CUST-F4BEC821,ACC-9615055F38,1085.04,ONLINE,US,0.128217,0,LOW,0,NONE,2026-09-28T14:29:26.701819+00:00
TXN-A45059E46B77,CUST-F926DC90,ACC-5ABE96139F,83.16,ONLINE,US,0.147584,0,LOW,0,NONE,2026-09-28T14:29:26.742035+00:00
TXN-30A61AE152E9,CUST-FEE40DDC,ACC-DCF518CCD0,2267.27,CARD,US,0.410617,1,MEDIUM,1,VELOCITY_FRAUD,2026-09-28T14:29:26.780815+00:00
TXN-3F634B0A75DB,CUST-B43F8E46,ACC-6749A89E5F,1788.52,CARD,US,0.087807,0,LOW,0,NONE,2026-09-28T14:29:26.819803+00:00
TXN-8D9A024CD431,CUST-9C9EDA6C,ACC-66CA815A85,2394.87,ONLINE,US,0.1389,0,LOW,0,NONE,2026-09-28T14:29:26.859176+00:00
TXN-6FA98A29A97F,CUST-EC894868,ACC-257E174BED,33.87,ONLINE,US,0.136528,0,LOW,0,NONE,2026-09-28T14:29:26.927374+00:00
TXN-FEB6662959CE,CUST-C512B099,ACC-F2016B62C0,2093.42,CARD,US,0.171857,0,LOW,0,NONE,2026-09-28T14:29:26.962678+00:00
TXN-7FE421D82F2A,CUST-D50EA3DF,ACC-62FC129322,1709.69,MOBILE,US,0.118918,0,LOW,0,NONE,2026-09-28T14:29:27.000726+00:00
TXN-AE3F6ED03D63,CUST-9CC9ED35,ACC-6B73B4B402,1893.98,CARD,US,0.168392,0,LOW,0,NONE,2026-09-28T14:29:27.038441+00:00
TXN-E44E749ED810,CUST-E5A753B5,ACC-68DE4FE123,1848.64,ATM,US,0.078454,0,LOW,0,NONE,2026-09-28T14:29:27.078243+00:00
TXN-EA3C97BB5936,CUST-E5DC66DE,ACC-4F8C4D4CBB,183.6,ATM,US,0.117306,0,LOW,0,NONE,2026-09-28T14:29:27.116053+00:00
TXN-E50E1A71E0F7,CUST-C9C94AF9,ACC-2540C062A2,1774.61,ATM,US,0.096217,0,LOW,0,NONE,2026-09-28T14:29:27.153383+00:00
TXN-D821C6B07CFB,CUST-D8E1C394,ACC-2193007408,500.89,CARD,US,0.100144,0,LOW,0,NONE,2026-09-28T14:29:27.194404+00:00
TXN-27104009719C,CUST-2B94D792,ACC-7A64FBCFD0,2490.1,CARD,US,0.138452,0,LOW,0,NONE,2026-09-28T14:29:27.233694+00:00
TXN-DCC431ABBAA7,CUST-4FC986C9,ACC-D3A68275DA,811.66,ONLINE,US,0.151029,0,LOW,0,NONE,2026-09-28T14:29:27.273031+00:00
TXN-C7A7D1368F2E,CUST-80839EB7,ACC-678CAC7B3E,218.75,ATM,US,0.131264,0,LOW,0,NONE,2026-09-28T14:29:27.314993+00:00
TXN-DFF0284B6207,CUST-BD676F3F,ACC-4ADC4D9445,116.21,ONLINE,US,0.128268,0,LOW,0,NONE,2026-09-28T14:29:27.357524+00:00
TXN-F93D443C53DD,CUST-05C134B3,ACC-CDA59FAB94,1825.21,MOBILE,US,0.101535,0,LOW,0,NONE,2026-09-28T14:29:27.398580+00:00
TXN-042BF10D5B0C,CUST-51029931,ACC-FD09618700,2238.94,CARD,US,0.176064,0,LOW,0,NONE,2026-09-28T14:29:27.438853+00:00
TXN-9764BACFBE6D,CUST-F98A8AD4,ACC-FDCB5683B1,1907.47,ATM,US,0.119618,0,LOW,0,NONE,2026-09-28T14:29:27.478582+00:00
TXN-1F71C34AC8E7,CUST-C2590469,ACC-1AC56FD1AA,2286.1,CARD,US,0.234995,0,LOW,0,NONE,2026-09-28T14:29:27.520656+00:00
TXN-1DF0F5749D0D,CUST-FCBFC9B4,ACC-FC8B20FDC1,1828.97,MOBILE,US,0.091088,0,LOW,0,NONE,2026-09-28T14:29:27.561939+00:00
TXN-A76A0A80D26F,CUST-589A2A78,ACC-B3F45D79AD,1805.45,MOBILE,US,0.125377,0,LOW,0,NONE,2026-09-28T14:29:27.601210+00:00
TXN-A72FF80F31CA,CUST-49D196D6,ACC-56B636CADF,2059.51,ATM,US,0.140464,0,LOW,0,NONE,2026-09-28T14:29:27.639312+00:00
TXN-F3B04C0D361F,CUST-8CF80A0C,ACC-DB4717F1AF,905.54,ONLINE,US,0.14294,0,LOW,0,NONE,2026-09-28T14:29:27.700106+00:00
TXN-AAC950CF59C5,CUST-57EE0CB3,ACC-233E8C0E66,2498.89,MOBILE,US,0.193945,0,LOW,0,NONE,2026-09-28T14:29:27.739396+00:00
TXN-189FD6164891,CUST-B098667D,ACC-320130992F,2106.49,ATM,US,0.14343,0,LOW,0,NONE,2026-09-28T14:29:27.777097+00:00
TXN-A95EF250B91F,CUST-911F4401,ACC-8DFEE4E4EA,1346.87,ONLINE,US,0.141989,0,LOW,0,NONE,2026-09-28T14:29:27.828725+00:00
TXN-33D1A63108E9,CUST-CAC4DDD1,ACC-23F0227521,1684.39,CARD,US,0.105265,0,LOW,0,NONE,2026-09-28T14:29:27.873414+00:00
TXN-93432F39D11F,CUST-DCAE751A,ACC-4BB1AAC7A6,1221.05,CARD,US,0.103418,0,LOW,0,NONE,2026-09-28T14:29:27.911809+00:00
TXN-8D9A024CD431,CUST-9C9EDA6C,ACC-66CA815A85,2394.87,ONLINE,US,0.1389,0,LOW,0,NONE,2026-09-28T14:29:27.949056+00:00
TXN-6FA98A29A97F,CUST-EC894868,ACC-257E174BED,33.87,ONLINE,US,0.136528,0,LOW,0,NONE,2026-09-28T14:29:27.986082+00:00
TXN-FEB6662959CE,CUST-C512B099,ACC-F2016B62C0,2093.42,CARD,US,0.171857,0,LOW,0,NONE,2026-09-28T14:29:28.019754+00:00
TXN-7FE421D82F2A,CUST-D50EA3DF,ACC-62FC129322,1709.69,MOBILE,US,0.118918,0,LOW,0,NONE,2026-09-28T14:29:28.055874+00:00
TXN-AE3F6ED03D63,CUST-9CC9ED35,ACC-6B73B4B402,1893.98,CARD,US,0.168392,0,LOW,0,NONE,2026-09-28T14:29:28.093060+00:00
TXN-E44E749ED810,CUST-E5A753B5,ACC-68DE4FE123,1848.64,ATM,US,0.078454,0,LOW,0,NONE,2026-09-28T14:29:28.132194+00:00
TXN-EA3C97BB5936,CUST-E5DC66DE,ACC-4F8C4D4CBB,183.6,ATM,US,0.117306,0,LOW,0,NONE,2026-09-28T14:29:28.169409+00:00
TXN-E50E1A71E0F7,CUST-C9C94AF9,ACC-2540C062A2,1774.61,ATM,US,0.096217,0,LOW,0,NONE,2026-09-28T14:29:28.204329+00:00
TXN-D821C6B07CFB,CUST-D8E1C394,ACC-2193007408,500.89,CARD,US,0.100144,0,LOW,0,NONE,2026-09-28T14:29:28.243386+00:00
TXN-27104009719C,CUST-2B94D792,ACC-7A64FBCFD0,2490.1,CARD,US,0.138452,0,LOW,0,NONE,2026-09-28T14:29:28.280316+00:00
TXN-DCC431ABBAA7,CUST-4FC986C9,ACC-D3A68275DA,811.66,ONLINE,US,0.151029,0,LOW,0,NONE,2026-09-28T14:29:28.315791+00:00
TXN-C7A7D1368F2E,CUST-80839EB7,ACC-678CAC7B3E,218.75,ATM,US,0.131264,0,LOW,0,NONE,2026-09-28T14:29:28.353478+00:00
TXN-DFF0284B6207,CUST-BD676F3F,ACC-4ADC4D9445,116.21,ONLINE,US,0.128268,0,LOW,0,NONE,2026-09-28T14:29:28.391076+00:00
TXN-F93D443C53DD,CUST-05C134B3,ACC-CDA59FAB94,1825.21,MOBILE,US,0.101535,0,LOW,0,NONE,2026-09-28T14:29:28.431752+00:00
TXN-042BF10D5B0C,CUST-51029931,ACC-FD09618700,2238.94,CARD,US,0.176064,0,LOW,0,NONE,2026-09-28T14:29:28.470586+00:00
TXN-9764BACFBE6D,CUST-F98A8AD4,ACC-FDCB5683B1,1907.47,ATM,US,0.119618,0,LOW,0,NONE,2026-09-28T14:29:28.509675+00:00
TXN-1F71C34AC8E7,CUST-C2590469,ACC-1AC56FD1AA,2286.1,CARD,US,0.234995,0,LOW,0,NONE,2026-09-28T14:29:28.547032+00:00
TXN-1DF0F5749D0D,CUST-FCBFC9B4,ACC-FC8B20FDC1,1828.97,MOBILE,US,0.091088,0,LOW,0,NONE,2026-09-28T14:29:28.586166+00:00
TXN-A76A0A80D26F,CUST-589A2A78,ACC-B3F45D79AD,1805.45,MOBILE,US,0.125377,0,LOW,0,NONE,2026-09-28T14:29:28.624891+00:00
TXN-A72FF80F31CA,CUST-49D196D6,ACC-56B636CADF,2059.51,ATM,US,0.140464,0,LOW,0,NONE,2026-09-28T14:29:28.665750+00:00
TXN-F3B04C0D361F,CUST-8CF80A0C,ACC-DB4717F1AF,905.54,ONLINE,US,0.14294,0,LOW,0,NONE,2026-09-28T14:29:28.700278+00:00
TXN-AAC950CF59C5,CUST-57EE0CB3,ACC-233E8C0E66,2498.89,MOBILE,US,0.193945,0,LOW,0,NONE,2026-09-28T14:29:28.734991+00:00
TXN-189FD6164891,CUST-B098667D,ACC-320130992F,2106.49,ATM,US,0.14343,0,LOW,0,NONE,2026-09-28T14:29:28.770081+00:00
TXN-A95EF250B91F,CUST-911F4401,ACC-8DFEE4E4EA,1346.87,ONLINE,US,0.141989,0,LOW,0,NONE,2026-09-28T14:29:28.801579+00:00
TXN-33D1A63108E9,CUST-CAC4DDD1,ACC-23F0227521,1684.39,CARD,US,0.105265,0,LOW,0,NONE,2026-09-28T14:29:28.836773+00:00
TXN-93432F39D11F,CUST-DCAE751A,ACC-4BB1AAC7A6,1221.05,CARD,US,0.103418,0,LOW,0,NONE,2026-09-28T14:29:28.874474+00:00
TXN-8D9A024CD431,CUST-9C9EDA6C,ACC-66CA815A85,2394.87,ONLINE,US,0.1389,0,LOW,0,NONE,2026-09-28T14:29:28.911738+00:00
TXN-6FA98A29A97F,CUST-EC894868,ACC-257E174BED,33.87,ONLINE,US,0.136528,0,LOW,0,NONE,2026-09-28T14:29:28.948584+00:00
TXN-FEB6662959CE,CUST-C512B099,ACC-F2016B62C0,2093.42,CARD,US,0.171857,0,LOW,0,NONE,2026-09-28T14:29:28.986689+00:00
TXN-7FE421D82F2A,CUST-D50EA3DF,ACC-62FC129322,1709.69,MOBILE,US,0.118918,0,LOW,0,NONE,2026-09-28T14:29:29.022871+00:00
TXN-AE3F6ED03D63,CUST-9CC9ED35,ACC-6B73B4B402,1893.98,CARD,US,0.168392,0,LOW,0,NONE,2026-09-28T14:29:29.060015+00:00
TXN-E44E749ED810,CUST-E5A753B5,ACC-68DE4FE123,1848.64,ATM,US,0.078454,0,LOW,0,NONE,2026-09-28T14:29:29.096768+00:00
TXN-EA3C97BB5936,CUST-E5DC66DE,ACC-4F8C4D4CBB,183.6,ATM,US,0.117306,0,LOW,0,NONE,2026-09-28T14:29:29.132680+00:00
TXN-E50E1A71E0F7,CUST-C9C94AF9,ACC-2540C062A2,1774.61,ATM,US,0.096217,0,LOW,0,NONE,2026-09-28T14:29:29.169506+00:00
TXN-D821C6B07CFB,CUST-D8E1C394,ACC-2193007408,500.89,CARD,US,0.100144,0,LOW,0,NONE,2026-09-28T14:29:29.203497+00:00
TXN-27104009719C,CUST-2B94D792,ACC-7A64FBCFD0,2490.1,CARD,US,0.138452,0,LOW,0,NONE,2026-09-28T14:29:29.240420+00:00
TXN-DCC431ABBAA7,CUST-4FC986C9,ACC-D3A68275DA,811.66,ONLINE,US,0.151029,0,LOW,0,NONE,2026-09-28T14:29:29.276474+00:00
TXN-C7A7D1368F2E,CUST-80839EB7,ACC-678CAC7B3E,218.75,ATM,US,0.131264,0,LOW,0,NONE,2026-09-28T14:29:29.313501+00:00
TXN-DFF0284B6207,CUST-BD676F3F,ACC-4ADC4D9445,116.21,ONLINE,US,0.128268,0,LOW,0,NONE,2026-09-28T14:29:29.351102+00:00
TXN-F93D443C53DD,CUST-05C134B3,ACC-CDA59FAB94,1825.21,MOBILE,US,0.101535,0,LOW,0,NONE,2026-09-28T14:29:29.386833+00:00
TXN-042BF10D5B0C,CUST-51029931,ACC-FD09618700,2238.94,CARD,US,0.176064,0,LOW,0,NONE,2026-09-28T14:29:29.423960+00:00
TXN-9764BACFBE6D,CUST-F98A8AD4,ACC-FDCB5683B1,1907.47,ATM,US,0.119618,0,LOW,0,NONE,2026-09-28T14:29:29.458698+00:00
TXN-1F71C34AC8E7,CUST-C2590469,ACC-1AC56FD1AA,2286.1,CARD,US,0.234995,0,LOW,0,NONE,2026-09-28T14:29:29.495266+00:00
TXN-1DF0F5749D0D,CUST-FCBFC9B4,ACC-FC8B20FDC1,1828.97,MOBILE,US,0.091088,0,LOW,0,NONE,2026-09-28T14:29:29.532044+00:00
TXN-A76A0A80D26F,CUST-589A2A78,ACC-B3F45D79AD,1805.45,MOBILE,US,0.125377,0,LOW,0,NONE,2026-09-28T14:29:29.571008+00:00
TXN-A72FF80F31CA,CUST-49D196D6,ACC-56B636CADF,2059.51,ATM,US,0.140464,0,LOW,0,NONE,2026-09-28T14:29:29.610675+00:00
TXN-F3B04C0D361F,CUST-8CF80A0C,ACC-DB4717F1AF,905.54,ONLINE,US,0.14294,0,LOW,0,NONE,2026-09-28T14:29:29.646459+00:00
TXN-AAC950CF59C5,CUST-57EE0CB3,ACC-233E8C0E66,2498.89,MOBILE,US,0.193945,0,LOW,0,NONE,2026-09-28T14:29:29.683978+00:00
TXN-189FD6164891,CUST-B098667D,ACC-320130992F,2106.49,ATM,US,0.14343,0,LOW,0,NONE,2026-09-28T14:29:29.720077+00:00
TXN-A95EF250B91F,CUST-911F4401,ACC-8DFEE4E4EA,1346.87,ONLINE,US,0.141989,0,LOW,0,NONE,2026-09-28T14:29:29.758827+00:00
TXN-33D1A63108E9,CUST-CAC4DDD1,ACC-23F0227521,1684.39,CARD,US,0.105265,0,LOW,0,NONE,2026-09-28T14:29:29.797611+00:00
TXN-93432F39D11F,CUST-DCAE751A,ACC-4BB1AAC7A6,1221.05,CARD,US,0.103418,0,LOW,0,NONE,2026-09-28T14:29:29.836757+00:00
TXN-8D9A024CD431,CUST-9C9EDA6C,ACC-66CA815A85,2394.87,ONLINE,US,0.1389,0,LOW,0,NONE,2026-09-28T14:29:29.876747+00:00
TXN-6FA98A29A97F,CUST-EC894868,ACC-257E174BED,33.87,ONLINE,US,0.136528,0,LOW,0,NONE,2026-09-28T14:29:29.915684+00:00
TXN-FEB6662959CE,CUST-C512B099,ACC-F2016B62C0,2093.42,CARD,US,0.171857,0,LOW,0,NONE,2026-09-28T14:29:29.952859+00:00
TXN-7FE421D82F2A,CUST-D50EA3DF,ACC-62FC129322,1709.69,MOBILE,US,0.118918,0,LOW,0,NONE,2026-09-28T14:29:29.986804+00:00
TXN-AE3F6ED03D63,CUST-9CC9ED35,ACC-6B73B4B402,1893.98,CARD,US,0.168392,0,LOW,0,NONE,2026-09-28T14:29:30.024272+00:00
TXN-E44E749ED810,CUST-E5A753B5,ACC-68DE4FE123,1848.64,ATM,US,0.078454,0,LOW,0,NONE,2026-09-28T14:29:30.062641+00:00
TXN-EA3C97BB5936,CUST-E5DC66DE,ACC-4F8C4D4CBB,183.6,ATM,US,0.117306,0,LOW,0,NONE,2026-09-28T14:29:30.101710+00:00
TXN-E50E1A71E0F7,CUST-C9C94AF9,ACC-2540C062A2,1774.61,ATM,US,0.096217,0,LOW,0,NONE,2026-09-28T14:29:30.141246+00:00
TXN-D821C6B07CFB,CUST-D8E1C394,ACC-2193007408,500.89,CARD,US,0.100144,0,LOW,0,NONE,2026-09-28T14:29:30.178129+00:00
TXN-27104009719C,CUST-2B94D792,ACC-7A64FBCFD0,2490.1,CARD,US,0.138452,0,LOW,0,NONE,2026-09-28T14:29:30.215249+00:00
TXN-DCC431ABBAA7,CUST-4FC986C9,ACC-D3A68275DA,811.66,ONLINE,US,0.151029,0,LOW,0,NONE,2026-09-28T14:29:30.255221+00:00
TXN-C7A7D1368F2E,CUST-80839EB7,ACC-678CAC7B3E,218.75,ATM,US,0.131264,0,LOW,0,NONE,2026-09-28T14:29:30.304072+00:00
TXN-DFF0284B6207,CUST-BD676F3F,ACC-4ADC4D9445,116.21,ONLINE,US,0.128268,0,LOW,0,NONE,2026-09-28T14:29:30.353683+00:00
TXN-F93D443C53DD,CUST-05C134B3,ACC-CDA59FAB94,1825.21,MOBILE,US,0.101535,0,LOW,0,NONE,2026-09-28T14:29:30.390058+00:00
TXN-042BF10D5B0C,CUST-51029931,ACC-FD09618700,2238.94,CARD,US,0.176064,0,LOW,0,NONE,2026-09-28T14:29:30.426724+00:00
TXN-9764BACFBE6D,CUST-F98A8AD4,ACC-FDCB5683B1,1907.47,ATM,US,0.119618,0,LOW,0,NONE,2026-09-28T14:29:30.463716+00:00
TXN-1F71C34AC8E7,CUST-C2590469,ACC-1AC56FD1AA,2286.1,CARD,US,0.234995,0,LOW,0,NONE,2026-09-28T14:29:30.503474+00:00
TXN-1DF0F5749D0D,CUST-FCBFC9B4,ACC-FC8B20FDC1,1828.97,MOBILE,US,0.091088,0,LOW,0,NONE,2026-09-28T14:29:30.541981+00:00
TXN-A76A0A80D26F,CUST-589A2A78,ACC-B3F45D79AD,1805.45,MOBILE,US,0.125377,0,LOW,0,NONE,2026-09-28T14:29:30.577841+00:00
TXN-A72FF80F31CA,CUST-49D196D6,ACC-56B636CADF,2059.51,ATM,US,0.140464,0,LOW,0,NONE,2026-09-28T14:29:30.614004+00:00
TXN-F3B04C0D361F,CUST-8CF80A0C,ACC-DB4717F1AF,905.54,ONLINE,US,0.14294,0,LOW,0,NONE,2026-09-28T14:29:30.651777+00:00
TXN-AAC950CF59C5,CUST-57EE0CB3,ACC-233E8C0E66,2498.89,MOBILE,US,0.193945,0,LOW,0,NONE,2026-09-28T14:29:30.688129+00:00
TXN-189FD6164891,CUST-B098667D,ACC-320130992F,2106.49,ATM,US,0.14343,0,LOW,0,NONE,2026-09-28T14:29:30.723907+00:00
TXN-A95EF250B91F,CUST-911F4401,ACC-8DFEE4E4EA,1346.87,ONLINE,US,0.141989,0,LOW,0,NONE,2026-09-28T14:29:30.762456+00:00
TXN-33D1A63108E9,CUST-CAC4DDD1,ACC-23F0227521,1684.39,CARD,US,0.105265,0,LOW,0,NONE,2026-09-28T14:29:30.800103+00:00
TXN-93432F39D11F,CUST-DCAE751A,ACC-4BB1AAC7A6,1221.05,CARD,US,0.103418,0,LOW,0,NONE,2026-09-28T14:29:30.837369+00:00
TXN-8D9A024CD431,CUST-9C9EDA6C,ACC-66CA815A85,2394.87,ONLINE,US,0.1389,0,LOW,0,NONE,2026-09-28T14:29:30.874391+00:00
TXN-6FA98A29A97F,CUST-EC894868,ACC-257E174BED,33.87,ONLINE,US,0.136528,0,LOW,0,NONE,2026-09-28T14:29:30.911184+00:00
TXN-FEB6662959CE,CUST-C512B099,ACC-F2016B62C0,2093.42,CARD,US,0.171857,0,LOW,0,NONE,2026-09-28T14:29:30.946360+00:00
TXN-7FE421D82F2A,CUST-D50EA3DF,ACC-62FC129322,1709.69,MOBILE,US,0.118918,0,LOW,0,NONE,2026-09-28T14:29:30.983274+00:00
TXN-AE3F6ED03D63,CUST-9CC9ED35,ACC-6B73B4B402,1893.98,CARD,US,0.168392,0,LOW,0,NONE,2026-09-28T14:29:31.019396+00:00
TXN-E44E749ED810,CUST-E5A753B5,ACC-68DE4FE123,1848.64,ATM,US,0.078454,0,LOW,0,NONE,2026-09-28T14:29:31.057804+00:00
TXN-EA3C97BB5936,CUST-E5DC66DE,ACC-4F8C4D4CBB,183.6,ATM,US,0.117306,0,LOW,0,NONE,2026-09-28T14:29:31.095966+00:00
TXN-E50E1A71E0F7,CUST-C9C94AF9,ACC-2540C062A2,1774.61,ATM,US,0.096217,0,LOW,0,NONE,2026-09-28T14:29:31.134166+00:00
TXN-D821C6B07CFB,CUST-D8E1C394,ACC-2193007408,500.89,CARD,US,0.100144,0,LOW,0,NONE,2026-09-28T14:29:31.172442+00:00
TXN-27104009719C,CUST-2B94D792,ACC-7A64FBCFD0,2490.1,CARD,US,0.138452,0,LOW,0,NONE,2026-09-28T14:29:31.208993+00:00
TXN-DCC431ABBAA7,CUST-4FC986C9,ACC-D3A68275DA,811.66,ONLINE,US,0.151029,0,LOW,0,NONE,2026-09-28T14:29:31.246929+00:00
TXN-C7A7D1368F2E,CUST-80839EB7,ACC-678CAC7B3E,218.75,ATM,US,0.131264,0,LOW,0,NONE,2026-09-28T14:29:31.283726+00:00
TXN-DFF0284B6207,CUST-BD676F3F,ACC-4ADC4D9445,116.21,ONLINE,US,0.128268,0,LOW,0,NONE,2026-09-28T14:29:31.320801+00:00
TXN-F93D443C53DD,CUST-05C134B3,ACC-CDA59FAB94,1825.21,MOBILE,US,0.101535,0,LOW,0,NONE,2026-09-28T14:29:31.359665+00:00
TXN-042BF10D5B0C,CUST-51029931,ACC-FD09618700,2238.94,CARD,US,0.176064,0,LOW,0,NONE,2026-09-28T14:29:31.397135+00:00
TXN-9764BACFBE6D,CUST-F98A8AD4,ACC-FDCB5683B1,1907.47,ATM,US,0.119618,0,LOW,0,NONE,2026-09-28T14:29:31.432022+00:00
TXN-1F71C34AC8E7,CUST-C2590469,ACC-1AC56FD1AA,2286.1,CARD,US,0.234995,0,LOW,0,NONE,2026-09-28T14:29:31.470050+00:00
TXN-1DF0F5749D0D,CUST-FCBFC9B4,ACC-FC8B20FDC1,1828.97,MOBILE,US,0.091088,0,LOW,0,NONE,2026-09-28T14:29:31.508591+00:00
TXN-A76A0A80D26F,CUST-589A2A78,ACC-B3F45D79AD,1805.45,MOBILE,US,0.125377,0,LOW,0,NONE,2026-09-28T14:29:31.547674+00:00
TXN-A72FF80F31CA,CUST-49D196D6,ACC-56B636CADF,2059.51,ATM,US,0.140464,0,LOW,0,NONE,2026-09-28T14:29:31.586350+00:00
TXN-F3B04C0D361F,CUST-8CF80A0C,ACC-DB4717F1AF,905.54,ONLINE,US,0.14294,0,LOW,0,NONE,2026-09-28T14:29:31.622515+00:00
TXN-AAC950CF59C5,CUST-57EE0CB3,ACC-233E8C0E66,2498.89,MOBILE,US,0.193945,0,LOW,0,NONE,2026-09-28T14:29:31.659569+00:00
TXN-189FD6164891,CUST-B098667D,ACC-320130992F,2106.49,ATM,US,0.14343,0,LOW,0,NONE,2026-09-28T14:29:31.695226+00:00
TXN-A95EF250B91F,CUST-911F4401,ACC-8DFEE4E4EA,1346.87,ONLINE,US,0.141989,0,LOW,0,NONE,2026-09-28T14:29:31.732585+00:00
TXN-33D1A63108E9,CUST-CAC4DDD1,ACC-23F0227521,1684.39,CARD,US,0.105265,0,LOW,0,NONE,2026-09-28T14:29:31.772823+00:00
TXN-93432F39D11F,CUST-DCAE751A,ACC-4BB1AAC7A6,1221.05,CARD,US,0.103418,0,LOW,0,NONE,2026-09-28T14:29:31.810926+00:00
TXN-7A9D61BDB3F8,CUST-EED46B33,ACC-0E7B5145F5,1090.76,CARD,US,0.132168,0,LOW,0,NONE,2026-09-28T14:29:31.849371+00:00
TXN-6607CF8A84E4,CUST-8D1B556F,ACC-6BB6F6B8D8,1747.61,CARD,US,0.114803,0,LOW,0,NONE,2026-09-28T14:29:31.887824+00:00
TXN-2010FE4C80A6,CUST-7A7C9120,ACC-FBE9096A34,1671.54,CARD,US,0.152053,0,LOW,0,NONE,2026-09-28T14:29:31.925966+00:00
TXN-E8D0BB4B5FB1,CUST-4468CB9A,ACC-E43BA3BB62,1396.42,ONLINE,US,0.123877,0,LOW,0,NONE,2026-09-28T14:29:31.962601+00:00
TXN-4ECED8EB0DFC,CUST-3C516463,ACC-1706E093A1,1797.26,ATM,US,0.130921,0,LOW,0,NONE,2026-09-28T14:29:32.000235+00:00
TXN-1F226432B75F,CUST-74C677AE,ACC-2CDB149B0B,347.51,ATM,US,0.121558,0,LOW,0,NONE,2026-09-28T14:29:32.040874+00:00
TXN-EAC83D07F2AE,CUST-994A6AD7,ACC-84453B46E3,2035.15,CARD,US,0.143649,0,LOW,0,NONE,2026-09-28T14:29:32.076978+00:00
TXN-3270B2CCD100,CUST-32CCB661,ACC-2535DC0CE0,1412.99,MOBILE,US,0.141818,0,LOW,0,NONE,2026-09-28T14:29:32.114430+00:00
TXN-306CE1D15CF4,CUST-314A95E6,ACC-162288A69D,1748.59,ONLINE,US,0.080316,0,LOW,0,NONE,2026-09-28T14:29:32.153127+00:00
TXN-51B61965153D,CUST-07CA1DEF,ACC-33F36B64EE,2301.51,ATM,US,0.460306,1,MEDIUM,1,VELOCITY_FRAUD,2026-09-28T14:29:32.192143+00:00
TXN-938E29C581D6,CUST-74C677AE,ACC-2CDB149B0B,2340.46,ONLINE,US,0.162232,0,LOW,0,NONE,2026-09-28T14:29:32.230285+00:00
TXN-C6EC32E31CB2,CUST-5C90698D,ACC-533D845850,1674.49,CARD,US,0.137378,0,LOW,0,NONE,2026-09-28T14:29:32.265435+00:00
TXN-8528B8DBD53A,CUST-FBCB10F1,ACC-4BDC4FEC1E,57.92,ONLINE,RO,0.99071,1,CRITICAL,1,GEOLOCATION_ANOMALY,2026-09-28T14:29:32.316465+00:00
TXN-AD34708D86EE,CUST-F3677C35,ACC-5EFC73DEF8,325.12,CARD,US,0.182311,0,LOW,0,NONE,2026-09-28T14:29:32.378386+00:00
TXN-B12BDC612EF0,CUST-4272B7F9,ACC-7D539EAA83,2424.43,MOBILE,US,0.228697,0,LOW,0,NONE,2026-09-28T14:29:32.436724+00:00
TXN-8CA0D0718A82,CUST-835C2A19,ACC-B3012BD0B8,1359.45,MOBILE,US,0.117978,0,LOW,0,NONE,2026-09-28T14:29:32.474688+00:00
TXN-4FE138E4D8DB,CUST-18DED113,ACC-41A2B724E3,2066.72,ONLINE,US,0.08925,0,LOW,0,NONE,2026-09-28T14:29:32.511894+00:00
TXN-641C5B03E5F5,CUST-60F8EB9C,ACC-95CAD37A71,1310.0,ATM,US,0.127324,0,LOW,0,NONE,2026-09-28T14:29:32.551010+00:00
TXN-14593EF7BE8A,CUST-F1A2F478,ACC-AC7961A365,185.97,CARD,US,0.120855,0,LOW,0,NONE,2026-09-28T14:29:32.586937+00:00
TXN-8C0AE1157CFC,CUST-FE7CF40C,ACC-FE504EC8D5,1513.79,MOBILE,US,0.12966,0,LOW,0,NONE,2026-09-28T14:29:32.621659+00:00
TXN-6A35B8B25304,CUST-45BB39B7,ACC-A8F8B235B5,693.99,ATM,US,0.114342,0,LOW,0,NONE,2026-09-28T14:29:32.660278+00:00
TXN-2E244C8F476F,CUST-204B30BD,ACC-0011E219C4,2334.2,ATM,US,0.18271,0,LOW,0,NONE,2026-09-28T14:29:32.696178+00:00
TXN-E5A19B3E9B41,CUST-E2B57ECD,ACC-565AEEA567,1982.62,MOBILE,US,0.088367,0,LOW,0,NONE,2026-09-28T14:29:32.747837+00:00
TXN-5E9679F4FBF7,CUST-263D656C,ACC-939378DB9E,563.18,CARD,US,0.110234,0,LOW,0,NONE,2026-09-28T14:29:32.787049+00:00
TXN-D2302571E442,CUST-E5A753B5,ACC-86E7CE94B0,1220.47,CARD,US,0.092193,0,LOW,0,NONE,2026-09-28T14:29:32.826348+00:00
TXN-9DBA05B0FDBC,CUST-516D2DDD,ACC-A90B2547DF,1328.16,MOBILE,US,0.102084,0,LOW,0,NONE,2026-09-28T14:29:32.865697+00:00
TXN-5EC9560E8D1D,CUST-4F3FDB09,ACC-A9ADD56248,186.14,MOBILE,US,0.103167,0,LOW,0,NONE,2026-09-28T14:29:32.903326+00:00
TXN-01D9FA222F9A,CUST-45BD0333,ACC-78DB803FC5,1182.15,MOBILE,US,0.134913,0,LOW,0,NONE,2026-09-28T14:29:32.941371+00:00
TXN-B877DA13ECDC,CUST-02BD1971,ACC-E230F2B2D1,993.03,MOBILE,US,0.124117,0,LOW,0,NONE,2026-09-28T14:29:32.979756+00:00
TXN-6DCCDAF459D0,CUST-DB6E8F93,ACC-132F91E549,2205.1,ONLINE,US,0.135462,0,LOW,0,NONE,2026-09-28T14:29:33.012237+00:00
TXN-9FCEEA6385FB,CUST-A2A995FD,ACC-D6E1014370,1311.86,CARD,US,0.125853,0,LOW,0,NONE,2026-09-28T14:29:33.044575+00:00
TXN-E8038BE1CAE5,CUST-23BC0459,ACC-1BDD381D38,2121.75,MOBILE,US,0.154457,0,LOW,0,NONE,2026-09-28T14:29:33.072411+00:00
TXN-EC7AE6CC4C39,CUST-D1CE00B3,ACC-FBC6BE9058,748.75,ONLINE,US,0.181543,0,LOW,0,NONE,2026-09-28T14:29:33.106401+00:00
TXN-BDC7EEB0411E,CUST-8D460C5D,ACC-D711B11B06,1271.89,CARD,US,0.173398,0,LOW,0,NONE,2026-09-28T14:29:33.151165+00:00
TXN-2C0AAE1C620B,CUST-A0971976,ACC-B83B1F4896,2110.19,ATM,US,0.17433,0,LOW,0,NONE,2026-09-28T14:29:33.158797+00:00
TXN-2C0AAE1C620B,CUST-A0971976,ACC-B83B1F4896,2110.19,ATM,US,0.17433,0,LOW,0,NONE,2026-09-28T14:29:33.158902+00:00
TXN-81AF5BAB2D4E,CUST-DB128F93,ACC-27ACA934EC,1676.02,ONLINE,US,0.143532,0,LOW,0,NONE,2026-09-28T14:29:33.182944+00:00
TXN-81AF5BAB2D4E,CUST-DB128F93,ACC-27ACA934EC,1676.02,ONLINE,US,0.143532,0,LOW,0,NONE,2026-09-28T14:29:33.184168+00:00
TXN-4DDC67BE0861,CUST-F92C4CAA,ACC-FA7CBF3DA3,611.5,ONLINE,US,0.121714,0,LOW,0,NONE,2026-09-28T14:29:33.186740+00:00
TXN-4EC964A083CD,CUST-2036786F,ACC-94781DD2A2,1538.38,ONLINE,US,0.167398,0,LOW,0,NONE,2026-09-28T14:29:33.206892+00:00
TXN-4EC964A083CD,CUST-2036786F,ACC-94781DD2A2,1538.38,ONLINE,US,0.167398,0,LOW,0,NONE,2026-09-28T14:29:33.210560+00:00
TXN-8B80607C329F,CUST-18DED113,ACC-41A2B724E3,2339.77,MOBILE,US,0.184177,0,LOW,0,NONE,2026-09-28T14:29:33.215830+00:00
TXN-EE05E68A7916,CUST-F54358B9,ACC-380973E4F5,1235.33,ONLINE,US,0.122442,0,LOW,0,NONE,2026-09-28T14:29:33.229760+00:00
TXN-EE05E68A7916,CUST-F54358B9,ACC-380973E4F5,1235.33,ONLINE,US,0.122442,0,LOW,0,NONE,2026-09-28T14:29:33.234787+00:00
TXN-30BCB918EF81,CUST-E5DC66DE,ACC-DD94B44145,299.98,ATM,US,0.120343,0,LOW,0,NONE,2026-09-28T14:29:33.247882+00:00
TXN-7A9D61BDB3F8,CUST-EED46B33,ACC-0E7B5145F5,1090.76,CARD,US,0.132168,0,LOW,0,NONE,2026-09-28T14:29:33.262537+00:00
TXN-7A9D61BDB3F8,CUST-EED46B33,ACC-0E7B5145F5,1090.76,CARD,US,0.132168,0,LOW,0,NONE,2026-09-28T14:29:33.268684+00:00
TXN-4161CBDA2B40,CUST-1340B25A,ACC-F0BC04EABE,691.31,CARD,US,0.102392,0,LOW,0,NONE,2026-09-28T14:29:33.280075+00:00
TXN-6607CF8A84E4,CUST-8D1B556F,ACC-6BB6F6B8D8,1747.61,CARD,US,0.114803,0,LOW,0,NONE,2026-09-28T14:29:33.292409+00:00
TXN-6607CF8A84E4,CUST-8D1B556F,ACC-6BB6F6B8D8,1747.61,CARD,US,0.114803,0,LOW,0,NONE,2026-09-28T14:29:33.296504+00:00
TXN-6DE5D7F8DFD5,CUST-0F2AE798,ACC-E4A0F3DABB,2468.48,CARD,US,0.173517,0,LOW,0,NONE,2026-09-28T14:29:33.309105+00:00
TXN-8D9A024CD431,CUST-9C9EDA6C,ACC-66CA815A85,2394.87,ONLINE,US,0.1389,0,LOW,0,NONE,2026-09-28T14:29:33.318820+00:00
TXN-8D9A024CD431,CUST-9C9EDA6C,ACC-66CA815A85,2394.87,ONLINE,US,0.1389,0,LOW,0,NONE,2026-09-28T14:29:33.325853+00:00
TXN-652EAADC24FD,CUST-BE3C8681,ACC-C5AEFFC668,1095.27,ONLINE,US,0.153603,0,LOW,0,NONE,2026-09-28T14:29:33.339485+00:00
TXN-6FA98A29A97F,CUST-EC894868,ACC-257E174BED,33.87,ONLINE,US,0.136528,0,LOW,0,NONE,2026-09-28T14:29:33.348195+00:00
TXN-6FA98A29A97F,CUST-EC894868,ACC-257E174BED,33.87,ONLINE,US,0.136528,0,LOW,0,NONE,2026-09-28T14:29:33.351700+00:00
TXN-FEB6662959CE,CUST-C512B099,ACC-F2016B62C0,2093.42,CARD,US,0.171857,0,LOW,0,NONE,2026-09-28T14:29:33.370417+00:00
TXN-FEB6662959CE,CUST-C512B099,ACC-F2016B62C0,2093.42,CARD,US,0.171857,0,LOW,0,NONE,2026-09-28T14:29:33.372740+00:00
TXN-CEEC9395E302,CUST-9BB22FC4,ACC-5FF13A806A,2455.76,MOBILE,US,0.192611,0,LOW,0,NONE,2026-09-28T14:29:33.379698+00:00
TXN-7FE421D82F2A,CUST-D50EA3DF,ACC-62FC129322,1709.69,MOBILE,US,0.118918,0,LOW,0,NONE,2026-09-28T14:29:33.393910+00:00
TXN-7FE421D82F2A,CUST-D50EA3DF,ACC-62FC129322,1709.69,MOBILE,US,0.118918,0,LOW,0,NONE,2026-09-28T14:29:33.396413+00:00
TXN-756CA85D6269,CUST-04F285A0,ACC-1F93093AAD,1291.44,CARD,US,0.116298,0,LOW,0,NONE,2026-09-28T14:29:33.412204+00:00
TXN-2010FE4C80A6,CUST-7A7C9120,ACC-FBE9096A34,1671.54,CARD,US,0.152053,0,LOW,0,NONE,2026-09-28T14:29:33.416874+00:00
TXN-2010FE4C80A6,CUST-7A7C9120,ACC-FBE9096A34,1671.54,CARD,US,0.152053,0,LOW,0,NONE,2026-09-28T14:29:33.428798+00:00
TXN-AE3F6ED03D63,CUST-9CC9ED35,ACC-6B73B4B402,1893.98,CARD,US,0.168392,0,LOW,0,NONE,2026-09-28T14:29:33.439910+00:00
TXN-7A9D61BDB3F8,CUST-EED46B33,ACC-0E7B5145F5,1090.76,CARD,US,0.132168,0,LOW,0,NONE,2026-09-28T14:29:33.443669+00:00
TXN-AE3F6ED03D63,CUST-9CC9ED35,ACC-6B73B4B402,1893.98,CARD,US,0.168392,0,LOW,0,NONE,2026-09-28T14:29:33.453057+00:00
TXN-E8D0BB4B5FB1,CUST-4468CB9A,ACC-E43BA3BB62,1396.42,ONLINE,US,0.123877,0,LOW,0,NONE,2026-09-28T14:29:33.473927+00:00
TXN-6607CF8A84E4,CUST-8D1B556F,ACC-6BB6F6B8D8,1747.61,CARD,US,0.114803,0,LOW,0,NONE,2026-09-28T14:29:33.474742+00:00
TXN-E8D0BB4B5FB1,CUST-4468CB9A,ACC-E43BA3BB62,1396.42,ONLINE,US,0.123877,0,LOW,0,NONE,2026-09-28T14:29:33.486972+00:00
TXN-E44E749ED810,CUST-E5A753B5,ACC-68DE4FE123,1848.64,ATM,US,0.078454,0,LOW,0,NONE,2026-09-28T14:29:33.495713+00:00
TXN-2010FE4C80A6,CUST-7A7C9120,ACC-FBE9096A34,1671.54,CARD,US,0.152053,0,LOW,0,NONE,2026-09-28T14:29:33.503067+00:00
TXN-E44E749ED810,CUST-E5A753B5,ACC-68DE4FE123,1848.64,ATM,US,0.078454,0,LOW,0,NONE,2026-09-28T14:29:33.523081+00:00
TXN-EA3C97BB5936,CUST-E5DC66DE,ACC-4F8C4D4CBB,183.6,ATM,US,0.117306,0,LOW,0,NONE,2026-09-28T14:29:33.523291+00:00
TXN-E8D0BB4B5FB1,CUST-4468CB9A,ACC-E43BA3BB62,1396.42,ONLINE,US,0.123877,0,LOW,0,NONE,2026-09-28T14:29:33.535600+00:00
TXN-EA3C97BB5936,CUST-E5DC66DE,ACC-4F8C4D4CBB,183.6,ATM,US,0.117306,0,LOW,0,NONE,2026-09-28T14:29:33.546201+00:00
TXN-05457A22A385,CUST-3DFEF8A8,ACC-FC293CB526,1871.37,MOBILE,US,0.085429,0,LOW,0,NONE,2026-09-28T14:29:33.547176+00:00
TXN-4ECED8EB0DFC,CUST-3C516463,ACC-1706E093A1,1797.26,ATM,US,0.130921,0,LOW,0,NONE,2026-09-28T14:29:33.565943+00:00
TXN-05457A22A385,CUST-3DFEF8A8,ACC-FC293CB526,1871.37,MOBILE,US,0.085429,0,LOW,0,NONE,2026-09-28T14:29:33.569877+00:00
TXN-E50E1A71E0F7,CUST-C9C94AF9,ACC-2540C062A2,1774.61,ATM,US,0.096217,0,LOW,0,NONE,2026-09-28T14:29:33.570061+00:00
TXN-E50E1A71E0F7,CUST-C9C94AF9,ACC-2540C062A2,1774.61,ATM,US,0.096217,0,LOW,0,NONE,2026-09-28T14:29:33.593322+00:00
TXN-D821C6B07CFB,CUST-D8E1C394,ACC-2193007408,500.89,CARD,US,0.100144,0,LOW,0,NONE,2026-09-28T14:29:33.594046+00:00
TXN-1F226432B75F,CUST-74C677AE,ACC-2CDB149B0B,347.51,ATM,US,0.121558,0,LOW,0,NONE,2026-09-28T14:29:33.595143+00:00
TXN-D821C6B07CFB,CUST-D8E1C394,ACC-2193007408,500.89,CARD,US,0.100144,0,LOW,0,NONE,2026-09-28T14:29:33.617998+00:00
TXN-4ECED8EB0DFC,CUST-3C516463,ACC-1706E093A1,1797.26,ATM,US,0.130921,0,LOW,0,NONE,2026-09-28T14:29:33.620835+00:00
TXN-EAC83D07F2AE,CUST-994A6AD7,ACC-84453B46E3,2035.15,CARD,US,0.143649,0,LOW,0,NONE,2026-09-28T14:29:33.637860+00:00
TXN-4ECED8EB0DFC,CUST-3C516463,ACC-1706E093A1,1797.26,ATM,US,0.130921,0,LOW,0,NONE,2026-09-28T14:29:33.655538+00:00
TXN-6D2820292340,CUST-E30E3C90,ACC-EAE14A9082,2369.59,ATM,US,0.122082,0,LOW,0,NONE,2026-09-28T14:29:33.656906+00:00
TXN-3270B2CCD100,CUST-32CCB661,ACC-2535DC0CE0,1412.99,MOBILE,US,0.141818,0,LOW,0,NONE,2026-09-28T14:29:33.669281+00:00
TXN-6D2820292340,CUST-E30E3C90,ACC-EAE14A9082,2369.59,ATM,US,0.122082,0,LOW,0,NONE,2026-09-28T14:29:33.678703+00:00
TXN-1F226432B75F,CUST-74C677AE,ACC-2CDB149B0B,347.51,ATM,US,0.121558,0,LOW,0,NONE,2026-09-28T14:29:33.693243+00:00
TXN-306CE1D15CF4,CUST-314A95E6,ACC-162288A69D,1748.59,ONLINE,US,0.080316,0,LOW,0,NONE,2026-09-28T14:29:33.699859+00:00
TXN-1F226432B75F,CUST-74C677AE,ACC-2CDB149B0B,347.51,ATM,US,0.121558,0,LOW,0,NONE,2026-09-28T14:29:33.701890+00:00
TXN-51B61965153D,CUST-07CA1DEF,ACC-33F36B64EE,2301.51,ATM,US,0.460306,1,MEDIUM,1,VELOCITY_FRAUD,2026-09-28T14:29:33.730400+00:00
TXN-F20932BAC4AA,CUST-73CD1A35,ACC-DCC4162A81,1951.04,ONLINE,US,0.105494,0,LOW,0,NONE,2026-09-28T14:29:33.743996+00:00
TXN-F20932BAC4AA,CUST-73CD1A35,ACC-DCC4162A81,1951.04,ONLINE,US,0.105494,0,LOW,0,NONE,2026-09-28T14:29:33.756736+00:00
TXN-938E29C581D6,CUST-74C677AE,ACC-2CDB149B0B,2340.46,ONLINE,US,0.162232,0,LOW,0,NONE,2026-09-28T14:29:33.759736+00:00
TXN-C6EC32E31CB2,CUST-5C90698D,ACC-533D845850,1674.49,CARD,US,0.137378,0,LOW,0,NONE,2026-09-28T14:29:33.789497+00:00
TXN-EAC83D07F2AE,CUST-994A6AD7,ACC-84453B46E3,2035.15,CARD,US,0.143649,0,LOW,0,NONE,2026-09-28T14:29:33.796717+00:00
TXN-EAC83D07F2AE,CUST-994A6AD7,ACC-84453B46E3,2035.15,CARD,US,0.143649,0,LOW,0,NONE,2026-09-28T14:29:33.808039+00:00
TXN-8528B8DBD53A,CUST-FBCB10F1,ACC-4BDC4FEC1E,57.92,ONLINE,RO,0.99071,1,CRITICAL,1,GEOLOCATION_ANOMALY,2026-09-28T14:29:33.821172+00:00
TXN-3270B2CCD100,CUST-32CCB661,ACC-2535DC0CE0,1412.99,MOBILE,US,0.141818,0,LOW,0,NONE,2026-09-28T14:29:33.849762+00:00
TXN-AD34708D86EE,CUST-F3677C35,ACC-5EFC73DEF8,325.12,CARD,US,0.182311,0,LOW,0,NONE,2026-09-28T14:29:33.849785+00:00
TXN-3270B2CCD100,CUST-32CCB661,ACC-2535DC0CE0,1412.99,MOBILE,US,0.141818,0,LOW,0,NONE,2026-09-28T14:29:33.850302+00:00
TXN-B12BDC612EF0,CUST-4272B7F9,ACC-7D539EAA83,2424.43,MOBILE,US,0.228697,0,LOW,0,NONE,2026-09-28T14:29:33.885501+00:00
TXN-27104009719C,CUST-2B94D792,ACC-7A64FBCFD0,2490.1,CARD,US,0.138452,0,LOW,0,NONE,2026-09-28T14:29:33.902888+00:00
TXN-27104009719C,CUST-2B94D792,ACC-7A64FBCFD0,2490.1,CARD,US,0.138452,0,LOW,0,NONE,2026-09-28T14:29:33.903099+00:00
TXN-8CA0D0718A82,CUST-835C2A19,ACC-B3012BD0B8,1359.45,MOBILE,US,0.117978,0,LOW,0,NONE,2026-09-28T14:29:33.915654+00:00
TXN-4FE138E4D8DB,CUST-18DED113,ACC-41A2B724E3,2066.72,ONLINE,US,0.08925,0,LOW,0,NONE,2026-09-28T14:29:33.946243+00:00
TXN-306CE1D15CF4,CUST-314A95E6,ACC-162288A69D,1748.59,ONLINE,US,0.080316,0,LOW,0,NONE,2026-09-28T14:29:33.957021+00:00
TXN-306CE1D15CF4,CUST-314A95E6,ACC-162288A69D,1748.59,ONLINE,US,0.080316,0,LOW,0,NONE,2026-09-28T14:29:33.968804+00:00
TXN-641C5B03E5F5,CUST-60F8EB9C,ACC-95CAD37A71,1310.0,ATM,US,0.127324,0,LOW,0,NONE,2026-09-28T14:29:33.976576+00:00
TXN-14593EF7BE8A,CUST-F1A2F478,ACC-AC7961A365,185.97,CARD,US,0.120855,0,LOW,0,NONE,2026-09-28T14:29:34.006157+00:00
TXN-DCC431ABBAA7,CUST-4FC986C9,ACC-D3A68275DA,811.66,ONLINE,US,0.151029,0,LOW,0,NONE,2026-09-28T14:29:34.009701+00:00
TXN-DCC431ABBAA7,CUST-4FC986C9,ACC-D3A68275DA,811.66,ONLINE,US,0.151029,0,LOW,0,NONE,2026-09-28T14:29:34.021749+00:00
TXN-8C0AE1157CFC,CUST-FE7CF40C,ACC-FE504EC8D5,1513.79,MOBILE,US,0.12966,0,LOW,0,NONE,2026-09-28T14:29:34.036764+00:00
TXN-C7A7D1368F2E,CUST-80839EB7,ACC-678CAC7B3E,218.75,ATM,US,0.131264,0,LOW,0,NONE,2026-09-28T14:29:34.063318+00:00
TXN-6A35B8B25304,CUST-45BB39B7,ACC-A8F8B235B5,693.99,ATM,US,0.114342,0,LOW,0,NONE,2026-09-28T14:29:34.067614+00:00
TXN-C7A7D1368F2E,CUST-80839EB7,ACC-678CAC7B3E,218.75,ATM,US,0.131264,0,LOW,0,NONE,2026-09-28T14:29:34.075401+00:00
TXN-2E244C8F476F,CUST-204B30BD,ACC-0011E219C4,2334.2,ATM,US,0.18271,0,LOW,0,NONE,2026-09-28T14:29:34.100237+00:00
TXN-51B61965153D,CUST-07CA1DEF,ACC-33F36B64EE,2301.51,ATM,US,0.460306,0,MEDIUM,1,VELOCITY_FRAUD,2026-09-28T14:29:34.122466+00:00
TXN-51B61965153D,CUST-07CA1DEF,ACC-33F36B64EE,2301.51,ATM,US,0.460306,0,MEDIUM,1,VELOCITY_FRAUD,2026-09-28T14:29:34.122706+00:00
TXN-E5A19B3E9B41,CUST-E2B57ECD,ACC-565AEEA567,1982.62,MOBILE,US,0.088367,0,LOW,0,NONE,2026-09-28T14:29:34.140548+00:00
TXN-5E9679F4FBF7,CUST-263D656C,ACC-939378DB9E,563.18,CARD,US,0.110234,0,LOW,0,NONE,2026-09-28T14:29:34.174803+00:00
TXN-F7A77D7DB4EC,CUST-EDE7AA4A,ACC-131E244177,582.88,ONLINE,US,0.203521,0,LOW,0,NONE,2026-09-28T14:29:34.180019+00:00
TXN-F7A77D7DB4EC,CUST-EDE7AA4A,ACC-131E244177,582.88,ONLINE,US,0.203521,0,LOW,0,NONE,2026-09-28T14:29:34.180185+00:00
TXN-D2302571E442,CUST-E5A753B5,ACC-86E7CE94B0,1220.47,CARD,US,0.092193,0,LOW,0,NONE,2026-09-28T14:29:34.207349+00:00
TXN-938E29C581D6,CUST-74C677AE,ACC-2CDB149B0B,2340.46,ONLINE,US,0.162232,0,LOW,0,NONE,2026-09-28T14:29:34.220127+00:00
TXN-938E29C581D6,CUST-74C677AE,ACC-2CDB149B0B,2340.46,ONLINE,US,0.162232,0,LOW,0,NONE,2026-09-28T14:29:34.220162+00:00
TXN-9DBA05B0FDBC,CUST-516D2DDD,ACC-A90B2547DF,1328.16,MOBILE,US,0.102084,0,LOW,0,NONE,2026-09-28T14:29:34.236767+00:00
TXN-71741DB9D276,CUST-911F4401,ACC-01CFBFD75C,1593.73,MOBILE,US,0.09934,0,LOW,0,NONE,2026-09-28T14:29:34.270007+00:00
TXN-5EC9560E8D1D,CUST-4F3FDB09,ACC-A9ADD56248,186.14,MOBILE,US,0.103167,0,LOW,0,NONE,2026-09-28T14:29:34.270286+00:00
TXN-71741DB9D276,CUST-911F4401,ACC-01CFBFD75C,1593.73,MOBILE,US,0.09934,0,LOW,0,NONE,2026-09-28T14:29:34.270595+00:00
TXN-01D9FA222F9A,CUST-45BD0333,ACC-78DB803FC5,1182.15,MOBILE,US,0.134913,0,LOW,0,NONE,2026-09-28T14:29:34.299243+00:00
TXN-387460D98A87,CUST-C5D51A4F,ACC-AFF7F2FCC5,656.88,CARD,US,0.11586,0,LOW,0,NONE,2026-09-28T14:29:34.319574+00:00
TXN-387460D98A87,CUST-C5D51A4F,ACC-AFF7F2FCC5,656.88,CARD,US,0.11586,0,LOW,0,NONE,2026-09-28T14:29:34.320164+00:00
TXN-B877DA13ECDC,CUST-02BD1971,ACC-E230F2B2D1,993.03,MOBILE,US,0.124117,0,LOW,0,NONE,2026-09-28T14:29:34.343686+00:00
TXN-2B2165625EB6,CUST-9DB58BD9,ACC-A3B66B17AF,307.31,MOBILE,US,0.145312,0,LOW,0,NONE,2026-09-28T14:29:34.434540+00:00
TXN-6DCCDAF459D0,CUST-DB6E8F93,ACC-132F91E549,2205.1,ONLINE,US,0.135462,0,LOW,0,NONE,2026-09-28T14:29:34.435014+00:00
TXN-2B2165625EB6,CUST-9DB58BD9,ACC-A3B66B17AF,307.31,MOBILE,US,0.145312,0,LOW,0,NONE,2026-09-28T14:29:34.435998+00:00
TXN-6E87938097DA,CUST-E3FC58EE,ACC-AD3619475B,276.8,CARD,US,0.122271,0,LOW,0,NONE,2026-09-28T14:29:34.463676+00:00
TXN-6E87938097DA,CUST-E3FC58EE,ACC-AD3619475B,276.8,CARD,US,0.122271,0,LOW,0,NONE,2026-09-28T14:29:34.469957+00:00
TXN-9FCEEA6385FB,CUST-A2A995FD,ACC-D6E1014370,1311.86,CARD,US,0.125853,0,LOW,0,NONE,2026-09-28T14:29:34.483126+00:00
TXN-C6EC32E31CB2,CUST-5C90698D,ACC-533D845850,1674.49,CARD,US,0.137378,0,LOW,0,NONE,2026-09-28T14:29:34.489985+00:00
TXN-C6EC32E31CB2,CUST-5C90698D,ACC-533D845850,1674.49,CARD,US,0.137378,0,LOW,0,NONE,2026-09-28T14:29:34.506977+00:00
TXN-E8038BE1CAE5,CUST-23BC0459,ACC-1BDD381D38,2121.75,MOBILE,US,0.154457,0,LOW,0,NONE,2026-09-28T14:29:34.519614+00:00
TXN-AB32152905A6,CUST-8B1A8BBF,ACC-DC159FF23D,419.33,ONLINE,US,0.137956,0,LOW,0,NONE,2026-09-28T14:29:34.549893+00:00
TXN-AB32152905A6,CUST-8B1A8BBF,ACC-DC159FF23D,419.33,ONLINE,US,0.137956,0,LOW,0,NONE,2026-09-28T14:29:34.551083+00:00
TXN-EC7AE6CC4C39,CUST-D1CE00B3,ACC-FBC6BE9058,748.75,ONLINE,US,0.181543,0,LOW,0,NONE,2026-09-28T14:29:34.551501+00:00
TXN-DFF0284B6207,CUST-BD676F3F,ACC-4ADC4D9445,116.21,ONLINE,US,0.128268,0,LOW,0,NONE,2026-09-28T14:29:34.588923+00:00
TXN-DFF0284B6207,CUST-BD676F3F,ACC-4ADC4D9445,116.21,ONLINE,US,0.128268,0,LOW,0,NONE,2026-09-28T14:29:34.589056+00:00
TXN-BDC7EEB0411E,CUST-8D460C5D,ACC-D711B11B06,1271.89,CARD,US,0.173398,0,LOW,0,NONE,2026-09-28T14:29:34.591818+00:00
TXN-4DDC67BE0861,CUST-F92C4CAA,ACC-FA7CBF3DA3,611.5,ONLINE,US,0.121714,0,LOW,0,NONE,2026-09-28T14:29:34.622821+00:00
TXN-8528B8DBD53A,CUST-FBCB10F1,ACC-4BDC4FEC1E,57.92,ONLINE,RO,0.99071,1,CRITICAL,1,GEOLOCATION_ANOMALY,2026-09-28T14:29:34.643771+00:00
TXN-8528B8DBD53A,CUST-FBCB10F1,ACC-4BDC4FEC1E,57.92,ONLINE,RO,0.99071,1,CRITICAL,1,GEOLOCATION_ANOMALY,2026-09-28T14:29:34.653455+00:00
TXN-8B80607C329F,CUST-18DED113,ACC-41A2B724E3,2339.77,MOBILE,US,0.184177,0,LOW,0,NONE,2026-09-28T14:29:34.658064+00:00
TXN-30BCB918EF81,CUST-E5DC66DE,ACC-DD94B44145,299.98,ATM,US,0.120343,0,LOW,0,NONE,2026-09-28T14:29:34.689869+00:00
TXN-F93D443C53DD,CUST-05C134B3,ACC-CDA59FAB94,1825.21,MOBILE,US,0.101535,0,LOW,0,NONE,2026-09-28T14:29:34.692055+00:00
TXN-F93D443C53DD,CUST-05C134B3,ACC-CDA59FAB94,1825.21,MOBILE,US,0.101535,0,LOW,0,NONE,2026-09-28T14:29:34.693700+00:00
TXN-4161CBDA2B40,CUST-1340B25A,ACC-F0BC04EABE,691.31,CARD,US,0.102392,0,LOW,0,NONE,2026-09-28T14:29:34.723857+00:00
TXN-AD34708D86EE,CUST-F3677C35,ACC-5EFC73DEF8,325.12,CARD,US,0.182311,0,LOW,0,NONE,2026-09-28T14:29:34.744338+00:00
TXN-AD34708D86EE,CUST-F3677C35,ACC-5EFC73DEF8,325.12,CARD,US,0.182311,0,LOW,0,NONE,2026-09-28T14:29:34.746167+00:00
TXN-6DE5D7F8DFD5,CUST-0F2AE798,ACC-E4A0F3DABB,2468.48,CARD,US,0.173517,0,LOW,0,NONE,2026-09-28T14:29:34.756901+00:00
TXN-652EAADC24FD,CUST-BE3C8681,ACC-C5AEFFC668,1095.27,ONLINE,US,0.153603,0,LOW,0,NONE,2026-09-28T14:29:34.786762+00:00
TXN-042BF10D5B0C,CUST-51029931,ACC-FD09618700,2238.94,CARD,US,0.176064,0,LOW,0,NONE,2026-09-28T14:29:34.799598+00:00
TXN-042BF10D5B0C,CUST-51029931,ACC-FD09618700,2238.94,CARD,US,0.176064,0,LOW,0,NONE,2026-09-28T14:29:34.799722+00:00
TXN-CEEC9395E302,CUST-9BB22FC4,ACC-5FF13A806A,2455.76,MOBILE,US,0.192611,0,LOW,0,NONE,2026-09-28T14:29:34.818387+00:00
TXN-756CA85D6269,CUST-04F285A0,ACC-1F93093AAD,1291.44,CARD,US,0.116298,0,LOW,0,NONE,2026-09-28T14:29:34.849957+00:00
TXN-B12BDC612EF0,CUST-4272B7F9,ACC-7D539EAA83,2424.43,MOBILE,US,0.228697,0,LOW,0,NONE,2026-09-28T14:29:34.853253+00:00
TXN-B12BDC612EF0,CUST-4272B7F9,ACC-7D539EAA83,2424.43,MOBILE,US,0.228697,0,LOW,0,NONE,2026-09-28T14:29:34.853257+00:00
TXN-7A9D61BDB3F8,CUST-EED46B33,ACC-0E7B5145F5,1090.76,CARD,US,0.132168,0,LOW,0,NONE,2026-09-28T14:29:34.880058+00:00
TXN-8CA0D0718A82,CUST-835C2A19,ACC-B3012BD0B8,1359.45,MOBILE,US,0.117978,0,LOW,0,NONE,2026-09-28T14:29:34.904278+00:00
TXN-8CA0D0718A82,CUST-835C2A19,ACC-B3012BD0B8,1359.45,MOBILE,US,0.117978,0,LOW,0,NONE,2026-09-28T14:29:34.905836+00:00
TXN-6607CF8A84E4,CUST-8D1B556F,ACC-6BB6F6B8D8,1747.61,CARD,US,0.114803,0,LOW,0,NONE,2026-09-28T14:29:34.909874+00:00
TXN-2010FE4C80A6,CUST-7A7C9120,ACC-FBE9096A34,1671.54,CARD,US,0.152053,0,LOW,0,NONE,2026-09-28T14:29:34.938897+00:00
TXN-A039B16F6D94,CUST-E6AED8E7,ACC-22F41D7DFC,179.55,ATM,US,0.119204,0,LOW,0,NONE,2026-09-28T14:29:34.960480+00:00
TXN-A039B16F6D94,CUST-E6AED8E7,ACC-22F41D7DFC,179.55,ATM,US,0.119204,0,LOW,0,NONE,2026-09-28T14:29:34.961741+00:00
TXN-E8D0BB4B5FB1,CUST-4468CB9A,ACC-E43BA3BB62,1396.42,ONLINE,US,0.123877,0,LOW,0,NONE,2026-09-28T14:29:34.973193+00:00
TXN-4ECED8EB0DFC,CUST-3C516463,ACC-1706E093A1,1797.26,ATM,US,0.130921,0,LOW,0,NONE,2026-09-28T14:29:35.016631+00:00
TXN-65C13501215E,CUST-1082BEBE,ACC-1DB4C3D4EE,2266.87,ATM,US,0.162099,0,LOW,0,NONE,2026-09-28T14:29:35.018475+00:00
TXN-65C13501215E,CUST-1082BEBE,ACC-1DB4C3D4EE,2266.87,ATM,US,0.162099,0,LOW,0,NONE,2026-09-28T14:29:35.018674+00:00
TXN-1F226432B75F,CUST-74C677AE,ACC-2CDB149B0B,347.51,ATM,US,0.121558,0,LOW,0,NONE,2026-09-28T14:29:35.048082+00:00
TXN-4FE138E4D8DB,CUST-18DED113,ACC-41A2B724E3,2066.72,ONLINE,US,0.08925,0,LOW,0,NONE,2026-09-28T14:29:35.069736+00:00
TXN-4FE138E4D8DB,CUST-18DED113,ACC-41A2B724E3,2066.72,ONLINE,US,0.08925,0,LOW,0,NONE,2026-09-28T14:29:35.082415+00:00
TXN-EAC83D07F2AE,CUST-994A6AD7,ACC-84453B46E3,2035.15,CARD,US,0.143649,0,LOW,0,NONE,2026-09-28T14:29:35.084119+00:00
TXN-3270B2CCD100,CUST-32CCB661,ACC-2535DC0CE0,1412.99,MOBILE,US,0.141818,0,LOW,0,NONE,2026-09-28T14:29:35.131481+00:00
TXN-D1700D8D506D,CUST-F4BEC821,ACC-9615055F38,393.58,ONLINE,US,0.13911,0,LOW,0,NONE,2026-09-28T14:29:35.132111+00:00
TXN-D1700D8D506D,CUST-F4BEC821,ACC-9615055F38,393.58,ONLINE,US,0.13911,0,LOW,0,NONE,2026-09-28T14:29:35.132499+00:00
TXN-641C5B03E5F5,CUST-60F8EB9C,ACC-95CAD37A71,1310.0,ATM,US,0.127324,0,LOW,0,NONE,2026-09-28T14:29:35.173916+00:00
TXN-306CE1D15CF4,CUST-314A95E6,ACC-162288A69D,1748.59,ONLINE,US,0.080316,0,LOW,0,NONE,2026-09-28T14:29:35.185078+00:00
TXN-641C5B03E5F5,CUST-60F8EB9C,ACC-95CAD37A71,1310.0,ATM,US,0.127324,0,LOW,0,NONE,2026-09-28T14:29:35.185093+00:00
TXN-51B61965153D,CUST-07CA1DEF,ACC-33F36B64EE,2301.51,ATM,US,0.460306,1,MEDIUM,1,VELOCITY_FRAUD,2026-09-28T14:29:35.231236+00:00
TXN-938E29C581D6,CUST-74C677AE,ACC-2CDB149B0B,2340.46,ONLINE,US,0.162232,0,LOW,0,NONE,2026-09-28T14:29:35.267294+00:00
TXN-9764BACFBE6D,CUST-F98A8AD4,ACC-FDCB5683B1,1907.47,ATM,US,0.119618,0,LOW,0,NONE,2026-09-28T14:29:35.273593+00:00
TXN-9764BACFBE6D,CUST-F98A8AD4,ACC-FDCB5683B1,1907.47,ATM,US,0.119618,0,LOW,0,NONE,2026-09-28T14:29:35.282772+00:00
TXN-CBFBE5F5177D,CUST-3179A0E8,ACC-D59D1F1EB8,12095.99,MOBILE,US,1.0,1,CRITICAL,1,HIGH_VALUE_FRAUD,2026-09-28T14:29:35.298013+00:00
TXN-C6EC32E31CB2,CUST-5C90698D,ACC-533D845850,1674.49,CARD,US,0.137378,0,LOW,0,NONE,2026-09-28T14:29:35.308275+00:00
TXN-CBFBE5F5177D,CUST-3179A0E8,ACC-D59D1F1EB8,12095.99,MOBILE,US,1.0,1,CRITICAL,1,HIGH_VALUE_FRAUD,2026-09-28T14:29:35.317658+00:00
TXN-14593EF7BE8A,CUST-F1A2F478,ACC-AC7961A365,185.97,CARD,US,0.120855,0,LOW,0,NONE,2026-09-28T14:29:35.329351+00:00
TXN-14593EF7BE8A,CUST-F1A2F478,ACC-AC7961A365,185.97,CARD,US,0.120855,0,LOW,0,NONE,2026-09-28T14:29:35.339718+00:00
TXN-8528B8DBD53A,CUST-FBCB10F1,ACC-4BDC4FEC1E,57.92,ONLINE,RO,0.99071,1,CRITICAL,1,GEOLOCATION_ANOMALY,2026-09-28T14:29:35.351747+00:00
TXN-8C0AE1157CFC,CUST-FE7CF40C,ACC-FE504EC8D5,1513.79,MOBILE,US,0.12966,0,LOW,0,NONE,2026-09-28T14:29:35.378443+00:00
TXN-8C0AE1157CFC,CUST-FE7CF40C,ACC-FE504EC8D5,1513.79,MOBILE,US,0.12966,0,LOW,0,NONE,2026-09-28T14:29:35.379174+00:00
TXN-AD34708D86EE,CUST-F3677C35,ACC-5EFC73DEF8,325.12,CARD,US,0.182311,0,LOW,0,NONE,2026-09-28T14:29:35.380834+00:00
TXN-B12BDC612EF0,CUST-4272B7F9,ACC-7D539EAA83,2424.43,MOBILE,US,0.228697,0,LOW,0,NONE,2026-09-28T14:29:35.411266+00:00
TXN-6A35B8B25304,CUST-45BB39B7,ACC-A8F8B235B5,693.99,ATM,US,0.114342,0,LOW,0,NONE,2026-09-28T14:29:35.433015+00:00
TXN-6A35B8B25304,CUST-45BB39B7,ACC-A8F8B235B5,693.99,ATM,US,0.114342,0,LOW,0,NONE,2026-09-28T14:29:35.433014+00:00
TXN-8CA0D0718A82,CUST-835C2A19,ACC-B3012BD0B8,1359.45,MOBILE,US,0.117978,0,LOW,0,NONE,2026-09-28T14:29:35.444846+00:00
TXN-4FE138E4D8DB,CUST-18DED113,ACC-41A2B724E3,2066.72,ONLINE,US,0.08925,0,LOW,0,NONE,2026-09-28T14:29:35.474445+00:00
TXN-1F71C34AC8E7,CUST-C2590469,ACC-1AC56FD1AA,2286.1,CARD,US,0.234995,0,LOW,0,NONE,2026-09-28T14:29:35.485518+00:00
TXN-1F71C34AC8E7,CUST-C2590469,ACC-1AC56FD1AA,2286.1,CARD,US,0.234995,0,LOW,0,NONE,2026-09-28T14:29:35.486140+00:00
TXN-641C5B03E5F5,CUST-60F8EB9C,ACC-95CAD37A71,1310.0,ATM,US,0.127324,0,LOW,0,NONE,2026-09-28T14:29:35.507522+00:00
TXN-55E3F40A8269,CUST-1E5AE413,ACC-D5C19F2D5F,2376.38,MOBILE,US,0.171195,0,LOW,0,NONE,2026-09-28T14:29:35.557257+00:00
TXN-14593EF7BE8A,CUST-F1A2F478,ACC-AC7961A365,185.97,CARD,US,0.120855,0,LOW,0,NONE,2026-09-28T14:29:35.557713+00:00
TXN-55E3F40A8269,CUST-1E5AE413,ACC-D5C19F2D5F,2376.38,MOBILE,US,0.171195,0,LOW,0,NONE,2026-09-28T14:29:35.564294+00:00
TXN-2E244C8F476F,CUST-204B30BD,ACC-0011E219C4,2334.2,ATM,US,0.18271,0,LOW,0,NONE,2026-09-28T14:29:35.585485+00:00
TXN-2E244C8F476F,CUST-204B30BD,ACC-0011E219C4,2334.2,ATM,US,0.18271,0,LOW,0,NONE,2026-09-28T14:29:35.586493+00:00
TXN-8C0AE1157CFC,CUST-FE7CF40C,ACC-FE504EC8D5,1513.79,MOBILE,US,0.12966,0,LOW,0,NONE,2026-09-28T14:29:35.593161+00:00
TXN-6A35B8B25304,CUST-45BB39B7,ACC-A8F8B235B5,693.99,ATM,US,0.114342,0,LOW,0,NONE,2026-09-28T14:29:35.622918+00:00
TXN-727DC0387403,CUST-23D705E4,ACC-EC5121D788,2099.37,MOBILE,US,0.136715,0,LOW,0,NONE,2026-09-28T14:29:35.643782+00:00
TXN-727DC0387403,CUST-23D705E4,ACC-EC5121D788,2099.37,MOBILE,US,0.136715,0,LOW,0,NONE,2026-09-28T14:29:35.654239+00:00
TXN-2E244C8F476F,CUST-204B30BD,ACC-0011E219C4,2334.2,ATM,US,0.18271,0,LOW,0,NONE,2026-09-28T14:29:35.670023+00:00
TXN-761721534D71,CUST-32D705D5,ACC-AAB0C76043,1561.22,ONLINE,US,0.120953,0,LOW,0,NONE,2026-09-28T14:29:35.693452+00:00
TXN-761721534D71,CUST-32D705D5,ACC-AAB0C76043,1561.22,ONLINE,US,0.120953,0,LOW,0,NONE,2026-09-28T14:29:35.693872+00:00
TXN-E5A19B3E9B41,CUST-E2B57ECD,ACC-565AEEA567,1982.62,MOBILE,US,0.088367,0,LOW,0,NONE,2026-09-28T14:29:35.704706+00:00
TXN-5E9679F4FBF7,CUST-263D656C,ACC-939378DB9E,563.18,CARD,US,0.110234,0,LOW,0,NONE,2026-09-28T14:29:35.735570+00:00
TXN-E5A19B3E9B41,CUST-E2B57ECD,ACC-565AEEA567,1982.62,MOBILE,US,0.088367,0,LOW,0,NONE,2026-09-28T14:29:35.745804+00:00
TXN-E5A19B3E9B41,CUST-E2B57ECD,ACC-565AEEA567,1982.62,MOBILE,US,0.088367,0,LOW,0,NONE,2026-09-28T14:29:35.755372+00:00
TXN-D2302571E442,CUST-E5A753B5,ACC-86E7CE94B0,1220.47,CARD,US,0.092193,0,LOW,0,NONE,2026-09-28T14:29:35.771858+00:00
TXN-5E9679F4FBF7,CUST-263D656C,ACC-939378DB9E,563.18,CARD,US,0.110234,0,LOW,0,NONE,2026-09-28T14:29:35.793342+00:00
TXN-5E9679F4FBF7,CUST-263D656C,ACC-939378DB9E,563.18,CARD,US,0.110234,0,LOW,0,NONE,2026-09-28T14:29:35.794748+00:00
TXN-9DBA05B0FDBC,CUST-516D2DDD,ACC-A90B2547DF,1328.16,MOBILE,US,0.102084,0,LOW,0,NONE,2026-09-28T14:29:35.802851+00:00
TXN-5EC9560E8D1D,CUST-4F3FDB09,ACC-A9ADD56248,186.14,MOBILE,US,0.103167,0,LOW,0,NONE,2026-09-28T14:29:35.833309+00:00
TXN-1DF0F5749D0D,CUST-FCBFC9B4,ACC-FC8B20FDC1,1828.97,MOBILE,US,0.091088,0,LOW,0,NONE,2026-09-28T14:29:35.862869+00:00
TXN-1DF0F5749D0D,CUST-FCBFC9B4,ACC-FC8B20FDC1,1828.97,MOBILE,US,0.091088,0,LOW,0,NONE,2026-09-28T14:29:35.862961+00:00
TXN-01D9FA222F9A,CUST-45BD0333,ACC-78DB803FC5,1182.15,MOBILE,US,0.134913,0,LOW,0,NONE,2026-09-28T14:29:35.869230+00:00
TXN-B877DA13ECDC,CUST-02BD1971,ACC-E230F2B2D1,993.03,MOBILE,US,0.124117,0,LOW,0,NONE,2026-09-28T14:29:35.903541+00:00
TXN-D2302571E442,CUST-E5A753B5,ACC-86E7CE94B0,1220.47,CARD,US,0.092193,0,LOW,0,NONE,2026-09-28T14:29:35.915943+00:00
TXN-D2302571E442,CUST-E5A753B5,ACC-86E7CE94B0,1220.47,CARD,US,0.092193,0,LOW,0,NONE,2026-09-28T14:29:35.916307+00:00
TXN-6DCCDAF459D0,CUST-DB6E8F93,ACC-132F91E549,2205.1,ONLINE,US,0.135462,0,LOW,0,NONE,2026-09-28T14:29:35.932843+00:00
TXN-4C6A974DC434,CUST-CF4B085B,ACC-1B0E0A3E94,2161.09,CARD,US,0.144033,0,LOW,0,NONE,2026-09-28T14:29:35.954005+00:00
TXN-4C6A974DC434,CUST-CF4B085B,ACC-1B0E0A3E94,2161.09,CARD,US,0.144033,0,LOW,0,NONE,2026-09-28T14:29:35.954254+00:00
TXN-9FCEEA6385FB,CUST-A2A995FD,ACC-D6E1014370,1311.86,CARD,US,0.125853,0,LOW,0,NONE,2026-09-28T14:29:35.962352+00:00
TXN-E8038BE1CAE5,CUST-23BC0459,ACC-1BDD381D38,2121.75,MOBILE,US,0.154457,0,LOW,0,NONE,2026-09-28T14:29:35.993243+00:00
TXN-9DBA05B0FDBC,CUST-516D2DDD,ACC-A90B2547DF,1328.16,MOBILE,US,0.102084,0,LOW,0,NONE,2026-09-28T14:29:36.009095+00:00
TXN-9DBA05B0FDBC,CUST-516D2DDD,ACC-A90B2547DF,1328.16,MOBILE,US,0.102084,0,LOW,0,NONE,2026-09-28T14:29:36.010520+00:00
TXN-EC7AE6CC4C39,CUST-D1CE00B3,ACC-FBC6BE9058,748.75,ONLINE,US,0.181543,0,LOW,0,NONE,2026-09-28T14:29:36.029110+00:00
TXN-5EC9560E8D1D,CUST-4F3FDB09,ACC-A9ADD56248,186.14,MOBILE,US,0.103167,0,LOW,0,NONE,2026-09-28T14:29:36.060386+00:00
TXN-5EC9560E8D1D,CUST-4F3FDB09,ACC-A9ADD56248,186.14,MOBILE,US,0.103167,0,LOW,0,NONE,2026-09-28T14:29:36.060600+00:00
TXN-BDC7EEB0411E,CUST-8D460C5D,ACC-D711B11B06,1271.89,CARD,US,0.173398,0,LOW,0,NONE,2026-09-28T14:29:36.060993+00:00
TXN-4DDC67BE0861,CUST-F92C4CAA,ACC-FA7CBF3DA3,611.5,ONLINE,US,0.121714,0,LOW,0,NONE,2026-09-28T14:29:36.093858+00:00
TXN-01D9FA222F9A,CUST-45BD0333,ACC-78DB803FC5,1182.15,MOBILE,US,0.134913,0,LOW,0,NONE,2026-09-28T14:29:36.117671+00:00
TXN-01D9FA222F9A,CUST-45BD0333,ACC-78DB803FC5,1182.15,MOBILE,US,0.134913,0,LOW,0,NONE,2026-09-28T14:29:36.127994+00:00
TXN-8B80607C329F,CUST-18DED113,ACC-41A2B724E3,2339.77,MOBILE,US,0.184177,0,LOW,0,NONE,2026-09-28T14:29:36.128812+00:00
TXN-30BCB918EF81,CUST-E5DC66DE,ACC-DD94B44145,299.98,ATM,US,0.120343,0,LOW,0,NONE,2026-09-28T14:29:36.160564+00:00
TXN-C364AC7CAF34,CUST-A7BBA380,ACC-5FF102FA7F,1579.23,ONLINE,US,0.140695,0,LOW,0,NONE,2026-09-28T14:29:36.170049+00:00
TXN-C364AC7CAF34,CUST-A7BBA380,ACC-5FF102FA7F,1579.23,ONLINE,US,0.140695,0,LOW,0,NONE,2026-09-28T14:29:36.171485+00:00
TXN-4161CBDA2B40,CUST-1340B25A,ACC-F0BC04EABE,691.31,CARD,US,0.102392,0,LOW,0,NONE,2026-09-28T14:29:36.194953+00:00
TXN-59E05C275DAA,CUST-6F54AE66,ACC-9E81E14B4C,910.13,CARD,US,0.167953,0,LOW,0,NONE,2026-09-28T14:29:36.223061+00:00
TXN-59E05C275DAA,CUST-6F54AE66,ACC-9E81E14B4C,910.13,CARD,US,0.167953,0,LOW,0,NONE,2026-09-28T14:29:36.223088+00:00
TXN-6DE5D7F8DFD5,CUST-0F2AE798,ACC-E4A0F3DABB,2468.48,CARD,US,0.173517,0,LOW,0,NONE,2026-09-28T14:29:36.231495+00:00
TXN-652EAADC24FD,CUST-BE3C8681,ACC-C5AEFFC668,1095.27,ONLINE,US,0.153603,0,LOW,0,NONE,2026-09-28T14:29:36.263655+00:00
TXN-A8EEC579BEDB,CUST-DBF132C6,ACC-2B0C34272C,1751.97,MOBILE,US,0.100072,0,LOW,0,NONE,2026-09-28T14:29:36.276820+00:00
TXN-A8EEC579BEDB,CUST-DBF132C6,ACC-2B0C34272C,1751.97,MOBILE,US,0.100072,0,LOW,0,NONE,2026-09-28T14:29:36.277113+00:00
TXN-CEEC9395E302,CUST-9BB22FC4,ACC-5FF13A806A,2455.76,MOBILE,US,0.192611,0,LOW,0,NONE,2026-09-28T14:29:36.297489+00:00
TXN-B877DA13ECDC,CUST-02BD1971,ACC-E230F2B2D1,993.03,MOBILE,US,0.124117,0,LOW,0,NONE,2026-09-28T14:29:36.326021+00:00
TXN-B877DA13ECDC,CUST-02BD1971,ACC-E230F2B2D1,993.03,MOBILE,US,0.124117,0,LOW,0,NONE,2026-09-28T14:29:36.326818+00:00
TXN-756CA85D6269,CUST-04F285A0,ACC-1F93093AAD,1291.44,CARD,US,0.116298,0,LOW,0,NONE,2026-09-28T14:29:36.330691+00:00
TXN-7A9D61BDB3F8,CUST-EED46B33,ACC-0E7B5145F5,1090.76,CARD,US,0.132168,0,LOW,0,NONE,2026-09-28T14:29:36.362969+00:00
TXN-987E329B35F5,CUST-ECE22CF8,ACC-33C6E98A1E,491.64,ATM,US,0.141848,0,LOW,0,NONE,2026-09-28T14:29:36.383089+00:00
TXN-987E329B35F5,CUST-ECE22CF8,ACC-33C6E98A1E,491.64,ATM,US,0.141848,0,LOW,0,NONE,2026-09-28T14:29:36.383208+00:00
TXN-6607CF8A84E4,CUST-8D1B556F,ACC-6BB6F6B8D8,1747.61,CARD,US,0.114803,0,LOW,0,NONE,2026-09-28T14:29:36.398099+00:00
TXN-2010FE4C80A6,CUST-7A7C9120,ACC-FBE9096A34,1671.54,CARD,US,0.152053,0,LOW,0,NONE,2026-09-28T14:29:36.430890+00:00
TXN-6DCCDAF459D0,CUST-DB6E8F93,ACC-132F91E549,2205.1,ONLINE,US,0.135462,0,LOW,0,NONE,2026-09-28T14:29:36.431300+00:00
TXN-6DCCDAF459D0,CUST-DB6E8F93,ACC-132F91E549,2205.1,ONLINE,US,0.135462,0,LOW,0,NONE,2026-09-28T14:29:36.431369+00:00
TXN-E8D0BB4B5FB1,CUST-4468CB9A,ACC-E43BA3BB62,1396.42,ONLINE,US,0.123877,0,LOW,0,NONE,2026-09-28T14:29:36.465361+00:00
TXN-9096C1B63010,CUST-DCB6C5A4,ACC-DB775910FD,1375.91,ATM,US,0.133773,0,LOW,0,NONE,2026-09-28T14:29:36.484859+00:00
TXN-9096C1B63010,CUST-DCB6C5A4,ACC-DB775910FD,1375.91,ATM,US,0.133773,0,LOW,0,NONE,2026-09-28T14:29:36.486789+00:00
TXN-4ECED8EB0DFC,CUST-3C516463,ACC-1706E093A1,1797.26,ATM,US,0.130921,0,LOW,0,NONE,2026-09-28T14:29:36.498857+00:00
TXN-1F226432B75F,CUST-74C677AE,ACC-2CDB149B0B,347.51,ATM,US,0.121558,0,LOW,0,NONE,2026-09-28T14:29:36.528053+00:00
TXN-A76A0A80D26F,CUST-589A2A78,ACC-B3F45D79AD,1805.45,MOBILE,US,0.125377,0,LOW,0,NONE,2026-09-28T14:29:36.533791+00:00
TXN-A76A0A80D26F,CUST-589A2A78,ACC-B3F45D79AD,1805.45,MOBILE,US,0.125377,0,LOW,0,NONE,2026-09-28T14:29:36.534828+00:00
TXN-EAC83D07F2AE,CUST-994A6AD7,ACC-84453B46E3,2035.15,CARD,US,0.143649,0,LOW,0,NONE,2026-09-28T14:29:36.558358+00:00
TXN-9FCEEA6385FB,CUST-A2A995FD,ACC-D6E1014370,1311.86,CARD,US,0.125853,0,LOW,0,NONE,2026-09-28T14:29:36.586324+00:00
TXN-9FCEEA6385FB,CUST-A2A995FD,ACC-D6E1014370,1311.86,CARD,US,0.125853,0,LOW,0,NONE,2026-09-28T14:29:36.586662+00:00
TXN-3270B2CCD100,CUST-32CCB661,ACC-2535DC0CE0,1412.99,MOBILE,US,0.141818,0,LOW,0,NONE,2026-09-28T14:29:36.589734+00:00
TXN-306CE1D15CF4,CUST-314A95E6,ACC-162288A69D,1748.59,ONLINE,US,0.080316,0,LOW,0,NONE,2026-09-28T14:29:36.620684+00:00
TXN-A72FF80F31CA,CUST-49D196D6,ACC-56B636CADF,2059.51,ATM,US,0.140464,0,LOW,0,NONE,2026-09-28T14:29:36.640332+00:00
TXN-A72FF80F31CA,CUST-49D196D6,ACC-56B636CADF,2059.51,ATM,US,0.140464,0,LOW,0,NONE,2026-09-28T14:29:36.640855+00:00
TXN-51B61965153D,CUST-07CA1DEF,ACC-33F36B64EE,2301.51,ATM,US,0.460306,1,MEDIUM,1,VELOCITY_FRAUD,2026-09-28T14:29:36.652809+00:00
TXN-938E29C581D6,CUST-74C677AE,ACC-2CDB149B0B,2340.46,ONLINE,US,0.162232,0,LOW,0,NONE,2026-09-28T14:29:36.684101+00:00
TXN-25BE129492E4,CUST-30ED4DF9,ACC-4F4D43B5C4,726.0,CARD,US,0.123329,0,LOW,0,NONE,2026-09-28T14:29:36.692114+00:00
TXN-25BE129492E4,CUST-30ED4DF9,ACC-4F4D43B5C4,726.0,CARD,US,0.123329,0,LOW,0,NONE,2026-09-28T14:29:36.704730+00:00
TXN-C6EC32E31CB2,CUST-5C90698D,ACC-533D845850,1674.49,CARD,US,0.137378,0,LOW,0,NONE,2026-09-28T14:29:36.728057+00:00
TXN-E8038BE1CAE5,CUST-23BC0459,ACC-1BDD381D38,2121.75,MOBILE,US,0.154457,0,LOW,0,NONE,2026-09-28T14:29:36.748780+00:00
TXN-E8038BE1CAE5,CUST-23BC0459,ACC-1BDD381D38,2121.75,MOBILE,US,0.154457,0,LOW,0,NONE,2026-09-28T14:29:36.757884+00:00
TXN-8528B8DBD53A,CUST-FBCB10F1,ACC-4BDC4FEC1E,57.92,ONLINE,RO,0.99071,1,CRITICAL,1,GEOLOCATION_ANOMALY,2026-09-28T14:29:36.769822+00:00
TXN-EC7AE6CC4C39,CUST-D1CE00B3,ACC-FBC6BE9058,748.75,ONLINE,US,0.181543,0,LOW,0,NONE,2026-09-28T14:29:36.798489+00:00
TXN-EC7AE6CC4C39,CUST-D1CE00B3,ACC-FBC6BE9058,748.75,ONLINE,US,0.181543,0,LOW,0,NONE,2026-09-28T14:29:36.798489+00:00
TXN-AD34708D86EE,CUST-F3677C35,ACC-5EFC73DEF8,325.12,CARD,US,0.182311,0,LOW,0,NONE,2026-09-28T14:29:36.801481+00:00
TXN-B12BDC612EF0,CUST-4272B7F9,ACC-7D539EAA83,2424.43,MOBILE,US,0.228697,0,LOW,0,NONE,2026-09-28T14:29:36.832874+00:00
TXN-BDC7EEB0411E,CUST-8D460C5D,ACC-D711B11B06,1271.89,CARD,US,0.173398,0,LOW,0,NONE,2026-09-28T14:29:36.852760+00:00
TXN-BDC7EEB0411E,CUST-8D460C5D,ACC-D711B11B06,1271.89,CARD,US,0.173398,0,LOW,0,NONE,2026-09-28T14:29:36.853388+00:00
TXN-8CA0D0718A82,CUST-835C2A19,ACC-B3012BD0B8,1359.45,MOBILE,US,0.117978,0,LOW,0,NONE,2026-09-28T14:29:36.867381+00:00
TXN-4FE138E4D8DB,CUST-18DED113,ACC-41A2B724E3,2066.72,ONLINE,US,0.08925,0,LOW,0,NONE,2026-09-28T14:29:36.898958+00:00
TXN-AF9C8188B186,CUST-88410A30,ACC-444A7187FC,395.68,CARD,US,0.11332,0,LOW,0,NONE,2026-09-28T14:29:36.905189+00:00
TXN-AF9C8188B186,CUST-88410A30,ACC-444A7187FC,395.68,CARD,US,0.11332,0,LOW,0,NONE,2026-09-28T14:29:36.905532+00:00
TXN-641C5B03E5F5,CUST-60F8EB9C,ACC-95CAD37A71,1310.0,ATM,US,0.127324,0,LOW,0,NONE,2026-09-28T14:29:36.933696+00:00
TXN-F3B04C0D361F,CUST-8CF80A0C,ACC-DB4717F1AF,905.54,ONLINE,US,0.14294,0,LOW,0,NONE,2026-09-28T14:29:36.957520+00:00
TXN-F3B04C0D361F,CUST-8CF80A0C,ACC-DB4717F1AF,905.54,ONLINE,US,0.14294,0,LOW,0,NONE,2026-09-28T14:29:36.957642+00:00
TXN-14593EF7BE8A,CUST-F1A2F478,ACC-AC7961A365,185.97,CARD,US,0.120855,0,LOW,0,NONE,2026-09-28T14:29:36.964597+00:00
TXN-8C0AE1157CFC,CUST-FE7CF40C,ACC-FE504EC8D5,1513.79,MOBILE,US,0.12966,0,LOW,0,NONE,2026-09-28T14:29:36.993409+00:00
TXN-4DDC67BE0861,CUST-F92C4CAA,ACC-FA7CBF3DA3,611.5,ONLINE,US,0.121714,0,LOW,0,NONE,2026-09-28T14:29:37.009056+00:00
TXN-4DDC67BE0861,CUST-F92C4CAA,ACC-FA7CBF3DA3,611.5,ONLINE,US,0.121714,0,LOW,0,NONE,2026-09-28T14:29:37.021290+00:00
TXN-6A35B8B25304,CUST-45BB39B7,ACC-A8F8B235B5,693.99,ATM,US,0.114342,0,LOW,0,NONE,2026-09-28T14:29:37.026966+00:00
TXN-2E244C8F476F,CUST-204B30BD,ACC-0011E219C4,2334.2,ATM,US,0.18271,0,LOW,0,NONE,2026-09-28T14:29:37.057434+00:00
TXN-8B80607C329F,CUST-18DED113,ACC-41A2B724E3,2339.77,MOBILE,US,0.184177,0,LOW,0,NONE,2026-09-28T14:29:37.061185+00:00
TXN-8B80607C329F,CUST-18DED113,ACC-41A2B724E3,2339.77,MOBILE,US,0.184177,0,LOW,0,NONE,2026-09-28T14:29:37.061553+00:00
TXN-E5A19B3E9B41,CUST-E2B57ECD,ACC-565AEEA567,1982.62,MOBILE,US,0.088367,0,LOW,0,NONE,2026-09-28T14:29:37.087822+00:00
TXN-30BCB918EF81,CUST-E5DC66DE,ACC-DD94B44145,299.98,ATM,US,0.120343,0,LOW,0,NONE,2026-09-28T14:29:37.114081+00:00
TXN-30BCB918EF81,CUST-E5DC66DE,ACC-DD94B44145,299.98,ATM,US,0.120343,0,LOW,0,NONE,2026-09-28T14:29:37.116362+00:00
TXN-5E9679F4FBF7,CUST-263D656C,ACC-939378DB9E,563.18,CARD,US,0.110234,0,LOW,0,NONE,2026-09-28T14:29:37.122625+00:00
TXN-D2302571E442,CUST-E5A753B5,ACC-86E7CE94B0,1220.47,CARD,US,0.092193,0,LOW,0,NONE,2026-09-28T14:29:37.155371+00:00
TXN-AAC950CF59C5,CUST-57EE0CB3,ACC-233E8C0E66,2498.89,MOBILE,US,0.193945,0,LOW,0,NONE,2026-09-28T14:29:37.166923+00:00
TXN-AAC950CF59C5,CUST-57EE0CB3,ACC-233E8C0E66,2498.89,MOBILE,US,0.193945,0,LOW,0,NONE,2026-09-28T14:29:37.166901+00:00
TXN-9DBA05B0FDBC,CUST-516D2DDD,ACC-A90B2547DF,1328.16,MOBILE,US,0.102084,0,LOW,0,NONE,2026-09-28T14:29:37.186238+00:00
TXN-5EC9560E8D1D,CUST-4F3FDB09,ACC-A9ADD56248,186.14,MOBILE,US,0.103167,0,LOW,0,NONE,2026-09-28T14:29:37.218116+00:00
TXN-189FD6164891,CUST-B098667D,ACC-320130992F,2106.49,ATM,US,0.14343,0,LOW,0,NONE,2026-09-28T14:29:37.219959+00:00
TXN-189FD6164891,CUST-B098667D,ACC-320130992F,2106.49,ATM,US,0.14343,0,LOW,0,NONE,2026-09-28T14:29:37.221027+00:00
TXN-01D9FA222F9A,CUST-45BD0333,ACC-78DB803FC5,1182.15,MOBILE,US,0.134913,0,LOW,0,NONE,2026-09-28T14:29:37.249294+00:00
TXN-4161CBDA2B40,CUST-1340B25A,ACC-F0BC04EABE,691.31,CARD,US,0.102392,0,LOW,0,NONE,2026-09-28T14:29:37.270706+00:00
TXN-4161CBDA2B40,CUST-1340B25A,ACC-F0BC04EABE,691.31,CARD,US,0.102392,0,LOW,0,NONE,2026-09-28T14:29:37.273153+00:00
TXN-B877DA13ECDC,CUST-02BD1971,ACC-E230F2B2D1,993.03,MOBILE,US,0.124117,0,LOW,0,NONE,2026-09-28T14:29:37.282766+00:00
TXN-6DCCDAF459D0,CUST-DB6E8F93,ACC-132F91E549,2205.1,ONLINE,US,0.135462,0,LOW,0,NONE,2026-09-28T14:29:37.312416+00:00
TXN-6DE5D7F8DFD5,CUST-0F2AE798,ACC-E4A0F3DABB,2468.48,CARD,US,0.173517,0,LOW,0,NONE,2026-09-28T14:29:37.323766+00:00
TXN-6DE5D7F8DFD5,CUST-0F2AE798,ACC-E4A0F3DABB,2468.48,CARD,US,0.173517,0,LOW,0,NONE,2026-09-28T14:29:37.323825+00:00
TXN-9FCEEA6385FB,CUST-A2A995FD,ACC-D6E1014370,1311.86,CARD,US,0.125853,0,LOW,0,NONE,2026-09-28T14:29:37.342821+00:00
TXN-18490C0B7838,CUST-F4BEC821,ACC-9615055F38,1085.04,ONLINE,US,0.128217,0,LOW,0,NONE,2026-09-28T14:29:37.373847+00:00
TXN-E8038BE1CAE5,CUST-23BC0459,ACC-1BDD381D38,2121.75,MOBILE,US,0.154457,0,LOW,0,NONE,2026-09-28T14:29:37.373812+00:00
TXN-18490C0B7838,CUST-F4BEC821,ACC-9615055F38,1085.04,ONLINE,US,0.128217,0,LOW,0,NONE,2026-09-28T14:29:37.373923+00:00
TXN-EC7AE6CC4C39,CUST-D1CE00B3,ACC-FBC6BE9058,748.75,ONLINE,US,0.181543,0,LOW,0,NONE,2026-09-28T14:29:37.408233+00:00
TXN-A95EF250B91F,CUST-911F4401,ACC-8DFEE4E4EA,1346.87,ONLINE,US,0.141989,0,LOW,0,NONE,2026-09-28T14:29:37.429994+00:00
TXN-A95EF250B91F,CUST-911F4401,ACC-8DFEE4E4EA,1346.87,ONLINE,US,0.141989,0,LOW,0,NONE,2026-09-28T14:29:37.430193+00:00
TXN-BDC7EEB0411E,CUST-8D460C5D,ACC-D711B11B06,1271.89,CARD,US,0.173398,0,LOW,0,NONE,2026-09-28T14:29:37.440805+00:00
TXN-4DDC67BE0861,CUST-F92C4CAA,ACC-FA7CBF3DA3,611.5,ONLINE,US,0.121714,0,LOW,0,NONE,2026-09-28T14:29:37.469988+00:00
TXN-A45059E46B77,CUST-F926DC90,ACC-5ABE96139F,83.16,ONLINE,US,0.147584,0,LOW,0,NONE,2026-09-28T14:29:37.491785+00:00
TXN-A45059E46B77,CUST-F926DC90,ACC-5ABE96139F,83.16,ONLINE,US,0.147584,0,LOW,0,NONE,2026-09-28T14:29:37.491920+00:00
TXN-8B80607C329F,CUST-18DED113,ACC-41A2B724E3,2339.77,MOBILE,US,0.184177,0,LOW,0,NONE,2026-09-28T14:29:37.501622+00:00
TXN-30BCB918EF81,CUST-E5DC66DE,ACC-DD94B44145,299.98,ATM,US,0.120343,0,LOW,0,NONE,2026-09-28T14:29:37.531945+00:00
TXN-652EAADC24FD,CUST-BE3C8681,ACC-C5AEFFC668,1095.27,ONLINE,US,0.153603,0,LOW,0,NONE,2026-09-28T14:29:37.536408+00:00
TXN-652EAADC24FD,CUST-BE3C8681,ACC-C5AEFFC668,1095.27,ONLINE,US,0.153603,0,LOW,0,NONE,2026-09-28T14:29:37.544420+00:00
TXN-4161CBDA2B40,CUST-1340B25A,ACC-F0BC04EABE,691.31,CARD,US,0.102392,0,LOW,0,NONE,2026-09-28T14:29:37.564793+00:00
TXN-30A61AE152E9,CUST-FEE40DDC,ACC-DCF518CCD0,2267.27,CARD,US,0.410617,0,MEDIUM,1,VELOCITY_FRAUD,2026-09-28T14:29:37.585872+00:00
TXN-30A61AE152E9,CUST-FEE40DDC,ACC-DCF518CCD0,2267.27,CARD,US,0.410617,0,MEDIUM,1,VELOCITY_FRAUD,2026-09-28T14:29:37.586394+00:00
TXN-6DE5D7F8DFD5,CUST-0F2AE798,ACC-E4A0F3DABB,2468.48,CARD,US,0.173517,0,LOW,0,NONE,2026-09-28T14:29:37.596770+00:00
TXN-652EAADC24FD,CUST-BE3C8681,ACC-C5AEFFC668,1095.27,ONLINE,US,0.153603,0,LOW,0,NONE,2026-09-28T14:29:37.628404+00:00
TXN-3F634B0A75DB,CUST-B43F8E46,ACC-6749A89E5F,1788.52,CARD,US,0.087807,0,LOW,0,NONE,2026-09-28T14:29:37.643163+00:00
TXN-3F634B0A75DB,CUST-B43F8E46,ACC-6749A89E5F,1788.52,CARD,US,0.087807,0,LOW,0,NONE,2026-09-28T14:29:37.655745+00:00
TXN-CEEC9395E302,CUST-9BB22FC4,ACC-5FF13A806A,2455.76,MOBILE,US,0.192611,0,LOW,0,NONE,2026-09-28T14:29:37.658154+00:00
TXN-756CA85D6269,CUST-04F285A0,ACC-1F93093AAD,1291.44,CARD,US,0.116298,0,LOW,0,NONE,2026-09-28T14:29:37.690138+00:00
TXN-33D1A63108E9,CUST-CAC4DDD1,ACC-23F0227521,1684.39,CARD,US,0.105265,0,LOW,0,NONE,2026-09-28T14:29:37.695130+00:00
TXN-33D1A63108E9,CUST-CAC4DDD1,ACC-23F0227521,1684.39,CARD,US,0.105265,0,LOW,0,NONE,2026-09-28T14:29:37.697376+00:00
TXN-7A9D61BDB3F8,CUST-EED46B33,ACC-0E7B5145F5,1090.76,CARD,US,0.132168,0,LOW,0,NONE,2026-09-28T14:29:37.726811+00:00
TXN-CEEC9395E302,CUST-9BB22FC4,ACC-5FF13A806A,2455.76,MOBILE,US,0.192611,0,LOW,0,NONE,2026-09-28T14:29:37.748791+00:00
TXN-CEEC9395E302,CUST-9BB22FC4,ACC-5FF13A806A,2455.76,MOBILE,US,0.192611,0,LOW,0,NONE,2026-09-28T14:29:37.748983+00:00
TXN-6607CF8A84E4,CUST-8D1B556F,ACC-6BB6F6B8D8,1747.61,CARD,US,0.114803,0,LOW,0,NONE,2026-09-28T14:29:37.759045+00:00
TXN-2010FE4C80A6,CUST-7A7C9120,ACC-FBE9096A34,1671.54,CARD,US,0.152053,0,LOW,0,NONE,2026-09-28T14:29:37.790423+00:00
TXN-93432F39D11F,CUST-DCAE751A,ACC-4BB1AAC7A6,1221.05,CARD,US,0.103418,0,LOW,0,NONE,2026-09-28T14:29:37.801176+00:00
TXN-93432F39D11F,CUST-DCAE751A,ACC-4BB1AAC7A6,1221.05,CARD,US,0.103418,0,LOW,0,NONE,2026-09-28T14:29:37.802658+00:00
TXN-E8D0BB4B5FB1,CUST-4468CB9A,ACC-E43BA3BB62,1396.42,ONLINE,US,0.123877,0,LOW,0,NONE,2026-09-28T14:29:37.823247+00:00
TXN-756CA85D6269,CUST-04F285A0,ACC-1F93093AAD,1291.44,CARD,US,0.116298,0,LOW,0,NONE,2026-09-28T14:29:37.852851+00:00
TXN-756CA85D6269,CUST-04F285A0,ACC-1F93093AAD,1291.44,CARD,US,0.116298,0,LOW,0,NONE,2026-09-28T14:29:37.853793+00:00
TXN-4ECED8EB0DFC,CUST-3C516463,ACC-1706E093A1,1797.26,ATM,US,0.130921,0,LOW,0,NONE,2026-09-28T14:29:37.856838+00:00
TXN-1F226432B75F,CUST-74C677AE,ACC-2CDB149B0B,347.51,ATM,US,0.121558,0,LOW,0,NONE,2026-09-28T14:29:37.886489+00:00
TXN-EAC83D07F2AE,CUST-994A6AD7,ACC-84453B46E3,2035.15,CARD,US,0.143649,0,LOW,0,NONE,2026-09-28T14:29:37.920286+00:00
TXN-3270B2CCD100,CUST-32CCB661,ACC-2535DC0CE0,1412.99,MOBILE,US,0.141818,0,LOW,0,NONE,2026-09-28T14:29:37.955638+00:00
TXN-306CE1D15CF4,CUST-314A95E6,ACC-162288A69D,1748.59,ONLINE,US,0.080316,0,LOW,0,NONE,2026-09-28T14:29:37.991162+00:00
TXN-51B61965153D,CUST-07CA1DEF,ACC-33F36B64EE,2301.51,ATM,US,0.460306,1,MEDIUM,1,VELOCITY_FRAUD,2026-09-28T14:29:38.026844+00:00
TXN-938E29C581D6,CUST-74C677AE,ACC-2CDB149B0B,2340.46,ONLINE,US,0.162232,0,LOW,0,NONE,2026-09-28T14:29:38.062009+00:00
TXN-C6EC32E31CB2,CUST-5C90698D,ACC-533D845850,1674.49,CARD,US,0.137378,0,LOW,0,NONE,2026-09-28T14:29:38.098650+00:00
TXN-8528B8DBD53A,CUST-FBCB10F1,ACC-4BDC4FEC1E,57.92,ONLINE,RO,0.99071,1,CRITICAL,1,GEOLOCATION_ANOMALY,2026-09-28T14:29:38.149706+00:00
TXN-AD34708D86EE,CUST-F3677C35,ACC-5EFC73DEF8,325.12,CARD,US,0.182311,0,LOW,0,NONE,2026-09-28T14:29:38.204179+00:00
TXN-B12BDC612EF0,CUST-4272B7F9,ACC-7D539EAA83,2424.43,MOBILE,US,0.228697,0,LOW,0,NONE,2026-09-28T14:29:38.242020+00:00
TXN-8CA0D0718A82,CUST-835C2A19,ACC-B3012BD0B8,1359.45,MOBILE,US,0.117978,0,LOW,0,NONE,2026-09-28T14:29:38.284413+00:00
TXN-4FE138E4D8DB,CUST-18DED113,ACC-41A2B724E3,2066.72,ONLINE,US,0.08925,0,LOW,0,NONE,2026-09-28T14:29:38.314017+00:00
TXN-641C5B03E5F5,CUST-60F8EB9C,ACC-95CAD37A71,1310.0,ATM,US,0.127324,0,LOW,0,NONE,2026-09-28T14:29:38.346746+00:00
TXN-14593EF7BE8A,CUST-F1A2F478,ACC-AC7961A365,185.97,CARD,US,0.120855,0,LOW,0,NONE,2026-09-28T14:29:38.378472+00:00
TXN-8C0AE1157CFC,CUST-FE7CF40C,ACC-FE504EC8D5,1513.79,MOBILE,US,0.12966,0,LOW,0,NONE,2026-09-28T14:29:38.409453+00:00
TXN-6A35B8B25304,CUST-45BB39B7,ACC-A8F8B235B5,693.99,ATM,US,0.114342,0,LOW,0,NONE,2026-09-28T14:29:38.442776+00:00
TXN-2E244C8F476F,CUST-204B30BD,ACC-0011E219C4,2334.2,ATM,US,0.18271,0,LOW,0,NONE,2026-09-28T14:29:38.477622+00:00
TXN-E5A19B3E9B41,CUST-E2B57ECD,ACC-565AEEA567,1982.62,MOBILE,US,0.088367,0,LOW,0,NONE,2026-09-28T14:29:38.512862+00:00
TXN-5E9679F4FBF7,CUST-263D656C,ACC-939378DB9E,563.18,CARD,US,0.110234,0,LOW,0,NONE,2026-09-28T14:29:38.546899+00:00
TXN-D2302571E442,CUST-E5A753B5,ACC-86E7CE94B0,1220.47,CARD,US,0.092193,0,LOW,0,NONE,2026-09-28T14:29:38.583093+00:00
TXN-9DBA05B0FDBC,CUST-516D2DDD,ACC-A90B2547DF,1328.16,MOBILE,US,0.102084,0,LOW,0,NONE,2026-09-28T14:29:38.617800+00:00
TXN-5EC9560E8D1D,CUST-4F3FDB09,ACC-A9ADD56248,186.14,MOBILE,US,0.103167,0,LOW,0,NONE,2026-09-28T14:29:38.653420+00:00
TXN-01D9FA222F9A,CUST-45BD0333,ACC-78DB803FC5,1182.15,MOBILE,US,0.134913,0,LOW,0,NONE,2026-09-28T14:29:38.690004+00:00
TXN-B877DA13ECDC,CUST-02BD1971,ACC-E230F2B2D1,993.03,MOBILE,US,0.124117,0,LOW,0,NONE,2026-09-28T14:29:38.725369+00:00
TXN-6DCCDAF459D0,CUST-DB6E8F93,ACC-132F91E549,2205.1,ONLINE,US,0.135462,0,LOW,0,NONE,2026-09-28T14:29:38.758525+00:00
TXN-9FCEEA6385FB,CUST-A2A995FD,ACC-D6E1014370,1311.86,CARD,US,0.125853,0,LOW,0,NONE,2026-09-28T14:29:38.793272+00:00
TXN-E8038BE1CAE5,CUST-23BC0459,ACC-1BDD381D38,2121.75,MOBILE,US,0.154457,0,LOW,0,NONE,2026-09-28T14:29:38.826724+00:00
TXN-EC7AE6CC4C39,CUST-D1CE00B3,ACC-FBC6BE9058,748.75,ONLINE,US,0.181543,0,LOW,0,NONE,2026-09-28T14:29:38.862780+00:00
TXN-BDC7EEB0411E,CUST-8D460C5D,ACC-D711B11B06,1271.89,CARD,US,0.173398,0,LOW,0,NONE,2026-09-28T14:29:38.896888+00:00
TXN-4DDC67BE0861,CUST-F92C4CAA,ACC-FA7CBF3DA3,611.5,ONLINE,US,0.121714,0,LOW,0,NONE,2026-09-28T14:29:38.936215+00:00
TXN-8B80607C329F,CUST-18DED113,ACC-41A2B724E3,2339.77,MOBILE,US,0.184177,0,LOW,0,NONE,2026-09-28T14:29:38.982162+00:00
TXN-30BCB918EF81,CUST-E5DC66DE,ACC-DD94B44145,299.98,ATM,US,0.120343,0,LOW,0,NONE,2026-09-28T14:29:39.015926+00:00
TXN-4161CBDA2B40,CUST-1340B25A,ACC-F0BC04EABE,691.31,CARD,US,0.102392,0,LOW,0,NONE,2026-09-28T14:29:39.053666+00:00
TXN-6DE5D7F8DFD5,CUST-0F2AE798,ACC-E4A0F3DABB,2468.48,CARD,US,0.173517,0,LOW,0,NONE,2026-09-28T14:29:39.092566+00:00
TXN-652EAADC24FD,CUST-BE3C8681,ACC-C5AEFFC668,1095.27,ONLINE,US,0.153603,0,LOW,0,NONE,2026-09-28T14:29:39.136331+00:00
TXN-CEEC9395E302,CUST-9BB22FC4,ACC-5FF13A806A,2455.76,MOBILE,US,0.192611,0,LOW,0,NONE,2026-09-28T14:29:39.177891+00:00
TXN-756CA85D6269,CUST-04F285A0,ACC-1F93093AAD,1291.44,CARD,US,0.116298,0,LOW,0,NONE,2026-09-28T14:29:39.211248+00:00
TXN-2C0AAE1C620B,CUST-A0971976,ACC-B83B1F4896,2110.19,ATM,US,0.17433,0,LOW,0,NONE,2026-09-28T14:29:39.245898+00:00
TXN-81AF5BAB2D4E,CUST-DB128F93,ACC-27ACA934EC,1676.02,ONLINE,US,0.143532,0,LOW,0,NONE,2026-09-28T14:29:39.284040+00:00
TXN-4EC964A083CD,CUST-2036786F,ACC-94781DD2A2,1538.38,ONLINE,US,0.167398,0,LOW,0,NONE,2026-09-28T14:29:39.320308+00:00
TXN-EE05E68A7916,CUST-F54358B9,ACC-380973E4F5,1235.33,ONLINE,US,0.122442,0,LOW,0,NONE,2026-09-28T14:29:39.357409+00:00
TXN-7A9D61BDB3F8,CUST-EED46B33,ACC-0E7B5145F5,1090.76,CARD,US,0.132168,0,LOW,0,NONE,2026-09-28T14:29:39.392942+00:00
TXN-6607CF8A84E4,CUST-8D1B556F,ACC-6BB6F6B8D8,1747.61,CARD,US,0.114803,0,LOW,0,NONE,2026-09-28T14:29:39.427862+00:00
TXN-8D9A024CD431,CUST-9C9EDA6C,ACC-66CA815A85,2394.87,ONLINE,US,0.1389,0,LOW,0,NONE,2026-09-28T14:29:39.466223+00:00
TXN-6FA98A29A97F,CUST-EC894868,ACC-257E174BED,33.87,ONLINE,US,0.136528,0,LOW,0,NONE,2026-09-28T14:29:39.504557+00:00
TXN-FEB6662959CE,CUST-C512B099,ACC-F2016B62C0,2093.42,CARD,US,0.171857,0,LOW,0,NONE,2026-09-28T14:29:39.542387+00:00
TXN-7FE421D82F2A,CUST-D50EA3DF,ACC-62FC129322,1709.69,MOBILE,US,0.118918,0,LOW,0,NONE,2026-09-28T14:29:39.576222+00:00
TXN-2010FE4C80A6,CUST-7A7C9120,ACC-FBE9096A34,1671.54,CARD,US,0.152053,0,LOW,0,NONE,2026-09-28T14:29:39.614635+00:00
TXN-AE3F6ED03D63,CUST-9CC9ED35,ACC-6B73B4B402,1893.98,CARD,US,0.168392,0,LOW,0,NONE,2026-09-28T14:29:39.653100+00:00
TXN-E8D0BB4B5FB1,CUST-4468CB9A,ACC-E43BA3BB62,1396.42,ONLINE,US,0.123877,0,LOW,0,NONE,2026-09-28T14:29:39.688340+00:00
TXN-E44E749ED810,CUST-E5A753B5,ACC-68DE4FE123,1848.64,ATM,US,0.078454,0,LOW,0,NONE,2026-09-28T14:29:39.724657+00:00
TXN-EA3C97BB5936,CUST-E5DC66DE,ACC-4F8C4D4CBB,183.6,ATM,US,0.117306,0,LOW,0,NONE,2026-09-28T14:29:39.761092+00:00
TXN-05457A22A385,CUST-3DFEF8A8,ACC-FC293CB526,1871.37,MOBILE,US,0.085429,0,LOW,0,NONE,2026-09-28T14:29:39.798014+00:00
TXN-E50E1A71E0F7,CUST-C9C94AF9,ACC-2540C062A2,1774.61,ATM,US,0.096217,0,LOW,0,NONE,2026-09-28T14:29:39.836731+00:00
TXN-D821C6B07CFB,CUST-D8E1C394,ACC-2193007408,500.89,CARD,US,0.100144,0,LOW,0,NONE,2026-09-28T14:29:39.871990+00:00
TXN-4ECED8EB0DFC,CUST-3C516463,ACC-1706E093A1,1797.26,ATM,US,0.130921,0,LOW,0,NONE,2026-09-28T14:29:39.906839+00:00
TXN-6D2820292340,CUST-E30E3C90,ACC-EAE14A9082,2369.59,ATM,US,0.122082,0,LOW,0,NONE,2026-09-28T14:29:39.944001+00:00
TXN-1F226432B75F,CUST-74C677AE,ACC-2CDB149B0B,347.51,ATM,US,0.121558,0,LOW,0,NONE,2026-09-28T14:29:39.981078+00:00
TXN-F20932BAC4AA,CUST-73CD1A35,ACC-DCC4162A81,1951.04,ONLINE,US,0.105494,0,LOW,0,NONE,2026-09-28T14:29:40.018898+00:00
TXN-EAC83D07F2AE,CUST-994A6AD7,ACC-84453B46E3,2035.15,CARD,US,0.143649,0,LOW,0,NONE,2026-09-28T14:29:40.053759+00:00
TXN-3270B2CCD100,CUST-32CCB661,ACC-2535DC0CE0,1412.99,MOBILE,US,0.141818,0,LOW,0,NONE,2026-09-28T14:29:40.089889+00:00
TXN-27104009719C,CUST-2B94D792,ACC-7A64FBCFD0,2490.1,CARD,US,0.138452,0,LOW,0,NONE,2026-09-28T14:29:40.122254+00:00
TXN-306CE1D15CF4,CUST-314A95E6,ACC-162288A69D,1748.59,ONLINE,US,0.080316,0,LOW,0,NONE,2026-09-28T14:29:40.155500+00:00
TXN-DCC431ABBAA7,CUST-4FC986C9,ACC-D3A68275DA,811.66,ONLINE,US,0.151029,0,LOW,0,NONE,2026-09-28T14:29:40.194347+00:00
TXN-C7A7D1368F2E,CUST-80839EB7,ACC-678CAC7B3E,218.75,ATM,US,0.131264,0,LOW,0,NONE,2026-09-28T14:29:40.228649+00:00
TXN-51B61965153D,CUST-07CA1DEF,ACC-33F36B64EE,2301.51,ATM,US,0.460306,1,MEDIUM,1,VELOCITY_FRAUD,2026-09-28T14:29:40.267616+00:00
TXN-F7A77D7DB4EC,CUST-EDE7AA4A,ACC-131E244177,582.88,ONLINE,US,0.203521,0,LOW,0,NONE,2026-09-28T14:29:40.302937+00:00
TXN-938E29C581D6,CUST-74C677AE,ACC-2CDB149B0B,2340.46,ONLINE,US,0.162232,0,LOW,0,NONE,2026-09-28T14:29:40.341186+00:00
TXN-71741DB9D276,CUST-911F4401,ACC-01CFBFD75C,1593.73,MOBILE,US,0.09934,0,LOW,0,NONE,2026-09-28T14:29:40.381318+00:00
TXN-387460D98A87,CUST-C5D51A4F,ACC-AFF7F2FCC5,656.88,CARD,US,0.11586,0,LOW,0,NONE,2026-09-28T14:29:40.420064+00:00
TXN-2B2165625EB6,CUST-9DB58BD9,ACC-A3B66B17AF,307.31,MOBILE,US,0.145312,0,LOW,0,NONE,2026-09-28T14:29:40.458657+00:00
TXN-6E87938097DA,CUST-E3FC58EE,ACC-AD3619475B,276.8,CARD,US,0.122271,0,LOW,0,NONE,2026-09-28T14:29:40.502708+00:00
TXN-C6EC32E31CB2,CUST-5C90698D,ACC-533D845850,1674.49,CARD,US,0.137378,0,LOW,0,NONE,2026-09-28T14:29:40.541201+00:00
TXN-AB32152905A6,CUST-8B1A8BBF,ACC-DC159FF23D,419.33,ONLINE,US,0.137956,0,LOW,0,NONE,2026-09-28T14:29:40.577960+00:00
TXN-DFF0284B6207,CUST-BD676F3F,ACC-4ADC4D9445,116.21,ONLINE,US,0.128268,0,LOW,0,NONE,2026-09-28T14:29:40.614450+00:00
TXN-8528B8DBD53A,CUST-FBCB10F1,ACC-4BDC4FEC1E,57.92,ONLINE,RO,0.99071,1,CRITICAL,1,GEOLOCATION_ANOMALY,2026-09-28T14:29:40.651058+00:00
TXN-F93D443C53DD,CUST-05C134B3,ACC-CDA59FAB94,1825.21,MOBILE,US,0.101535,0,LOW,0,NONE,2026-09-28T14:29:40.688508+00:00
TXN-AD34708D86EE,CUST-F3677C35,ACC-5EFC73DEF8,325.12,CARD,US,0.182311,0,LOW,0,NONE,2026-09-28T14:29:40.726542+00:00
TXN-042BF10D5B0C,CUST-51029931,ACC-FD09618700,2238.94,CARD,US,0.176064,0,LOW,0,NONE,2026-09-28T14:29:40.764299+00:00
TXN-B12BDC612EF0,CUST-4272B7F9,ACC-7D539EAA83,2424.43,MOBILE,US,0.228697,0,LOW,0,NONE,2026-09-28T14:29:40.803217+00:00
TXN-8CA0D0718A82,CUST-835C2A19,ACC-B3012BD0B8,1359.45,MOBILE,US,0.117978,0,LOW,0,NONE,2026-09-28T14:29:40.838454+00:00
TXN-A039B16F6D94,CUST-E6AED8E7,ACC-22F41D7DFC,179.55,ATM,US,0.119204,0,LOW,0,NONE,2026-09-28T14:29:40.876371+00:00
TXN-65C13501215E,CUST-1082BEBE,ACC-1DB4C3D4EE,2266.87,ATM,US,0.162099,0,LOW,0,NONE,2026-09-28T14:29:40.914867+00:00
TXN-4FE138E4D8DB,CUST-18DED113,ACC-41A2B724E3,2066.72,ONLINE,US,0.08925,0,LOW,0,NONE,2026-09-28T14:29:40.954073+00:00
TXN-D1700D8D506D,CUST-F4BEC821,ACC-9615055F38,393.58,ONLINE,US,0.13911,0,LOW,0,NONE,2026-09-28T14:29:40.991844+00:00
TXN-641C5B03E5F5,CUST-60F8EB9C,ACC-95CAD37A71,1310.0,ATM,US,0.127324,0,LOW,0,NONE,2026-09-28T14:29:41.032066+00:00
TXN-9764BACFBE6D,CUST-F98A8AD4,ACC-FDCB5683B1,1907.47,ATM,US,0.119618,0,LOW,0,NONE,2026-09-28T14:29:41.069544+00:00
TXN-CBFBE5F5177D,CUST-3179A0E8,ACC-D59D1F1EB8,12095.99,MOBILE,US,1.0,1,CRITICAL,1,HIGH_VALUE_FRAUD,2026-09-28T14:29:41.107620+00:00
TXN-14593EF7BE8A,CUST-F1A2F478,ACC-AC7961A365,185.97,CARD,US,0.120855,0,LOW,0,NONE,2026-09-28T14:29:41.144133+00:00
TXN-8C0AE1157CFC,CUST-FE7CF40C,ACC-FE504EC8D5,1513.79,MOBILE,US,0.12966,0,LOW,0,NONE,2026-09-28T14:29:41.182512+00:00
TXN-6A35B8B25304,CUST-45BB39B7,ACC-A8F8B235B5,693.99,ATM,US,0.114342,0,LOW,0,NONE,2026-09-28T14:29:41.220079+00:00
TXN-1F71C34AC8E7,CUST-C2590469,ACC-1AC56FD1AA,2286.1,CARD,US,0.234995,0,LOW,0,NONE,2026-09-28T14:29:41.256981+00:00
TXN-55E3F40A8269,CUST-1E5AE413,ACC-D5C19F2D5F,2376.38,MOBILE,US,0.171195,0,LOW,0,NONE,2026-09-28T14:29:41.293397+00:00
TXN-2E244C8F476F,CUST-204B30BD,ACC-0011E219C4,2334.2,ATM,US,0.18271,0,LOW,0,NONE,2026-09-28T14:29:41.333167+00:00
TXN-727DC0387403,CUST-23D705E4,ACC-EC5121D788,2099.37,MOBILE,US,0.136715,0,LOW,0,NONE,2026-09-28T14:29:41.371019+00:00
TXN-761721534D71,CUST-32D705D5,ACC-AAB0C76043,1561.22,ONLINE,US,0.120953,0,LOW,0,NONE,2026-09-28T14:29:41.415126+00:00
TXN-E5A19B3E9B41,CUST-E2B57ECD,ACC-565AEEA567,1982.62,MOBILE,US,0.088367,0,LOW,0,NONE,2026-09-28T14:29:41.451744+00:00
TXN-5E9679F4FBF7,CUST-263D656C,ACC-939378DB9E,563.18,CARD,US,0.110234,0,LOW,0,NONE,2026-09-28T14:29:41.487045+00:00
TXN-1DF0F5749D0D,CUST-FCBFC9B4,ACC-FC8B20FDC1,1828.97,MOBILE,US,0.091088,0,LOW,0,NONE,2026-09-28T14:29:41.522107+00:00
TXN-D2302571E442,CUST-E5A753B5,ACC-86E7CE94B0,1220.47,CARD,US,0.092193,0,LOW,0,NONE,2026-09-28T14:29:41.556404+00:00
TXN-4C6A974DC434,CUST-CF4B085B,ACC-1B0E0A3E94,2161.09,CARD,US,0.144033,0,LOW,0,NONE,2026-09-28T14:29:41.589584+00:00
TXN-9DBA05B0FDBC,CUST-516D2DDD,ACC-A90B2547DF,1328.16,MOBILE,US,0.102084,0,LOW,0,NONE,2026-09-28T14:29:41.623667+00:00
TXN-5EC9560E8D1D,CUST-4F3FDB09,ACC-A9ADD56248,186.14,MOBILE,US,0.103167,0,LOW,0,NONE,2026-09-28T14:29:41.659371+00:00
TXN-01D9FA222F9A,CUST-45BD0333,ACC-78DB803FC5,1182.15,MOBILE,US,0.134913,0,LOW,0,NONE,2026-09-28T14:29:41.691866+00:00
TXN-C364AC7CAF34,CUST-A7BBA380,ACC-5FF102FA7F,1579.23,ONLINE,US,0.140695,0,LOW,0,NONE,2026-09-28T14:29:41.725523+00:00
TXN-59E05C275DAA,CUST-6F54AE66,ACC-9E81E14B4C,910.13,CARD,US,0.167953,0,LOW,0,NONE,2026-09-28T14:29:41.761400+00:00
TXN-A8EEC579BEDB,CUST-DBF132C6,ACC-2B0C34272C,1751.97,MOBILE,US,0.100072,0,LOW,0,NONE,2026-09-28T14:29:41.797658+00:00
TXN-B877DA13ECDC,CUST-02BD1971,ACC-E230F2B2D1,993.03,MOBILE,US,0.124117,0,LOW,0,NONE,2026-09-28T14:29:41.833839+00:00
TXN-987E329B35F5,CUST-ECE22CF8,ACC-33C6E98A1E,491.64,ATM,US,0.141848,0,LOW,0,NONE,2026-09-28T14:29:41.871774+00:00
TXN-6DCCDAF459D0,CUST-DB6E8F93,ACC-132F91E549,2205.1,ONLINE,US,0.135462,0,LOW,0,NONE,2026-09-28T14:29:41.904620+00:00
TXN-9096C1B63010,CUST-DCB6C5A4,ACC-DB775910FD,1375.91,ATM,US,0.133773,0,LOW,0,NONE,2026-09-28T14:29:41.941361+00:00
TXN-A76A0A80D26F,CUST-589A2A78,ACC-B3F45D79AD,1805.45,MOBILE,US,0.125377,0,LOW,0,NONE,2026-09-28T14:29:41.977917+00:00
TXN-9FCEEA6385FB,CUST-A2A995FD,ACC-D6E1014370,1311.86,CARD,US,0.125853,0,LOW,0,NONE,2026-09-28T14:29:42.013453+00:00
TXN-A72FF80F31CA,CUST-49D196D6,ACC-56B636CADF,2059.51,ATM,US,0.140464,0,LOW,0,NONE,2026-09-28T14:29:42.051833+00:00
TXN-25BE129492E4,CUST-30ED4DF9,ACC-4F4D43B5C4,726.0,CARD,US,0.123329,0,LOW,0,NONE,2026-09-28T14:29:42.087519+00:00
TXN-E8038BE1CAE5,CUST-23BC0459,ACC-1BDD381D38,2121.75,MOBILE,US,0.154457,0,LOW,0,NONE,2026-09-28T14:29:42.124205+00:00
TXN-EC7AE6CC4C39,CUST-D1CE00B3,ACC-FBC6BE9058,748.75,ONLINE,US,0.181543,0,LOW,0,NONE,2026-09-28T14:29:42.161162+00:00
TXN-BDC7EEB0411E,CUST-8D460C5D,ACC-D711B11B06,1271.89,CARD,US,0.173398,0,LOW,0,NONE,2026-09-28T14:29:42.198447+00:00
TXN-AF9C8188B186,CUST-88410A30,ACC-444A7187FC,395.68,CARD,US,0.11332,0,LOW,0,NONE,2026-09-28T14:29:42.236410+00:00
TXN-F3B04C0D361F,CUST-8CF80A0C,ACC-DB4717F1AF,905.54,ONLINE,US,0.14294,0,LOW,0,NONE,2026-09-28T14:29:42.272662+00:00
TXN-4DDC67BE0861,CUST-F92C4CAA,ACC-FA7CBF3DA3,611.5,ONLINE,US,0.121714,0,LOW,0,NONE,2026-09-28T14:29:42.306792+00:00
TXN-8B80607C329F,CUST-18DED113,ACC-41A2B724E3,2339.77,MOBILE,US,0.184177,0,LOW,0,NONE,2026-09-28T14:29:42.342087+00:00
TXN-30BCB918EF81,CUST-E5DC66DE,ACC-DD94B44145,299.98,ATM,US,0.120343,0,LOW,0,NONE,2026-09-28T14:29:42.378686+00:00
TXN-AAC950CF59C5,CUST-57EE0CB3,ACC-233E8C0E66,2498.89,MOBILE,US,0.193945,0,LOW,0,NONE,2026-09-28T14:29:42.414746+00:00
TXN-189FD6164891,CUST-B098667D,ACC-320130992F,2106.49,ATM,US,0.14343,0,LOW,0,NONE,2026-09-28T14:29:42.451867+00:00
TXN-4161CBDA2B40,CUST-1340B25A,ACC-F0BC04EABE,691.31,CARD,US,0.102392,0,LOW,0,NONE,2026-09-28T14:29:42.489713+00:00
TXN-6DE5D7F8DFD5,CUST-0F2AE798,ACC-E4A0F3DABB,2468.48,CARD,US,0.173517,0,LOW,0,NONE,2026-09-28T14:29:42.524930+00:00
TXN-18490C0B7838,CUST-F4BEC821,ACC-9615055F38,1085.04,ONLINE,US,0.128217,0,LOW,0,NONE,2026-09-28T14:29:42.561131+00:00
TXN-A95EF250B91F,CUST-911F4401,ACC-8DFEE4E4EA,1346.87,ONLINE,US,0.141989,0,LOW,0,NONE,2026-09-28T14:29:42.597923+00:00
TXN-A45059E46B77,CUST-F926DC90,ACC-5ABE96139F,83.16,ONLINE,US,0.147584,0,LOW,0,NONE,2026-09-28T14:29:42.636077+00:00
TXN-652EAADC24FD,CUST-BE3C8681,ACC-C5AEFFC668,1095.27,ONLINE,US,0.153603,0,LOW,0,NONE,2026-09-28T14:29:42.670023+00:00
TXN-30A61AE152E9,CUST-FEE40DDC,ACC-DCF518CCD0,2267.27,CARD,US,0.410617,1,MEDIUM,1,VELOCITY_FRAUD,2026-09-28T14:29:42.729160+00:00
TXN-3F634B0A75DB,CUST-B43F8E46,ACC-6749A89E5F,1788.52,CARD,US,0.087807,0,LOW,0,NONE,2026-09-28T14:29:42.767932+00:00
TXN-33D1A63108E9,CUST-CAC4DDD1,ACC-23F0227521,1684.39,CARD,US,0.105265,0,LOW,0,NONE,2026-09-28T14:29:42.804033+00:00
TXN-CEEC9395E302,CUST-9BB22FC4,ACC-5FF13A806A,2455.76,MOBILE,US,0.192611,0,LOW,0,NONE,2026-09-28T14:29:42.837553+00:00
TXN-93432F39D11F,CUST-DCAE751A,ACC-4BB1AAC7A6,1221.05,CARD,US,0.103418,0,LOW,0,NONE,2026-09-28T14:29:42.867244+00:00
TXN-756CA85D6269,CUST-04F285A0,ACC-1F93093AAD,1291.44,CARD,US,0.116298,0,LOW,0,NONE,2026-09-28T14:29:42.896512+00:00
TXN-7A9D61BDB3F8,CUST-EED46B33,ACC-0E7B5145F5,1090.76,CARD,US,0.132168,0,LOW,0,NONE,2026-09-28T14:36:27.837260+00:00
TXN-6607CF8A84E4,CUST-8D1B556F,ACC-6BB6F6B8D8,1747.61,CARD,US,0.114803,0,LOW,0,NONE,2026-09-28T14:36:27.887452+00:00
TXN-2010FE4C80A6,CUST-7A7C9120,ACC-FBE9096A34,1671.54,CARD,US,0.152053,0,LOW,0,NONE,2026-09-28T14:36:27.919173+00:00
TXN-E8D0BB4B5FB1,CUST-4468CB9A,ACC-E43BA3BB62,1396.42,ONLINE,US,0.123877,0,LOW,0,NONE,2026-09-28T14:36:27.947191+00:00
TXN-4ECED8EB0DFC,CUST-3C516463,ACC-1706E093A1,1797.26,ATM,US,0.130921,0,LOW,0,NONE,2026-09-28T14:36:27.975981+00:00
TXN-1F226432B75F,CUST-74C677AE,ACC-2CDB149B0B,347.51,ATM,US,0.121558,0,LOW,0,NONE,2026-09-28T14:36:28.004809+00:00
TXN-EAC83D07F2AE,CUST-994A6AD7,ACC-84453B46E3,2035.15,CARD,US,0.143649,0,LOW,0,NONE,2026-09-28T14:36:28.034880+00:00
TXN-3270B2CCD100,CUST-32CCB661,ACC-2535DC0CE0,1412.99,MOBILE,US,0.141818,0,LOW,0,NONE,2026-09-28T14:36:28.061559+00:00
TXN-306CE1D15CF4,CUST-314A95E6,ACC-162288A69D,1748.59,ONLINE,US,0.080316,0,LOW,0,NONE,2026-09-28T14:36:28.087044+00:00
TXN-51B61965153D,CUST-07CA1DEF,ACC-33F36B64EE,2301.51,ATM,US,0.460306,0,MEDIUM,1,VELOCITY_FRAUD,2026-09-28T14:36:28.124332+00:00
TXN-938E29C581D6,CUST-74C677AE,ACC-2CDB149B0B,2340.46,ONLINE,US,0.162232,0,LOW,0,NONE,2026-09-28T14:36:28.154806+00:00
TXN-C6EC32E31CB2,CUST-5C90698D,ACC-533D845850,1674.49,CARD,US,0.137378,0,LOW,0,NONE,2026-09-28T14:36:28.184147+00:00
TXN-8528B8DBD53A,CUST-FBCB10F1,ACC-4BDC4FEC1E,57.92,ONLINE,RO,0.99071,1,CRITICAL,1,GEOLOCATION_ANOMALY,2026-09-28T14:36:28.212797+00:00
TXN-AD34708D86EE,CUST-F3677C35,ACC-5EFC73DEF8,325.12,CARD,US,0.182311,0,LOW,0,NONE,2026-09-28T14:36:28.241725+00:00
TXN-B12BDC612EF0,CUST-4272B7F9,ACC-7D539EAA83,2424.43,MOBILE,US,0.228697,0,LOW,0,NONE,2026-09-28T14:36:28.265835+00:00
TXN-8CA0D0718A82,CUST-835C2A19,ACC-B3012BD0B8,1359.45,MOBILE,US,0.117978,0,LOW,0,NONE,2026-09-28T14:36:28.288995+00:00
TXN-4FE138E4D8DB,CUST-18DED113,ACC-41A2B724E3,2066.72,ONLINE,US,0.08925,0,LOW,0,NONE,2026-09-28T14:36:28.314194+00:00
TXN-641C5B03E5F5,CUST-60F8EB9C,ACC-95CAD37A71,1310.0,ATM,US,0.127324,0,LOW,0,NONE,2026-09-28T14:36:28.341640+00:00
TXN-14593EF7BE8A,CUST-F1A2F478,ACC-AC7961A365,185.97,CARD,US,0.120855,0,LOW,0,NONE,2026-09-28T14:36:28.366595+00:00
TXN-8C0AE1157CFC,CUST-FE7CF40C,ACC-FE504EC8D5,1513.79,MOBILE,US,0.12966,0,LOW,0,NONE,2026-09-28T14:36:28.391091+00:00
TXN-6A35B8B25304,CUST-45BB39B7,ACC-A8F8B235B5,693.99,ATM,US,0.114342,0,LOW,0,NONE,2026-09-28T14:36:28.415471+00:00
TXN-2E244C8F476F,CUST-204B30BD,ACC-0011E219C4,2334.2,ATM,US,0.18271,0,LOW,0,NONE,2026-09-28T14:36:28.439784+00:00
TXN-E5A19B3E9B41,CUST-E2B57ECD,ACC-565AEEA567,1982.62,MOBILE,US,0.088367,0,LOW,0,NONE,2026-09-28T14:36:28.464171+00:00
TXN-5E9679F4FBF7,CUST-263D656C,ACC-939378DB9E,563.18,CARD,US,0.110234,0,LOW,0,NONE,2026-09-28T14:36:28.489131+00:00
TXN-D2302571E442,CUST-E5A753B5,ACC-86E7CE94B0,1220.47,CARD,US,0.092193,0,LOW,0,NONE,2026-09-28T14:36:28.515088+00:00
TXN-9DBA05B0FDBC,CUST-516D2DDD,ACC-A90B2547DF,1328.16,MOBILE,US,0.102084,0,LOW,0,NONE,2026-09-28T14:36:28.540868+00:00
TXN-5EC9560E8D1D,CUST-4F3FDB09,ACC-A9ADD56248,186.14,MOBILE,US,0.103167,0,LOW,0,NONE,2026-09-28T14:36:28.568699+00:00
TXN-01D9FA222F9A,CUST-45BD0333,ACC-78DB803FC5,1182.15,MOBILE,US,0.134913,0,LOW,0,NONE,2026-09-28T14:36:28.592791+00:00
TXN-B877DA13ECDC,CUST-02BD1971,ACC-E230F2B2D1,993.03,MOBILE,US,0.124117,0,LOW,0,NONE,2026-09-28T14:36:28.619240+00:00
TXN-6DCCDAF459D0,CUST-DB6E8F93,ACC-132F91E549,2205.1,ONLINE,US,0.135462,0,LOW,0,NONE,2026-09-28T14:36:28.644294+00:00
TXN-9FCEEA6385FB,CUST-A2A995FD,ACC-D6E1014370,1311.86,CARD,US,0.125853,0,LOW,0,NONE,2026-09-28T14:36:28.670164+00:00
TXN-E8038BE1CAE5,CUST-23BC0459,ACC-1BDD381D38,2121.75,MOBILE,US,0.154457,0,LOW,0,NONE,2026-09-28T14:36:28.694071+00:00
TXN-EC7AE6CC4C39,CUST-D1CE00B3,ACC-FBC6BE9058,748.75,ONLINE,US,0.181543,0,LOW,0,NONE,2026-09-28T14:36:28.718147+00:00
TXN-BDC7EEB0411E,CUST-8D460C5D,ACC-D711B11B06,1271.89,CARD,US,0.173398,0,LOW,0,NONE,2026-09-28T14:36:28.742968+00:00
TXN-4DDC67BE0861,CUST-F92C4CAA,ACC-FA7CBF3DA3,611.5,ONLINE,US,0.121714,0,LOW,0,NONE,2026-09-28T14:36:28.766215+00:00
TXN-8B80607C329F,CUST-18DED113,ACC-41A2B724E3,2339.77,MOBILE,US,0.184177,0,LOW,0,NONE,2026-09-28T14:36:28.791720+00:00
TXN-30BCB918EF81,CUST-E5DC66DE,ACC-DD94B44145,299.98,ATM,US,0.120343,0,LOW,0,NONE,2026-09-28T14:36:28.815879+00:00
TXN-4161CBDA2B40,CUST-1340B25A,ACC-F0BC04EABE,691.31,CARD,US,0.102392,0,LOW,0,NONE,2026-09-28T14:36:28.838635+00:00
TXN-6DE5D7F8DFD5,CUST-0F2AE798,ACC-E4A0F3DABB,2468.48,CARD,US,0.173517,0,LOW,0,NONE,2026-09-28T14:36:28.864338+00:00
TXN-652EAADC24FD,CUST-BE3C8681,ACC-C5AEFFC668,1095.27,ONLINE,US,0.153603,0,LOW,0,NONE,2026-09-28T14:36:28.891650+00:00
TXN-CEEC9395E302,CUST-9BB22FC4,ACC-5FF13A806A,2455.76,MOBILE,US,0.192611,0,LOW,0,NONE,2026-09-28T14:36:28.918175+00:00
TXN-756CA85D6269,CUST-04F285A0,ACC-1F93093AAD,1291.44,CARD,US,0.116298,0,LOW,0,NONE,2026-09-28T14:36:28.957453+00:00
TXN-7A9D61BDB3F8,CUST-EED46B33,ACC-0E7B5145F5,1090.76,CARD,US,0.132168,0,LOW,0,NONE,2026-09-28T14:36:28.984976+00:00
TXN-6607CF8A84E4,CUST-8D1B556F,ACC-6BB6F6B8D8,1747.61,CARD,US,0.114803,0,LOW,0,NONE,2026-09-28T14:36:29.013883+00:00
TXN-2010FE4C80A6,CUST-7A7C9120,ACC-FBE9096A34,1671.54,CARD,US,0.152053,0,LOW,0,NONE,2026-09-28T14:36:29.040939+00:00
TXN-E8D0BB4B5FB1,CUST-4468CB9A,ACC-E43BA3BB62,1396.42,ONLINE,US,0.123877,0,LOW,0,NONE,2026-09-28T14:36:29.068803+00:00
TXN-4ECED8EB0DFC,CUST-3C516463,ACC-1706E093A1,1797.26,ATM,US,0.130921,0,LOW,0,NONE,2026-09-28T14:36:29.093704+00:00
TXN-1F226432B75F,CUST-74C677AE,ACC-2CDB149B0B,347.51,ATM,US,0.121558,0,LOW,0,NONE,2026-09-28T14:36:29.118504+00:00
TXN-EAC83D07F2AE,CUST-994A6AD7,ACC-84453B46E3,2035.15,CARD,US,0.143649,0,LOW,0,NONE,2026-09-28T14:36:29.143067+00:00
TXN-3270B2CCD100,CUST-32CCB661,ACC-2535DC0CE0,1412.99,MOBILE,US,0.141818,0,LOW,0,NONE,2026-09-28T14:36:29.169215+00:00
TXN-306CE1D15CF4,CUST-314A95E6,ACC-162288A69D,1748.59,ONLINE,US,0.080316,0,LOW,0,NONE,2026-09-28T14:36:29.193160+00:00
TXN-51B61965153D,CUST-07CA1DEF,ACC-33F36B64EE,2301.51,ATM,US,0.460306,0,MEDIUM,1,VELOCITY_FRAUD,2026-09-28T14:36:29.217785+00:00
TXN-938E29C581D6,CUST-74C677AE,ACC-2CDB149B0B,2340.46,ONLINE,US,0.162232,0,LOW,0,NONE,2026-09-28T14:36:29.244446+00:00
TXN-C6EC32E31CB2,CUST-5C90698D,ACC-533D845850,1674.49,CARD,US,0.137378,0,LOW,0,NONE,2026-09-28T14:36:29.269819+00:00
TXN-8528B8DBD53A,CUST-FBCB10F1,ACC-4BDC4FEC1E,57.92,ONLINE,RO,0.99071,1,CRITICAL,1,GEOLOCATION_ANOMALY,2026-09-28T14:36:29.294604+00:00
TXN-AD34708D86EE,CUST-F3677C35,ACC-5EFC73DEF8,325.12,CARD,US,0.182311,0,LOW,0,NONE,2026-09-28T14:36:29.319017+00:00
TXN-B12BDC612EF0,CUST-4272B7F9,ACC-7D539EAA83,2424.43,MOBILE,US,0.228697,0,LOW,0,NONE,2026-09-28T14:36:29.344195+00:00
TXN-8CA0D0718A82,CUST-835C2A19,ACC-B3012BD0B8,1359.45,MOBILE,US,0.117978,0,LOW,0,NONE,2026-09-28T14:36:29.371781+00:00
TXN-4FE138E4D8DB,CUST-18DED113,ACC-41A2B724E3,2066.72,ONLINE,US,0.08925,0,LOW,0,NONE,2026-09-28T14:36:29.397614+00:00
TXN-641C5B03E5F5,CUST-60F8EB9C,ACC-95CAD37A71,1310.0,ATM,US,0.127324,0,LOW,0,NONE,2026-09-28T14:36:29.422473+00:00
TXN-14593EF7BE8A,CUST-F1A2F478,ACC-AC7961A365,185.97,CARD,US,0.120855,0,LOW,0,NONE,2026-09-28T14:36:29.445402+00:00
TXN-8C0AE1157CFC,CUST-FE7CF40C,ACC-FE504EC8D5,1513.79,MOBILE,US,0.12966,0,LOW,0,NONE,2026-09-28T14:36:29.472138+00:00
TXN-6A35B8B25304,CUST-45BB39B7,ACC-A8F8B235B5,693.99,ATM,US,0.114342,0,LOW,0,NONE,2026-09-28T14:36:29.498125+00:00
TXN-2E244C8F476F,CUST-204B30BD,ACC-0011E219C4,2334.2,ATM,US,0.18271,0,LOW,0,NONE,2026-09-28T14:36:29.524450+00:00
TXN-E5A19B3E9B41,CUST-E2B57ECD,ACC-565AEEA567,1982.62,MOBILE,US,0.088367,0,LOW,0,NONE,2026-09-28T14:36:29.548841+00:00
TXN-5E9679F4FBF7,CUST-263D656C,ACC-939378DB9E,563.18,CARD,US,0.110234,0,LOW,0,NONE,2026-09-28T14:36:29.573566+00:00
TXN-D2302571E442,CUST-E5A753B5,ACC-86E7CE94B0,1220.47,CARD,US,0.092193,0,LOW,0,NONE,2026-09-28T14:36:29.597750+00:00
TXN-9DBA05B0FDBC,CUST-516D2DDD,ACC-A90B2547DF,1328.16,MOBILE,US,0.102084,0,LOW,0,NONE,2026-09-28T14:36:29.622889+00:00
TXN-5EC9560E8D1D,CUST-4F3FDB09,ACC-A9ADD56248,186.14,MOBILE,US,0.103167,0,LOW,0,NONE,2026-09-28T14:36:29.649601+00:00
TXN-01D9FA222F9A,CUST-45BD0333,ACC-78DB803FC5,1182.15,MOBILE,US,0.134913,0,LOW,0,NONE,2026-09-28T14:36:29.673856+00:00
TXN-B877DA13ECDC,CUST-02BD1971,ACC-E230F2B2D1,993.03,MOBILE,US,0.124117,0,LOW,0,NONE,2026-09-28T14:36:29.697708+00:00
TXN-6DCCDAF459D0,CUST-DB6E8F93,ACC-132F91E549,2205.1,ONLINE,US,0.135462,0,LOW,0,NONE,2026-09-28T14:36:29.722975+00:00
TXN-9FCEEA6385FB,CUST-A2A995FD,ACC-D6E1014370,1311.86,CARD,US,0.125853,0,LOW,0,NONE,2026-09-28T14:36:29.769151+00:00
TXN-E8038BE1CAE5,CUST-23BC0459,ACC-1BDD381D38,2121.75,MOBILE,US,0.154457,0,LOW,0,NONE,2026-09-28T14:36:29.794949+00:00
TXN-EC7AE6CC4C39,CUST-D1CE00B3,ACC-FBC6BE9058,748.75,ONLINE,US,0.181543,0,LOW,0,NONE,2026-09-28T14:36:29.818565+00:00
TXN-BDC7EEB0411E,CUST-8D460C5D,ACC-D711B11B06,1271.89,CARD,US,0.173398,0,LOW,0,NONE,2026-09-28T14:36:29.843427+00:00
TXN-4DDC67BE0861,CUST-F92C4CAA,ACC-FA7CBF3DA3,611.5,ONLINE,US,0.121714,0,LOW,0,NONE,2026-09-28T14:36:29.866259+00:00
TXN-8B80607C329F,CUST-18DED113,ACC-41A2B724E3,2339.77,MOBILE,US,0.184177,0,LOW,0,NONE,2026-09-28T14:36:29.894143+00:00
TXN-30BCB918EF81,CUST-E5DC66DE,ACC-DD94B44145,299.98,ATM,US,0.120343,0,LOW,0,NONE,2026-09-28T14:36:29.921307+00:00
TXN-4161CBDA2B40,CUST-1340B25A,ACC-F0BC04EABE,691.31,CARD,US,0.102392,0,LOW,0,NONE,2026-09-28T14:36:29.950208+00:00
TXN-6DE5D7F8DFD5,CUST-0F2AE798,ACC-E4A0F3DABB,2468.48,CARD,US,0.173517,0,LOW,0,NONE,2026-09-28T14:36:29.974245+00:00
TXN-652EAADC24FD,CUST-BE3C8681,ACC-C5AEFFC668,1095.27,ONLINE,US,0.153603,0,LOW,0,NONE,2026-09-28T14:36:29.996763+00:00
TXN-CEEC9395E302,CUST-9BB22FC4,ACC-5FF13A806A,2455.76,MOBILE,US,0.192611,0,LOW,0,NONE,2026-09-28T14:36:30.021240+00:00
TXN-756CA85D6269,CUST-04F285A0,ACC-1F93093AAD,1291.44,CARD,US,0.116298,0,LOW,0,NONE,2026-09-28T14:36:30.046057+00:00
TXN-8D9A024CD431,CUST-9C9EDA6C,ACC-66CA815A85,2394.87,ONLINE,US,0.1389,0,LOW,0,NONE,2026-09-28T14:36:30.069287+00:00
TXN-6FA98A29A97F,CUST-EC894868,ACC-257E174BED,33.87,ONLINE,US,0.136528,0,LOW,0,NONE,2026-09-28T14:36:30.096639+00:00
TXN-FEB6662959CE,CUST-C512B099,ACC-F2016B62C0,2093.42,CARD,US,0.171857,0,LOW,0,NONE,2026-09-28T14:36:30.122896+00:00
TXN-7FE421D82F2A,CUST-D50EA3DF,ACC-62FC129322,1709.69,MOBILE,US,0.118918,0,LOW,0,NONE,2026-09-28T14:36:30.149544+00:00
TXN-AE3F6ED03D63,CUST-9CC9ED35,ACC-6B73B4B402,1893.98,CARD,US,0.168392,0,LOW,0,NONE,2026-09-28T14:36:30.174576+00:00
TXN-E44E749ED810,CUST-E5A753B5,ACC-68DE4FE123,1848.64,ATM,US,0.078454,0,LOW,0,NONE,2026-09-28T14:36:30.201763+00:00
TXN-EA3C97BB5936,CUST-E5DC66DE,ACC-4F8C4D4CBB,183.6,ATM,US,0.117306,0,LOW,0,NONE,2026-09-28T14:36:30.226619+00:00
TXN-E50E1A71E0F7,CUST-C9C94AF9,ACC-2540C062A2,1774.61,ATM,US,0.096217,0,LOW,0,NONE,2026-09-28T14:36:30.249500+00:00
TXN-D821C6B07CFB,CUST-D8E1C394,ACC-2193007408,500.89,CARD,US,0.100144,0,LOW,0,NONE,2026-09-28T14:36:30.278534+00:00
TXN-27104009719C,CUST-2B94D792,ACC-7A64FBCFD0,2490.1,CARD,US,0.138452,0,LOW,0,NONE,2026-09-28T14:36:30.304157+00:00
TXN-DCC431ABBAA7,CUST-4FC986C9,ACC-D3A68275DA,811.66,ONLINE,US,0.151029,0,LOW,0,NONE,2026-09-28T14:36:30.361365+00:00
TXN-C7A7D1368F2E,CUST-80839EB7,ACC-678CAC7B3E,218.75,ATM,US,0.131264,0,LOW,0,NONE,2026-09-28T14:36:30.390336+00:00
TXN-DFF0284B6207,CUST-BD676F3F,ACC-4ADC4D9445,116.21,ONLINE,US,0.128268,0,LOW,0,NONE,2026-09-28T14:36:30.416218+00:00
TXN-F93D443C53DD,CUST-05C134B3,ACC-CDA59FAB94,1825.21,MOBILE,US,0.101535,0,LOW,0,NONE,2026-09-28T14:36:30.442725+00:00
TXN-042BF10D5B0C,CUST-51029931,ACC-FD09618700,2238.94,CARD,US,0.176064,0,LOW,0,NONE,2026-09-28T14:36:30.472246+00:00
TXN-9764BACFBE6D,CUST-F98A8AD4,ACC-FDCB5683B1,1907.47,ATM,US,0.119618,0,LOW,0,NONE,2026-09-28T14:36:30.498926+00:00
TXN-1F71C34AC8E7,CUST-C2590469,ACC-1AC56FD1AA,2286.1,CARD,US,0.234995,0,LOW,0,NONE,2026-09-28T14:36:30.526798+00:00
TXN-1DF0F5749D0D,CUST-FCBFC9B4,ACC-FC8B20FDC1,1828.97,MOBILE,US,0.091088,0,LOW,0,NONE,2026-09-28T14:36:30.554553+00:00
TXN-A76A0A80D26F,CUST-589A2A78,ACC-B3F45D79AD,1805.45,MOBILE,US,0.125377,0,LOW,0,NONE,2026-09-28T14:36:30.581850+00:00
TXN-A72FF80F31CA,CUST-49D196D6,ACC-56B636CADF,2059.51,ATM,US,0.140464,0,LOW,0,NONE,2026-09-28T14:36:30.629945+00:00
TXN-F3B04C0D361F,CUST-8CF80A0C,ACC-DB4717F1AF,905.54,ONLINE,US,0.14294,0,LOW,0,NONE,2026-09-28T14:36:30.658464+00:00
TXN-AAC950CF59C5,CUST-57EE0CB3,ACC-233E8C0E66,2498.89,MOBILE,US,0.193945,0,LOW,0,NONE,2026-09-28T14:36:30.686053+00:00
TXN-189FD6164891,CUST-B098667D,ACC-320130992F,2106.49,ATM,US,0.14343,0,LOW,0,NONE,2026-09-28T14:36:30.711665+00:00
TXN-A95EF250B91F,CUST-911F4401,ACC-8DFEE4E4EA,1346.87,ONLINE,US,0.141989,0,LOW,0,NONE,2026-09-28T14:36:30.738144+00:00
TXN-33D1A63108E9,CUST-CAC4DDD1,ACC-23F0227521,1684.39,CARD,US,0.105265,0,LOW,0,NONE,2026-09-28T14:36:30.763515+00:00
TXN-93432F39D11F,CUST-DCAE751A,ACC-4BB1AAC7A6,1221.05,CARD,US,0.103418,0,LOW,0,NONE,2026-09-28T14:36:30.789572+00:00
TXN-8D9A024CD431,CUST-9C9EDA6C,ACC-66CA815A85,2394.87,ONLINE,US,0.1389,0,LOW,0,NONE,2026-09-28T14:36:30.812886+00:00
TXN-6FA98A29A97F,CUST-EC894868,ACC-257E174BED,33.87,ONLINE,US,0.136528,0,LOW,0,NONE,2026-09-28T14:36:30.840310+00:00
TXN-FEB6662959CE,CUST-C512B099,ACC-F2016B62C0,2093.42,CARD,US,0.171857,0,LOW,0,NONE,2026-09-28T14:36:30.865463+00:00
TXN-7FE421D82F2A,CUST-D50EA3DF,ACC-62FC129322,1709.69,MOBILE,US,0.118918,0,LOW,0,NONE,2026-09-28T14:36:30.888768+00:00
TXN-AE3F6ED03D63,CUST-9CC9ED35,ACC-6B73B4B402,1893.98,CARD,US,0.168392,0,LOW,0,NONE,2026-09-28T14:36:30.915862+00:00
TXN-E44E749ED810,CUST-E5A753B5,ACC-68DE4FE123,1848.64,ATM,US,0.078454,0,LOW,0,NONE,2026-09-28T14:36:30.940058+00:00
TXN-EA3C97BB5936,CUST-E5DC66DE,ACC-4F8C4D4CBB,183.6,ATM,US,0.117306,0,LOW,0,NONE,2026-09-28T14:36:30.967736+00:00
TXN-E50E1A71E0F7,CUST-C9C94AF9,ACC-2540C062A2,1774.61,ATM,US,0.096217,0,LOW,0,NONE,2026-09-28T14:36:30.994054+00:00
TXN-D821C6B07CFB,CUST-D8E1C394,ACC-2193007408,500.89,CARD,US,0.100144,0,LOW,0,NONE,2026-09-28T14:36:31.020273+00:00
TXN-27104009719C,CUST-2B94D792,ACC-7A64FBCFD0,2490.1,CARD,US,0.138452,0,LOW,0,NONE,2026-09-28T14:36:31.047430+00:00
TXN-DCC431ABBAA7,CUST-4FC986C9,ACC-D3A68275DA,811.66,ONLINE,US,0.151029,0,LOW,0,NONE,2026-09-28T14:36:31.073383+00:00
TXN-C7A7D1368F2E,CUST-80839EB7,ACC-678CAC7B3E,218.75,ATM,US,0.131264,0,LOW,0,NONE,2026-09-28T14:36:31.098525+00:00
TXN-DFF0284B6207,CUST-BD676F3F,ACC-4ADC4D9445,116.21,ONLINE,US,0.128268,0,LOW,0,NONE,2026-09-28T14:36:31.122401+00:00
TXN-F93D443C53DD,CUST-05C134B3,ACC-CDA59FAB94,1825.21,MOBILE,US,0.101535,0,LOW,0,NONE,2026-09-28T14:36:31.147059+00:00
TXN-042BF10D5B0C,CUST-51029931,ACC-FD09618700,2238.94,CARD,US,0.176064,0,LOW,0,NONE,2026-09-28T14:36:31.172528+00:00
TXN-9764BACFBE6D,CUST-F98A8AD4,ACC-FDCB5683B1,1907.47,ATM,US,0.119618,0,LOW,0,NONE,2026-09-28T14:36:31.197810+00:00
TXN-1F71C34AC8E7,CUST-C2590469,ACC-1AC56FD1AA,2286.1,CARD,US,0.234995,0,LOW,0,NONE,2026-09-28T14:36:31.222845+00:00
TXN-1DF0F5749D0D,CUST-FCBFC9B4,ACC-FC8B20FDC1,1828.97,MOBILE,US,0.091088,0,LOW,0,NONE,2026-09-28T14:36:31.249615+00:00
TXN-A76A0A80D26F,CUST-589A2A78,ACC-B3F45D79AD,1805.45,MOBILE,US,0.125377,0,LOW,0,NONE,2026-09-28T14:36:31.275991+00:00
TXN-A72FF80F31CA,CUST-49D196D6,ACC-56B636CADF,2059.51,ATM,US,0.140464,0,LOW,0,NONE,2026-09-28T14:36:31.300302+00:00
TXN-F3B04C0D361F,CUST-8CF80A0C,ACC-DB4717F1AF,905.54,ONLINE,US,0.14294,0,LOW,0,NONE,2026-09-28T14:36:31.323811+00:00
TXN-AAC950CF59C5,CUST-57EE0CB3,ACC-233E8C0E66,2498.89,MOBILE,US,0.193945,0,LOW,0,NONE,2026-09-28T14:36:31.345246+00:00
TXN-189FD6164891,CUST-B098667D,ACC-320130992F,2106.49,ATM,US,0.14343,0,LOW,0,NONE,2026-09-28T14:36:31.370407+00:00
TXN-A95EF250B91F,CUST-911F4401,ACC-8DFEE4E4EA,1346.87,ONLINE,US,0.141989,0,LOW,0,NONE,2026-09-28T14:36:31.395319+00:00
TXN-33D1A63108E9,CUST-CAC4DDD1,ACC-23F0227521,1684.39,CARD,US,0.105265,0,LOW,0,NONE,2026-09-28T14:36:31.422490+00:00
TXN-93432F39D11F,CUST-DCAE751A,ACC-4BB1AAC7A6,1221.05,CARD,US,0.103418,0,LOW,0,NONE,2026-09-28T14:36:31.460118+00:00
TXN-2C0AAE1C620B,CUST-A0971976,ACC-B83B1F4896,2110.19,ATM,US,0.17433,0,LOW,0,NONE,2026-09-28T14:36:31.488384+00:00
TXN-81AF5BAB2D4E,CUST-DB128F93,ACC-27ACA934EC,1676.02,ONLINE,US,0.143532,0,LOW,0,NONE,2026-09-28T14:36:31.515116+00:00
TXN-4EC964A083CD,CUST-2036786F,ACC-94781DD2A2,1538.38,ONLINE,US,0.167398,0,LOW,0,NONE,2026-09-28T14:36:31.540295+00:00
TXN-EE05E68A7916,CUST-F54358B9,ACC-380973E4F5,1235.33,ONLINE,US,0.122442,0,LOW,0,NONE,2026-09-28T14:36:31.564698+00:00
TXN-05457A22A385,CUST-3DFEF8A8,ACC-FC293CB526,1871.37,MOBILE,US,0.085429,0,LOW,0,NONE,2026-09-28T14:36:31.591279+00:00
TXN-6D2820292340,CUST-E30E3C90,ACC-EAE14A9082,2369.59,ATM,US,0.122082,0,LOW,0,NONE,2026-09-28T14:36:31.617654+00:00
TXN-F20932BAC4AA,CUST-73CD1A35,ACC-DCC4162A81,1951.04,ONLINE,US,0.105494,0,LOW,0,NONE,2026-09-28T14:36:31.644704+00:00
TXN-F7A77D7DB4EC,CUST-EDE7AA4A,ACC-131E244177,582.88,ONLINE,US,0.203521,0,LOW,0,NONE,2026-09-28T14:36:31.672144+00:00
TXN-71741DB9D276,CUST-911F4401,ACC-01CFBFD75C,1593.73,MOBILE,US,0.09934,0,LOW,0,NONE,2026-09-28T14:36:31.697135+00:00
TXN-387460D98A87,CUST-C5D51A4F,ACC-AFF7F2FCC5,656.88,CARD,US,0.11586,0,LOW,0,NONE,2026-09-28T14:36:31.723950+00:00
TXN-2B2165625EB6,CUST-9DB58BD9,ACC-A3B66B17AF,307.31,MOBILE,US,0.145312,0,LOW,0,NONE,2026-09-28T14:36:31.750747+00:00
TXN-6E87938097DA,CUST-E3FC58EE,ACC-AD3619475B,276.8,CARD,US,0.122271,0,LOW,0,NONE,2026-09-28T14:36:31.776125+00:00
TXN-AB32152905A6,CUST-8B1A8BBF,ACC-DC159FF23D,419.33,ONLINE,US,0.137956,0,LOW,0,NONE,2026-09-28T14:36:31.800062+00:00
TXN-A039B16F6D94,CUST-E6AED8E7,ACC-22F41D7DFC,179.55,ATM,US,0.119204,0,LOW,0,NONE,2026-09-28T14:36:31.825790+00:00
TXN-65C13501215E,CUST-1082BEBE,ACC-1DB4C3D4EE,2266.87,ATM,US,0.162099,0,LOW,0,NONE,2026-09-28T14:36:31.852147+00:00
TXN-D1700D8D506D,CUST-F4BEC821,ACC-9615055F38,393.58,ONLINE,US,0.13911,0,LOW,0,NONE,2026-09-28T14:36:31.880442+00:00
TXN-CBFBE5F5177D,CUST-3179A0E8,ACC-D59D1F1EB8,12095.99,MOBILE,US,1.0,1,CRITICAL,1,HIGH_VALUE_FRAUD,2026-09-28T14:36:31.907014+00:00
TXN-55E3F40A8269,CUST-1E5AE413,ACC-D5C19F2D5F,2376.38,MOBILE,US,0.171195,0,LOW,0,NONE,2026-09-28T14:36:31.935515+00:00
TXN-727DC0387403,CUST-23D705E4,ACC-EC5121D788,2099.37,MOBILE,US,0.136715,0,LOW,0,NONE,2026-09-28T14:36:31.961095+00:00
TXN-761721534D71,CUST-32D705D5,ACC-AAB0C76043,1561.22,ONLINE,US,0.120953,0,LOW,0,NONE,2026-09-28T14:36:31.989064+00:00
TXN-4C6A974DC434,CUST-CF4B085B,ACC-1B0E0A3E94,2161.09,CARD,US,0.144033,0,LOW,0,NONE,2026-09-28T14:36:32.016828+00:00
TXN-C364AC7CAF34,CUST-A7BBA380,ACC-5FF102FA7F,1579.23,ONLINE,US,0.140695,0,LOW,0,NONE,2026-09-28T14:36:32.044791+00:00
TXN-59E05C275DAA,CUST-6F54AE66,ACC-9E81E14B4C,910.13,CARD,US,0.167953,0,LOW,0,NONE,2026-09-28T14:36:32.072380+00:00
TXN-A8EEC579BEDB,CUST-DBF132C6,ACC-2B0C34272C,1751.97,MOBILE,US,0.100072,0,LOW,0,NONE,2026-09-28T14:36:32.100192+00:00
TXN-987E329B35F5,CUST-ECE22CF8,ACC-33C6E98A1E,491.64,ATM,US,0.141848,0,LOW,0,NONE,2026-09-28T14:36:32.127870+00:00
TXN-9096C1B63010,CUST-DCB6C5A4,ACC-DB775910FD,1375.91,ATM,US,0.133773,0,LOW,0,NONE,2026-09-28T14:36:32.152410+00:00
TXN-25BE129492E4,CUST-30ED4DF9,ACC-4F4D43B5C4,726.0,CARD,US,0.123329,0,LOW,0,NONE,2026-09-28T14:36:32.177151+00:00
TXN-AF9C8188B186,CUST-88410A30,ACC-444A7187FC,395.68,CARD,US,0.11332,0,LOW,0,NONE,2026-09-28T14:36:32.204338+00:00
TXN-18490C0B7838,CUST-F4BEC821,ACC-9615055F38,1085.04,ONLINE,US,0.128217,0,LOW,0,NONE,2026-09-28T14:36:32.227199+00:00
TXN-A45059E46B77,CUST-F926DC90,ACC-5ABE96139F,83.16,ONLINE,US,0.147584,0,LOW,0,NONE,2026-09-28T14:36:32.251930+00:00
TXN-30A61AE152E9,CUST-FEE40DDC,ACC-DCF518CCD0,2267.27,CARD,US,0.410617,0,MEDIUM,1,VELOCITY_FRAUD,2026-09-28T14:36:32.279606+00:00
TXN-3F634B0A75DB,CUST-B43F8E46,ACC-6749A89E5F,1788.52,CARD,US,0.087807,0,LOW,0,NONE,2026-09-28T14:36:32.304746+00:00
TXN-2C0AAE1C620B,CUST-A0971976,ACC-B83B1F4896,2110.19,ATM,US,0.17433,0,LOW,0,NONE,2026-09-28T14:36:32.329754+00:00
TXN-81AF5BAB2D4E,CUST-DB128F93,ACC-27ACA934EC,1676.02,ONLINE,US,0.143532,0,LOW,0,NONE,2026-09-28T14:36:32.354519+00:00
TXN-4EC964A083CD,CUST-2036786F,ACC-94781DD2A2,1538.38,ONLINE,US,0.167398,0,LOW,0,NONE,2026-09-28T14:36:32.378140+00:00
TXN-EE05E68A7916,CUST-F54358B9,ACC-380973E4F5,1235.33,ONLINE,US,0.122442,0,LOW,0,NONE,2026-09-28T14:36:32.403364+00:00
TXN-05457A22A385,CUST-3DFEF8A8,ACC-FC293CB526,1871.37,MOBILE,US,0.085429,0,LOW,0,NONE,2026-09-28T14:36:32.430929+00:00
TXN-6D2820292340,CUST-E30E3C90,ACC-EAE14A9082,2369.59,ATM,US,0.122082,0,LOW,0,NONE,2026-09-28T14:36:32.458208+00:00
TXN-F20932BAC4AA,CUST-73CD1A35,ACC-DCC4162A81,1951.04,ONLINE,US,0.105494,0,LOW,0,NONE,2026-09-28T14:36:32.486406+00:00
TXN-F7A77D7DB4EC,CUST-EDE7AA4A,ACC-131E244177,582.88,ONLINE,US,0.203521,0,LOW,0,NONE,2026-09-28T14:36:32.513661+00:00
TXN-71741DB9D276,CUST-911F4401,ACC-01CFBFD75C,1593.73,MOBILE,US,0.09934,0,LOW,0,NONE,2026-09-28T14:36:32.540418+00:00
TXN-387460D98A87,CUST-C5D51A4F,ACC-AFF7F2FCC5,656.88,CARD,US,0.11586,0,LOW,0,NONE,2026-09-28T14:36:32.567480+00:00
TXN-2B2165625EB6,CUST-9DB58BD9,ACC-A3B66B17AF,307.31,MOBILE,US,0.145312,0,LOW,0,NONE,2026-09-28T14:36:32.593256+00:00
TXN-6E87938097DA,CUST-E3FC58EE,ACC-AD3619475B,276.8,CARD,US,0.122271,0,LOW,0,NONE,2026-09-28T14:36:32.620338+00:00
TXN-AB32152905A6,CUST-8B1A8BBF,ACC-DC159FF23D,419.33,ONLINE,US,0.137956,0,LOW,0,NONE,2026-09-28T14:36:32.643356+00:00
TXN-A039B16F6D94,CUST-E6AED8E7,ACC-22F41D7DFC,179.55,ATM,US,0.119204,0,LOW,0,NONE,2026-09-28T14:36:32.669277+00:00
TXN-65C13501215E,CUST-1082BEBE,ACC-1DB4C3D4EE,2266.87,ATM,US,0.162099,0,LOW,0,NONE,2026-09-28T14:36:32.692150+00:00
TXN-D1700D8D506D,CUST-F4BEC821,ACC-9615055F38,393.58,ONLINE,US,0.13911,0,LOW,0,NONE,2026-09-28T14:36:32.719519+00:00
TXN-CBFBE5F5177D,CUST-3179A0E8,ACC-D59D1F1EB8,12095.99,MOBILE,US,1.0,1,CRITICAL,1,HIGH_VALUE_FRAUD,2026-09-28T14:36:32.743881+00:00
TXN-55E3F40A8269,CUST-1E5AE413,ACC-D5C19F2D5F,2376.38,MOBILE,US,0.171195,0,LOW,0,NONE,2026-09-28T14:36:32.770067+00:00
TXN-727DC0387403,CUST-23D705E4,ACC-EC5121D788,2099.37,MOBILE,US,0.136715,0,LOW,0,NONE,2026-09-28T14:36:32.792740+00:00
TXN-761721534D71,CUST-32D705D5,ACC-AAB0C76043,1561.22,ONLINE,US,0.120953,0,LOW,0,NONE,2026-09-28T14:36:32.819164+00:00
TXN-4C6A974DC434,CUST-CF4B085B,ACC-1B0E0A3E94,2161.09,CARD,US,0.144033,0,LOW,0,NONE,2026-09-28T14:36:32.844175+00:00
TXN-C364AC7CAF34,CUST-A7BBA380,ACC-5FF102FA7F,1579.23,ONLINE,US,0.140695,0,LOW,0,NONE,2026-09-28T14:36:32.871739+00:00
TXN-59E05C275DAA,CUST-6F54AE66,ACC-9E81E14B4C,910.13,CARD,US,0.167953,0,LOW,0,NONE,2026-09-28T14:36:32.899244+00:00
TXN-A8EEC579BEDB,CUST-DBF132C6,ACC-2B0C34272C,1751.97,MOBILE,US,0.100072,0,LOW,0,NONE,2026-09-28T14:36:32.924288+00:00
TXN-987E329B35F5,CUST-ECE22CF8,ACC-33C6E98A1E,491.64,ATM,US,0.141848,0,LOW,0,NONE,2026-09-28T14:36:32.953280+00:00
TXN-9096C1B63010,CUST-DCB6C5A4,ACC-DB775910FD,1375.91,ATM,US,0.133773,0,LOW,0,NONE,2026-09-28T14:36:32.980150+00:00
TXN-25BE129492E4,CUST-30ED4DF9,ACC-4F4D43B5C4,726.0,CARD,US,0.123329,0,LOW,0,NONE,2026-09-28T14:36:33.003461+00:00
TXN-AF9C8188B186,CUST-88410A30,ACC-444A7187FC,395.68,CARD,US,0.11332,0,LOW,0,NONE,2026-09-28T14:36:33.028421+00:00
TXN-18490C0B7838,CUST-F4BEC821,ACC-9615055F38,1085.04,ONLINE,US,0.128217,0,LOW,0,NONE,2026-09-28T14:36:33.051972+00:00
TXN-A45059E46B77,CUST-F926DC90,ACC-5ABE96139F,83.16,ONLINE,US,0.147584,0,LOW,0,NONE,2026-09-28T14:36:33.096697+00:00
TXN-30A61AE152E9,CUST-FEE40DDC,ACC-DCF518CCD0,2267.27,CARD,US,0.410617,0,MEDIUM,1,VELOCITY_FRAUD,2026-09-28T14:36:33.125305+00:00
TXN-3F634B0A75DB,CUST-B43F8E46,ACC-6749A89E5F,1788.52,CARD,US,0.087807,0,LOW,0,NONE,2026-09-28T14:36:33.152894+00:00
TXN-2C0AAE1C620B,CUST-A0971976,ACC-B83B1F4896,2110.19,ATM,US,0.17433,0,LOW,0,NONE,2026-09-28T14:43:18.336600+00:00
TXN-2C0AAE1C620B,CUST-A0971976,ACC-B83B1F4896,2110.19,ATM,US,0.17433,0,LOW,0,NONE,2026-09-28T14:43:18.336859+00:00
TXN-81AF5BAB2D4E,CUST-DB128F93,ACC-27ACA934EC,1676.02,ONLINE,US,0.143532,0,LOW,0,NONE,2026-09-28T14:43:18.359604+00:00
TXN-81AF5BAB2D4E,CUST-DB128F93,ACC-27ACA934EC,1676.02,ONLINE,US,0.143532,0,LOW,0,NONE,2026-09-28T14:43:18.365299+00:00
TXN-2C0AAE1C620B,CUST-A0971976,ACC-B83B1F4896,2110.19,ATM,US,0.17433,0,LOW,0,NONE,2026-09-28T14:43:18.365901+00:00
TXN-8D9A024CD431,CUST-9C9EDA6C,ACC-66CA815A85,2394.87,ONLINE,US,0.1389,0,LOW,0,NONE,2026-09-28T14:43:18.383526+00:00
TXN-8D9A024CD431,CUST-9C9EDA6C,ACC-66CA815A85,2394.87,ONLINE,US,0.1389,0,LOW,0,NONE,2026-09-28T14:43:18.394164+00:00
TXN-4EC964A083CD,CUST-2036786F,ACC-94781DD2A2,1538.38,ONLINE,US,0.167398,0,LOW,0,NONE,2026-09-28T14:43:18.409641+00:00
TXN-81AF5BAB2D4E,CUST-DB128F93,ACC-27ACA934EC,1676.02,ONLINE,US,0.143532,0,LOW,0,NONE,2026-09-28T14:43:18.411386+00:00
TXN-4EC964A083CD,CUST-2036786F,ACC-94781DD2A2,1538.38,ONLINE,US,0.167398,0,LOW,0,NONE,2026-09-28T14:43:18.422139+00:00
TXN-6FA98A29A97F,CUST-EC894868,ACC-257E174BED,33.87,ONLINE,US,0.136528,0,LOW,0,NONE,2026-09-28T14:43:18.432108+00:00
TXN-8D9A024CD431,CUST-9C9EDA6C,ACC-66CA815A85,2394.87,ONLINE,US,0.1389,0,LOW,0,NONE,2026-09-28T14:43:18.444457+00:00
TXN-6FA98A29A97F,CUST-EC894868,ACC-257E174BED,33.87,ONLINE,US,0.136528,0,LOW,0,NONE,2026-09-28T14:43:18.449324+00:00
TXN-FEB6662959CE,CUST-C512B099,ACC-F2016B62C0,2093.42,CARD,US,0.171857,0,LOW,0,NONE,2026-09-28T14:43:18.460312+00:00
TXN-FEB6662959CE,CUST-C512B099,ACC-F2016B62C0,2093.42,CARD,US,0.171857,0,LOW,0,NONE,2026-09-28T14:43:18.473503+00:00
TXN-4EC964A083CD,CUST-2036786F,ACC-94781DD2A2,1538.38,ONLINE,US,0.167398,0,LOW,0,NONE,2026-09-28T14:43:18.474940+00:00
TXN-7FE421D82F2A,CUST-D50EA3DF,ACC-62FC129322,1709.69,MOBILE,US,0.118918,0,LOW,0,NONE,2026-09-28T14:43:18.510679+00:00
TXN-7FE421D82F2A,CUST-D50EA3DF,ACC-62FC129322,1709.69,MOBILE,US,0.118918,0,LOW,0,NONE,2026-09-28T14:43:18.511659+00:00
TXN-6FA98A29A97F,CUST-EC894868,ACC-257E174BED,33.87,ONLINE,US,0.136528,0,LOW,0,NONE,2026-09-28T14:43:18.515190+00:00
TXN-FEB6662959CE,CUST-C512B099,ACC-F2016B62C0,2093.42,CARD,US,0.171857,0,LOW,0,NONE,2026-09-28T14:43:18.546611+00:00
TXN-7A9D61BDB3F8,CUST-EED46B33,ACC-0E7B5145F5,1090.76,CARD,US,0.132168,0,LOW,0,NONE,2026-09-28T14:43:18.563158+00:00
TXN-7A9D61BDB3F8,CUST-EED46B33,ACC-0E7B5145F5,1090.76,CARD,US,0.132168,0,LOW,0,NONE,2026-09-28T14:43:18.563229+00:00
TXN-7FE421D82F2A,CUST-D50EA3DF,ACC-62FC129322,1709.69,MOBILE,US,0.118918,0,LOW,0,NONE,2026-09-28T14:43:18.588787+00:00
TXN-EE05E68A7916,CUST-F54358B9,ACC-380973E4F5,1235.33,ONLINE,US,0.122442,0,LOW,0,NONE,2026-09-28T14:43:18.613716+00:00
TXN-EE05E68A7916,CUST-F54358B9,ACC-380973E4F5,1235.33,ONLINE,US,0.122442,0,LOW,0,NONE,2026-09-28T14:43:18.615552+00:00
TXN-7A9D61BDB3F8,CUST-EED46B33,ACC-0E7B5145F5,1090.76,CARD,US,0.132168,0,LOW,0,NONE,2026-09-28T14:43:18.620756+00:00
TXN-EE05E68A7916,CUST-F54358B9,ACC-380973E4F5,1235.33,ONLINE,US,0.122442,0,LOW,0,NONE,2026-09-28T14:43:18.650122+00:00
TXN-6607CF8A84E4,CUST-8D1B556F,ACC-6BB6F6B8D8,1747.61,CARD,US,0.114803,0,LOW,0,NONE,2026-09-28T14:43:18.679583+00:00
TXN-6607CF8A84E4,CUST-8D1B556F,ACC-6BB6F6B8D8,1747.61,CARD,US,0.114803,0,LOW,0,NONE,2026-09-28T14:43:18.679604+00:00
TXN-6607CF8A84E4,CUST-8D1B556F,ACC-6BB6F6B8D8,1747.61,CARD,US,0.114803,0,LOW,0,NONE,2026-09-28T14:43:18.682907+00:00
TXN-2010FE4C80A6,CUST-7A7C9120,ACC-FBE9096A34,1671.54,CARD,US,0.152053,0,LOW,0,NONE,2026-09-28T14:43:18.719462+00:00
TXN-2010FE4C80A6,CUST-7A7C9120,ACC-FBE9096A34,1671.54,CARD,US,0.152053,0,LOW,0,NONE,2026-09-28T14:43:18.731931+00:00
TXN-2010FE4C80A6,CUST-7A7C9120,ACC-FBE9096A34,1671.54,CARD,US,0.152053,0,LOW,0,NONE,2026-09-28T14:43:18.731940+00:00
TXN-AE3F6ED03D63,CUST-9CC9ED35,ACC-6B73B4B402,1893.98,CARD,US,0.168392,0,LOW,0,NONE,2026-09-28T14:43:18.769257+00:00
TXN-AE3F6ED03D63,CUST-9CC9ED35,ACC-6B73B4B402,1893.98,CARD,US,0.168392,0,LOW,0,NONE,2026-09-28T14:43:18.769310+00:00
TXN-AE3F6ED03D63,CUST-9CC9ED35,ACC-6B73B4B402,1893.98,CARD,US,0.168392,0,LOW,0,NONE,2026-09-28T14:43:18.770309+00:00
TXN-E8D0BB4B5FB1,CUST-4468CB9A,ACC-E43BA3BB62,1396.42,ONLINE,US,0.123877,0,LOW,0,NONE,2026-09-28T14:43:18.822339+00:00
TXN-E8D0BB4B5FB1,CUST-4468CB9A,ACC-E43BA3BB62,1396.42,ONLINE,US,0.123877,0,LOW,0,NONE,2026-09-28T14:43:18.822571+00:00
TXN-E8D0BB4B5FB1,CUST-4468CB9A,ACC-E43BA3BB62,1396.42,ONLINE,US,0.123877,0,LOW,0,NONE,2026-09-28T14:43:18.822681+00:00
TXN-E44E749ED810,CUST-E5A753B5,ACC-68DE4FE123,1848.64,ATM,US,0.078454,0,LOW,0,NONE,2026-09-28T14:43:18.878655+00:00
TXN-E44E749ED810,CUST-E5A753B5,ACC-68DE4FE123,1848.64,ATM,US,0.078454,0,LOW,0,NONE,2026-09-28T14:43:18.879129+00:00
TXN-E44E749ED810,CUST-E5A753B5,ACC-68DE4FE123,1848.64,ATM,US,0.078454,0,LOW,0,NONE,2026-09-28T14:43:18.890245+00:00
TXN-EA3C97BB5936,CUST-E5DC66DE,ACC-4F8C4D4CBB,183.6,ATM,US,0.117306,0,LOW,0,NONE,2026-09-28T14:43:18.929068+00:00
TXN-EA3C97BB5936,CUST-E5DC66DE,ACC-4F8C4D4CBB,183.6,ATM,US,0.117306,0,LOW,0,NONE,2026-09-28T14:43:18.941012+00:00
TXN-EA3C97BB5936,CUST-E5DC66DE,ACC-4F8C4D4CBB,183.6,ATM,US,0.117306,0,LOW,0,NONE,2026-09-28T14:43:18.942397+00:00
TXN-05457A22A385,CUST-3DFEF8A8,ACC-FC293CB526,1871.37,MOBILE,US,0.085429,0,LOW,0,NONE,2026-09-28T14:43:18.979188+00:00
TXN-05457A22A385,CUST-3DFEF8A8,ACC-FC293CB526,1871.37,MOBILE,US,0.085429,0,LOW,0,NONE,2026-09-28T14:43:18.979562+00:00
TXN-05457A22A385,CUST-3DFEF8A8,ACC-FC293CB526,1871.37,MOBILE,US,0.085429,0,LOW,0,NONE,2026-09-28T14:43:18.981696+00:00
TXN-E50E1A71E0F7,CUST-C9C94AF9,ACC-2540C062A2,1774.61,ATM,US,0.096217,0,LOW,0,NONE,2026-09-28T14:43:19.036461+00:00
TXN-E50E1A71E0F7,CUST-C9C94AF9,ACC-2540C062A2,1774.61,ATM,US,0.096217,0,LOW,0,NONE,2026-09-28T14:43:19.037092+00:00
TXN-E50E1A71E0F7,CUST-C9C94AF9,ACC-2540C062A2,1774.61,ATM,US,0.096217,0,LOW,0,NONE,2026-09-28T14:43:19.047634+00:00
TXN-D821C6B07CFB,CUST-D8E1C394,ACC-2193007408,500.89,CARD,US,0.100144,0,LOW,0,NONE,2026-09-28T14:43:19.088606+00:00
TXN-D821C6B07CFB,CUST-D8E1C394,ACC-2193007408,500.89,CARD,US,0.100144,0,LOW,0,NONE,2026-09-28T14:43:19.088668+00:00
TXN-D821C6B07CFB,CUST-D8E1C394,ACC-2193007408,500.89,CARD,US,0.100144,0,LOW,0,NONE,2026-09-28T14:43:19.099976+00:00
TXN-4ECED8EB0DFC,CUST-3C516463,ACC-1706E093A1,1797.26,ATM,US,0.130921,0,LOW,0,NONE,2026-09-28T14:43:19.143115+00:00
TXN-4ECED8EB0DFC,CUST-3C516463,ACC-1706E093A1,1797.26,ATM,US,0.130921,0,LOW,0,NONE,2026-09-28T14:43:19.143226+00:00
TXN-4ECED8EB0DFC,CUST-3C516463,ACC-1706E093A1,1797.26,ATM,US,0.130921,0,LOW,0,NONE,2026-09-28T14:43:19.153036+00:00
TXN-6D2820292340,CUST-E30E3C90,ACC-EAE14A9082,2369.59,ATM,US,0.122082,0,LOW,0,NONE,2026-09-28T14:43:19.193872+00:00
TXN-6D2820292340,CUST-E30E3C90,ACC-EAE14A9082,2369.59,ATM,US,0.122082,0,LOW,0,NONE,2026-09-28T14:43:19.204515+00:00
TXN-6D2820292340,CUST-E30E3C90,ACC-EAE14A9082,2369.59,ATM,US,0.122082,0,LOW,0,NONE,2026-09-28T14:43:19.204502+00:00
TXN-1F226432B75F,CUST-74C677AE,ACC-2CDB149B0B,347.51,ATM,US,0.121558,0,LOW,0,NONE,2026-09-28T14:43:19.244439+00:00
TXN-1F226432B75F,CUST-74C677AE,ACC-2CDB149B0B,347.51,ATM,US,0.121558,0,LOW,0,NONE,2026-09-28T14:43:19.244433+00:00
TXN-1F226432B75F,CUST-74C677AE,ACC-2CDB149B0B,347.51,ATM,US,0.121558,0,LOW,0,NONE,2026-09-28T14:43:19.244837+00:00
TXN-F20932BAC4AA,CUST-73CD1A35,ACC-DCC4162A81,1951.04,ONLINE,US,0.105494,0,LOW,0,NONE,2026-09-28T14:43:19.300304+00:00
TXN-F20932BAC4AA,CUST-73CD1A35,ACC-DCC4162A81,1951.04,ONLINE,US,0.105494,0,LOW,0,NONE,2026-09-28T14:43:19.301102+00:00
TXN-F20932BAC4AA,CUST-73CD1A35,ACC-DCC4162A81,1951.04,ONLINE,US,0.105494,0,LOW,0,NONE,2026-09-28T14:43:19.311292+00:00
TXN-EAC83D07F2AE,CUST-994A6AD7,ACC-84453B46E3,2035.15,CARD,US,0.143649,0,LOW,0,NONE,2026-09-28T14:43:19.355394+00:00
TXN-EAC83D07F2AE,CUST-994A6AD7,ACC-84453B46E3,2035.15,CARD,US,0.143649,0,LOW,0,NONE,2026-09-28T14:43:19.365970+00:00
TXN-EAC83D07F2AE,CUST-994A6AD7,ACC-84453B46E3,2035.15,CARD,US,0.143649,0,LOW,0,NONE,2026-09-28T14:43:19.366090+00:00
TXN-3270B2CCD100,CUST-32CCB661,ACC-2535DC0CE0,1412.99,MOBILE,US,0.141818,0,LOW,0,NONE,2026-09-28T14:43:19.407195+00:00
TXN-3270B2CCD100,CUST-32CCB661,ACC-2535DC0CE0,1412.99,MOBILE,US,0.141818,0,LOW,0,NONE,2026-09-28T14:43:19.407526+00:00
TXN-3270B2CCD100,CUST-32CCB661,ACC-2535DC0CE0,1412.99,MOBILE,US,0.141818,0,LOW,0,NONE,2026-09-28T14:43:19.417456+00:00
TXN-27104009719C,CUST-2B94D792,ACC-7A64FBCFD0,2490.1,CARD,US,0.138452,0,LOW,0,NONE,2026-09-28T14:43:19.457480+00:00
TXN-27104009719C,CUST-2B94D792,ACC-7A64FBCFD0,2490.1,CARD,US,0.138452,0,LOW,0,NONE,2026-09-28T14:43:19.457527+00:00
TXN-27104009719C,CUST-2B94D792,ACC-7A64FBCFD0,2490.1,CARD,US,0.138452,0,LOW,0,NONE,2026-09-28T14:43:19.460282+00:00
TXN-306CE1D15CF4,CUST-314A95E6,ACC-162288A69D,1748.59,ONLINE,US,0.080316,0,LOW,0,NONE,2026-09-28T14:43:19.515205+00:00
TXN-306CE1D15CF4,CUST-314A95E6,ACC-162288A69D,1748.59,ONLINE,US,0.080316,0,LOW,0,NONE,2026-09-28T14:43:19.515207+00:00
TXN-306CE1D15CF4,CUST-314A95E6,ACC-162288A69D,1748.59,ONLINE,US,0.080316,0,LOW,0,NONE,2026-09-28T14:43:19.526337+00:00
TXN-DCC431ABBAA7,CUST-4FC986C9,ACC-D3A68275DA,811.66,ONLINE,US,0.151029,0,LOW,0,NONE,2026-09-28T14:43:19.569401+00:00
TXN-DCC431ABBAA7,CUST-4FC986C9,ACC-D3A68275DA,811.66,ONLINE,US,0.151029,0,LOW,0,NONE,2026-09-28T14:43:19.569988+00:00
TXN-DCC431ABBAA7,CUST-4FC986C9,ACC-D3A68275DA,811.66,ONLINE,US,0.151029,0,LOW,0,NONE,2026-09-28T14:43:19.581120+00:00
TXN-C7A7D1368F2E,CUST-80839EB7,ACC-678CAC7B3E,218.75,ATM,US,0.131264,0,LOW,0,NONE,2026-09-28T14:43:19.620358+00:00
TXN-C7A7D1368F2E,CUST-80839EB7,ACC-678CAC7B3E,218.75,ATM,US,0.131264,0,LOW,0,NONE,2026-09-28T14:43:19.620623+00:00
TXN-C7A7D1368F2E,CUST-80839EB7,ACC-678CAC7B3E,218.75,ATM,US,0.131264,0,LOW,0,NONE,2026-09-28T14:43:19.621349+00:00
TXN-51B61965153D,CUST-07CA1DEF,ACC-33F36B64EE,2301.51,ATM,US,0.460306,0,MEDIUM,1,VELOCITY_FRAUD,2026-09-28T14:43:19.671061+00:00
TXN-51B61965153D,CUST-07CA1DEF,ACC-33F36B64EE,2301.51,ATM,US,0.460306,0,MEDIUM,1,VELOCITY_FRAUD,2026-09-28T14:43:19.672460+00:00
TXN-51B61965153D,CUST-07CA1DEF,ACC-33F36B64EE,2301.51,ATM,US,0.460306,1,MEDIUM,1,VELOCITY_FRAUD,2026-09-28T14:43:19.681822+00:00
TXN-F7A77D7DB4EC,CUST-EDE7AA4A,ACC-131E244177,582.88,ONLINE,US,0.203521,0,LOW,0,NONE,2026-09-28T14:43:19.725000+00:00
TXN-F7A77D7DB4EC,CUST-EDE7AA4A,ACC-131E244177,582.88,ONLINE,US,0.203521,0,LOW,0,NONE,2026-09-28T14:43:19.736507+00:00
TXN-F7A77D7DB4EC,CUST-EDE7AA4A,ACC-131E244177,582.88,ONLINE,US,0.203521,0,LOW,0,NONE,2026-09-28T14:43:19.736959+00:00
TXN-938E29C581D6,CUST-74C677AE,ACC-2CDB149B0B,2340.46,ONLINE,US,0.162232,0,LOW,0,NONE,2026-09-28T14:43:19.774355+00:00
TXN-938E29C581D6,CUST-74C677AE,ACC-2CDB149B0B,2340.46,ONLINE,US,0.162232,0,LOW,0,NONE,2026-09-28T14:43:19.786647+00:00
TXN-938E29C581D6,CUST-74C677AE,ACC-2CDB149B0B,2340.46,ONLINE,US,0.162232,0,LOW,0,NONE,2026-09-28T14:43:19.786649+00:00
TXN-71741DB9D276,CUST-911F4401,ACC-01CFBFD75C,1593.73,MOBILE,US,0.09934,0,LOW,0,NONE,2026-09-28T14:43:19.825287+00:00
TXN-71741DB9D276,CUST-911F4401,ACC-01CFBFD75C,1593.73,MOBILE,US,0.09934,0,LOW,0,NONE,2026-09-28T14:43:19.825787+00:00
TXN-71741DB9D276,CUST-911F4401,ACC-01CFBFD75C,1593.73,MOBILE,US,0.09934,0,LOW,0,NONE,2026-09-28T14:43:19.825788+00:00
TXN-387460D98A87,CUST-C5D51A4F,ACC-AFF7F2FCC5,656.88,CARD,US,0.11586,0,LOW,0,NONE,2026-09-28T14:43:19.881539+00:00
TXN-387460D98A87,CUST-C5D51A4F,ACC-AFF7F2FCC5,656.88,CARD,US,0.11586,0,LOW,0,NONE,2026-09-28T14:43:19.881539+00:00
TXN-387460D98A87,CUST-C5D51A4F,ACC-AFF7F2FCC5,656.88,CARD,US,0.11586,0,LOW,0,NONE,2026-09-28T14:43:19.882734+00:00
TXN-2B2165625EB6,CUST-9DB58BD9,ACC-A3B66B17AF,307.31,MOBILE,US,0.145312,0,LOW,0,NONE,2026-09-28T14:43:19.934021+00:00
TXN-2B2165625EB6,CUST-9DB58BD9,ACC-A3B66B17AF,307.31,MOBILE,US,0.145312,0,LOW,0,NONE,2026-09-28T14:43:19.934164+00:00
TXN-2B2165625EB6,CUST-9DB58BD9,ACC-A3B66B17AF,307.31,MOBILE,US,0.145312,0,LOW,0,NONE,2026-09-28T14:43:19.946749+00:00
TXN-6E87938097DA,CUST-E3FC58EE,ACC-AD3619475B,276.8,CARD,US,0.122271,0,LOW,0,NONE,2026-09-28T14:43:19.984533+00:00
TXN-6E87938097DA,CUST-E3FC58EE,ACC-AD3619475B,276.8,CARD,US,0.122271,0,LOW,0,NONE,2026-09-28T14:43:19.984594+00:00
TXN-6E87938097DA,CUST-E3FC58EE,ACC-AD3619475B,276.8,CARD,US,0.122271,0,LOW,0,NONE,2026-09-28T14:43:19.996732+00:00
TXN-C6EC32E31CB2,CUST-5C90698D,ACC-533D845850,1674.49,CARD,US,0.137378,0,LOW,0,NONE,2026-09-28T14:43:20.035191+00:00
TXN-C6EC32E31CB2,CUST-5C90698D,ACC-533D845850,1674.49,CARD,US,0.137378,0,LOW,0,NONE,2026-09-28T14:43:20.035652+00:00
TXN-C6EC32E31CB2,CUST-5C90698D,ACC-533D845850,1674.49,CARD,US,0.137378,0,LOW,0,NONE,2026-09-28T14:43:20.046375+00:00
TXN-AB32152905A6,CUST-8B1A8BBF,ACC-DC159FF23D,419.33,ONLINE,US,0.137956,0,LOW,0,NONE,2026-09-28T14:43:20.089826+00:00
TXN-AB32152905A6,CUST-8B1A8BBF,ACC-DC159FF23D,419.33,ONLINE,US,0.137956,0,LOW,0,NONE,2026-09-28T14:43:20.094985+00:00
TXN-AB32152905A6,CUST-8B1A8BBF,ACC-DC159FF23D,419.33,ONLINE,US,0.137956,0,LOW,0,NONE,2026-09-28T14:43:20.103883+00:00
TXN-DFF0284B6207,CUST-BD676F3F,ACC-4ADC4D9445,116.21,ONLINE,US,0.128268,0,LOW,0,NONE,2026-09-28T14:43:20.146525+00:00
TXN-DFF0284B6207,CUST-BD676F3F,ACC-4ADC4D9445,116.21,ONLINE,US,0.128268,0,LOW,0,NONE,2026-09-28T14:43:20.157716+00:00
TXN-DFF0284B6207,CUST-BD676F3F,ACC-4ADC4D9445,116.21,ONLINE,US,0.128268,0,LOW,0,NONE,2026-09-28T14:43:20.161636+00:00
TXN-8528B8DBD53A,CUST-FBCB10F1,ACC-4BDC4FEC1E,57.92,ONLINE,RO,0.99071,1,CRITICAL,1,GEOLOCATION_ANOMALY,2026-09-28T14:43:20.199236+00:00
TXN-8528B8DBD53A,CUST-FBCB10F1,ACC-4BDC4FEC1E,57.92,ONLINE,RO,0.99071,1,CRITICAL,1,GEOLOCATION_ANOMALY,2026-09-28T14:43:20.210085+00:00
TXN-8528B8DBD53A,CUST-FBCB10F1,ACC-4BDC4FEC1E,57.92,ONLINE,RO,0.99071,1,CRITICAL,1,GEOLOCATION_ANOMALY,2026-09-28T14:43:20.211816+00:00
TXN-F93D443C53DD,CUST-05C134B3,ACC-CDA59FAB94,1825.21,MOBILE,US,0.101535,0,LOW,0,NONE,2026-09-28T14:43:20.254898+00:00
TXN-F93D443C53DD,CUST-05C134B3,ACC-CDA59FAB94,1825.21,MOBILE,US,0.101535,0,LOW,0,NONE,2026-09-28T14:43:20.267348+00:00
TXN-F93D443C53DD,CUST-05C134B3,ACC-CDA59FAB94,1825.21,MOBILE,US,0.101535,0,LOW,0,NONE,2026-09-28T14:43:20.267706+00:00
TXN-AD34708D86EE,CUST-F3677C35,ACC-5EFC73DEF8,325.12,CARD,US,0.182311,0,LOW,0,NONE,2026-09-28T14:43:20.308091+00:00
TXN-AD34708D86EE,CUST-F3677C35,ACC-5EFC73DEF8,325.12,CARD,US,0.182311,0,LOW,0,NONE,2026-09-28T14:43:20.308561+00:00
TXN-AD34708D86EE,CUST-F3677C35,ACC-5EFC73DEF8,325.12,CARD,US,0.182311,0,LOW,0,NONE,2026-09-28T14:43:20.309218+00:00
TXN-042BF10D5B0C,CUST-51029931,ACC-FD09618700,2238.94,CARD,US,0.176064,0,LOW,0,NONE,2026-09-28T14:43:20.366143+00:00
TXN-042BF10D5B0C,CUST-51029931,ACC-FD09618700,2238.94,CARD,US,0.176064,0,LOW,0,NONE,2026-09-28T14:43:20.366188+00:00
TXN-042BF10D5B0C,CUST-51029931,ACC-FD09618700,2238.94,CARD,US,0.176064,0,LOW,0,NONE,2026-09-28T14:43:20.366174+00:00
TXN-B12BDC612EF0,CUST-4272B7F9,ACC-7D539EAA83,2424.43,MOBILE,US,0.228697,0,LOW,0,NONE,2026-09-28T14:43:20.421392+00:00
TXN-B12BDC612EF0,CUST-4272B7F9,ACC-7D539EAA83,2424.43,MOBILE,US,0.228697,0,LOW,0,NONE,2026-09-28T14:43:20.421506+00:00
TXN-B12BDC612EF0,CUST-4272B7F9,ACC-7D539EAA83,2424.43,MOBILE,US,0.228697,0,LOW,0,NONE,2026-09-28T14:43:20.432833+00:00
TXN-8CA0D0718A82,CUST-835C2A19,ACC-B3012BD0B8,1359.45,MOBILE,US,0.117978,0,LOW,0,NONE,2026-09-28T14:43:20.471131+00:00
TXN-8CA0D0718A82,CUST-835C2A19,ACC-B3012BD0B8,1359.45,MOBILE,US,0.117978,0,LOW,0,NONE,2026-09-28T14:43:20.472539+00:00
TXN-8CA0D0718A82,CUST-835C2A19,ACC-B3012BD0B8,1359.45,MOBILE,US,0.117978,0,LOW,0,NONE,2026-09-28T14:43:20.472720+00:00
TXN-A039B16F6D94,CUST-E6AED8E7,ACC-22F41D7DFC,179.55,ATM,US,0.119204,0,LOW,0,NONE,2026-09-28T14:43:20.542791+00:00
TXN-A039B16F6D94,CUST-E6AED8E7,ACC-22F41D7DFC,179.55,ATM,US,0.119204,0,LOW,0,NONE,2026-09-28T14:43:20.542905+00:00
TXN-A039B16F6D94,CUST-E6AED8E7,ACC-22F41D7DFC,179.55,ATM,US,0.119204,0,LOW,0,NONE,2026-09-28T14:43:20.543048+00:00
TXN-65C13501215E,CUST-1082BEBE,ACC-1DB4C3D4EE,2266.87,ATM,US,0.162099,0,LOW,0,NONE,2026-09-28T14:43:20.581134+00:00
TXN-65C13501215E,CUST-1082BEBE,ACC-1DB4C3D4EE,2266.87,ATM,US,0.162099,0,LOW,0,NONE,2026-09-28T14:43:20.583111+00:00
TXN-65C13501215E,CUST-1082BEBE,ACC-1DB4C3D4EE,2266.87,ATM,US,0.162099,0,LOW,0,NONE,2026-09-28T14:43:20.583139+00:00
TXN-4FE138E4D8DB,CUST-18DED113,ACC-41A2B724E3,2066.72,ONLINE,US,0.08925,0,LOW,0,NONE,2026-09-28T14:43:20.637699+00:00
TXN-4FE138E4D8DB,CUST-18DED113,ACC-41A2B724E3,2066.72,ONLINE,US,0.08925,0,LOW,0,NONE,2026-09-28T14:43:20.637821+00:00
TXN-4FE138E4D8DB,CUST-18DED113,ACC-41A2B724E3,2066.72,ONLINE,US,0.08925,0,LOW,0,NONE,2026-09-28T14:43:20.640390+00:00
TXN-D1700D8D506D,CUST-F4BEC821,ACC-9615055F38,393.58,ONLINE,US,0.13911,0,LOW,0,NONE,2026-09-28T14:43:20.692037+00:00
TXN-D1700D8D506D,CUST-F4BEC821,ACC-9615055F38,393.58,ONLINE,US,0.13911,0,LOW,0,NONE,2026-09-28T14:43:20.692107+00:00
TXN-D1700D8D506D,CUST-F4BEC821,ACC-9615055F38,393.58,ONLINE,US,0.13911,0,LOW,0,NONE,2026-09-28T14:43:20.692820+00:00
TXN-641C5B03E5F5,CUST-60F8EB9C,ACC-95CAD37A71,1310.0,ATM,US,0.127324,0,LOW,0,NONE,2026-09-28T14:43:20.749327+00:00
TXN-641C5B03E5F5,CUST-60F8EB9C,ACC-95CAD37A71,1310.0,ATM,US,0.127324,0,LOW,0,NONE,2026-09-28T14:43:20.749885+00:00
TXN-641C5B03E5F5,CUST-60F8EB9C,ACC-95CAD37A71,1310.0,ATM,US,0.127324,0,LOW,0,NONE,2026-09-28T14:43:20.750275+00:00
TXN-9764BACFBE6D,CUST-F98A8AD4,ACC-FDCB5683B1,1907.47,ATM,US,0.119618,0,LOW,0,NONE,2026-09-28T14:43:20.819689+00:00
TXN-9764BACFBE6D,CUST-F98A8AD4,ACC-FDCB5683B1,1907.47,ATM,US,0.119618,0,LOW,0,NONE,2026-09-28T14:43:20.819759+00:00
TXN-9764BACFBE6D,CUST-F98A8AD4,ACC-FDCB5683B1,1907.47,ATM,US,0.119618,0,LOW,0,NONE,2026-09-28T14:43:20.826955+00:00
TXN-CBFBE5F5177D,CUST-3179A0E8,ACC-D59D1F1EB8,12095.99,MOBILE,US,1.0,1,CRITICAL,1,HIGH_VALUE_FRAUD,2026-09-28T14:43:20.857199+00:00
TXN-CBFBE5F5177D,CUST-3179A0E8,ACC-D59D1F1EB8,12095.99,MOBILE,US,1.0,1,CRITICAL,1,HIGH_VALUE_FRAUD,2026-09-28T14:43:20.857463+00:00
TXN-CBFBE5F5177D,CUST-3179A0E8,ACC-D59D1F1EB8,12095.99,MOBILE,US,1.0,1,CRITICAL,1,HIGH_VALUE_FRAUD,2026-09-28T14:43:20.877898+00:00
TXN-14593EF7BE8A,CUST-F1A2F478,ACC-AC7961A365,185.97,CARD,US,0.120855,0,LOW,0,NONE,2026-09-28T14:43:20.911012+00:00
TXN-14593EF7BE8A,CUST-F1A2F478,ACC-AC7961A365,185.97,CARD,US,0.120855,0,LOW,0,NONE,2026-09-28T14:43:20.910977+00:00
TXN-14593EF7BE8A,CUST-F1A2F478,ACC-AC7961A365,185.97,CARD,US,0.120855,0,LOW,0,NONE,2026-09-28T14:43:20.911108+00:00
TXN-8C0AE1157CFC,CUST-FE7CF40C,ACC-FE504EC8D5,1513.79,MOBILE,US,0.12966,0,LOW,0,NONE,2026-09-28T14:43:20.964868+00:00
TXN-8C0AE1157CFC,CUST-FE7CF40C,ACC-FE504EC8D5,1513.79,MOBILE,US,0.12966,0,LOW,0,NONE,2026-09-28T14:43:20.967144+00:00
TXN-8C0AE1157CFC,CUST-FE7CF40C,ACC-FE504EC8D5,1513.79,MOBILE,US,0.12966,0,LOW,0,NONE,2026-09-28T14:43:20.967203+00:00
TXN-6A35B8B25304,CUST-45BB39B7,ACC-A8F8B235B5,693.99,ATM,US,0.114342,0,LOW,0,NONE,2026-09-28T14:43:21.021214+00:00
TXN-6A35B8B25304,CUST-45BB39B7,ACC-A8F8B235B5,693.99,ATM,US,0.114342,0,LOW,0,NONE,2026-09-28T14:43:21.022200+00:00
TXN-6A35B8B25304,CUST-45BB39B7,ACC-A8F8B235B5,693.99,ATM,US,0.114342,0,LOW,0,NONE,2026-09-28T14:43:21.023014+00:00
TXN-1F71C34AC8E7,CUST-C2590469,ACC-1AC56FD1AA,2286.1,CARD,US,0.234995,0,LOW,0,NONE,2026-09-28T14:43:21.076902+00:00
TXN-1F71C34AC8E7,CUST-C2590469,ACC-1AC56FD1AA,2286.1,CARD,US,0.234995,0,LOW,0,NONE,2026-09-28T14:43:21.077792+00:00
TXN-1F71C34AC8E7,CUST-C2590469,ACC-1AC56FD1AA,2286.1,CARD,US,0.234995,0,LOW,0,NONE,2026-09-28T14:43:21.077795+00:00
TXN-55E3F40A8269,CUST-1E5AE413,ACC-D5C19F2D5F,2376.38,MOBILE,US,0.171195,0,LOW,0,NONE,2026-09-28T14:43:21.131931+00:00
TXN-55E3F40A8269,CUST-1E5AE413,ACC-D5C19F2D5F,2376.38,MOBILE,US,0.171195,0,LOW,0,NONE,2026-09-28T14:43:21.132242+00:00
TXN-55E3F40A8269,CUST-1E5AE413,ACC-D5C19F2D5F,2376.38,MOBILE,US,0.171195,0,LOW,0,NONE,2026-09-28T14:43:21.134568+00:00
TXN-2E244C8F476F,CUST-204B30BD,ACC-0011E219C4,2334.2,ATM,US,0.18271,0,LOW,0,NONE,2026-09-28T14:43:21.189050+00:00
TXN-2E244C8F476F,CUST-204B30BD,ACC-0011E219C4,2334.2,ATM,US,0.18271,0,LOW,0,NONE,2026-09-28T14:43:21.189188+00:00
TXN-2E244C8F476F,CUST-204B30BD,ACC-0011E219C4,2334.2,ATM,US,0.18271,0,LOW,0,NONE,2026-09-28T14:43:21.200782+00:00
TXN-727DC0387403,CUST-23D705E4,ACC-EC5121D788,2099.37,MOBILE,US,0.136715,0,LOW,0,NONE,2026-09-28T14:43:21.242573+00:00
TXN-727DC0387403,CUST-23D705E4,ACC-EC5121D788,2099.37,MOBILE,US,0.136715,0,LOW,0,NONE,2026-09-28T14:43:21.242948+00:00
TXN-727DC0387403,CUST-23D705E4,ACC-EC5121D788,2099.37,MOBILE,US,0.136715,0,LOW,0,NONE,2026-09-28T14:43:21.255138+00:00
TXN-761721534D71,CUST-32D705D5,ACC-AAB0C76043,1561.22,ONLINE,US,0.120953,0,LOW,0,NONE,2026-09-28T14:43:21.293550+00:00
TXN-761721534D71,CUST-32D705D5,ACC-AAB0C76043,1561.22,ONLINE,US,0.120953,0,LOW,0,NONE,2026-09-28T14:43:21.294089+00:00
TXN-761721534D71,CUST-32D705D5,ACC-AAB0C76043,1561.22,ONLINE,US,0.120953,0,LOW,0,NONE,2026-09-28T14:43:21.304662+00:00
TXN-E5A19B3E9B41,CUST-E2B57ECD,ACC-565AEEA567,1982.62,MOBILE,US,0.088367,0,LOW,0,NONE,2026-09-28T14:43:21.346780+00:00
TXN-E5A19B3E9B41,CUST-E2B57ECD,ACC-565AEEA567,1982.62,MOBILE,US,0.088367,0,LOW,0,NONE,2026-09-28T14:43:21.346770+00:00
TXN-E5A19B3E9B41,CUST-E2B57ECD,ACC-565AEEA567,1982.62,MOBILE,US,0.088367,0,LOW,0,NONE,2026-09-28T14:43:21.358648+00:00
TXN-5E9679F4FBF7,CUST-263D656C,ACC-939378DB9E,563.18,CARD,US,0.110234,0,LOW,0,NONE,2026-09-28T14:43:21.398090+00:00
TXN-5E9679F4FBF7,CUST-263D656C,ACC-939378DB9E,563.18,CARD,US,0.110234,0,LOW,0,NONE,2026-09-28T14:43:21.398239+00:00
TXN-5E9679F4FBF7,CUST-263D656C,ACC-939378DB9E,563.18,CARD,US,0.110234,0,LOW,0,NONE,2026-09-28T14:43:21.398562+00:00
TXN-1DF0F5749D0D,CUST-FCBFC9B4,ACC-FC8B20FDC1,1828.97,MOBILE,US,0.091088,0,LOW,0,NONE,2026-09-28T14:43:21.452062+00:00
TXN-1DF0F5749D0D,CUST-FCBFC9B4,ACC-FC8B20FDC1,1828.97,MOBILE,US,0.091088,0,LOW,0,NONE,2026-09-28T14:43:21.453677+00:00
TXN-1DF0F5749D0D,CUST-FCBFC9B4,ACC-FC8B20FDC1,1828.97,MOBILE,US,0.091088,0,LOW,0,NONE,2026-09-28T14:43:21.463678+00:00
TXN-D2302571E442,CUST-E5A753B5,ACC-86E7CE94B0,1220.47,CARD,US,0.092193,0,LOW,0,NONE,2026-09-28T14:43:21.502827+00:00
TXN-D2302571E442,CUST-E5A753B5,ACC-86E7CE94B0,1220.47,CARD,US,0.092193,0,LOW,0,NONE,2026-09-28T14:43:21.514979+00:00
TXN-D2302571E442,CUST-E5A753B5,ACC-86E7CE94B0,1220.47,CARD,US,0.092193,0,LOW,0,NONE,2026-09-28T14:43:21.515569+00:00
TXN-4C6A974DC434,CUST-CF4B085B,ACC-1B0E0A3E94,2161.09,CARD,US,0.144033,0,LOW,0,NONE,2026-09-28T14:43:21.559055+00:00
TXN-4C6A974DC434,CUST-CF4B085B,ACC-1B0E0A3E94,2161.09,CARD,US,0.144033,0,LOW,0,NONE,2026-09-28T14:43:21.570137+00:00
TXN-4C6A974DC434,CUST-CF4B085B,ACC-1B0E0A3E94,2161.09,CARD,US,0.144033,0,LOW,0,NONE,2026-09-28T14:43:21.570653+00:00
TXN-9DBA05B0FDBC,CUST-516D2DDD,ACC-A90B2547DF,1328.16,MOBILE,US,0.102084,0,LOW,0,NONE,2026-09-28T14:43:21.613888+00:00
TXN-9DBA05B0FDBC,CUST-516D2DDD,ACC-A90B2547DF,1328.16,MOBILE,US,0.102084,0,LOW,0,NONE,2026-09-28T14:43:21.613902+00:00
TXN-9DBA05B0FDBC,CUST-516D2DDD,ACC-A90B2547DF,1328.16,MOBILE,US,0.102084,0,LOW,0,NONE,2026-09-28T14:43:21.627055+00:00
TXN-5EC9560E8D1D,CUST-4F3FDB09,ACC-A9ADD56248,186.14,MOBILE,US,0.103167,0,LOW,0,NONE,2026-09-28T14:43:21.669032+00:00
TXN-5EC9560E8D1D,CUST-4F3FDB09,ACC-A9ADD56248,186.14,MOBILE,US,0.103167,0,LOW,0,NONE,2026-09-28T14:43:21.670022+00:00
TXN-5EC9560E8D1D,CUST-4F3FDB09,ACC-A9ADD56248,186.14,MOBILE,US,0.103167,0,LOW,0,NONE,2026-09-28T14:43:21.670940+00:00
TXN-01D9FA222F9A,CUST-45BD0333,ACC-78DB803FC5,1182.15,MOBILE,US,0.134913,0,LOW,0,NONE,2026-09-28T14:43:21.720885+00:00
TXN-01D9FA222F9A,CUST-45BD0333,ACC-78DB803FC5,1182.15,MOBILE,US,0.134913,0,LOW,0,NONE,2026-09-28T14:43:21.721560+00:00
TXN-01D9FA222F9A,CUST-45BD0333,ACC-78DB803FC5,1182.15,MOBILE,US,0.134913,0,LOW,0,NONE,2026-09-28T14:43:21.732609+00:00
TXN-C364AC7CAF34,CUST-A7BBA380,ACC-5FF102FA7F,1579.23,ONLINE,US,0.140695,0,LOW,0,NONE,2026-09-28T14:43:21.771484+00:00
TXN-C364AC7CAF34,CUST-A7BBA380,ACC-5FF102FA7F,1579.23,ONLINE,US,0.140695,0,LOW,0,NONE,2026-09-28T14:43:21.771621+00:00
TXN-C364AC7CAF34,CUST-A7BBA380,ACC-5FF102FA7F,1579.23,ONLINE,US,0.140695,0,LOW,0,NONE,2026-09-28T14:43:21.782515+00:00
TXN-59E05C275DAA,CUST-6F54AE66,ACC-9E81E14B4C,910.13,CARD,US,0.167953,0,LOW,0,NONE,2026-09-28T14:43:21.826405+00:00
TXN-59E05C275DAA,CUST-6F54AE66,ACC-9E81E14B4C,910.13,CARD,US,0.167953,0,LOW,0,NONE,2026-09-28T14:43:21.826523+00:00
TXN-59E05C275DAA,CUST-6F54AE66,ACC-9E81E14B4C,910.13,CARD,US,0.167953,0,LOW,0,NONE,2026-09-28T14:43:21.828955+00:00
TXN-A8EEC579BEDB,CUST-DBF132C6,ACC-2B0C34272C,1751.97,MOBILE,US,0.100072,0,LOW,0,NONE,2026-09-28T14:43:21.882766+00:00
TXN-A8EEC579BEDB,CUST-DBF132C6,ACC-2B0C34272C,1751.97,MOBILE,US,0.100072,0,LOW,0,NONE,2026-09-28T14:43:21.895292+00:00
TXN-A8EEC579BEDB,CUST-DBF132C6,ACC-2B0C34272C,1751.97,MOBILE,US,0.100072,0,LOW,0,NONE,2026-09-28T14:43:21.895450+00:00
TXN-B877DA13ECDC,CUST-02BD1971,ACC-E230F2B2D1,993.03,MOBILE,US,0.124117,0,LOW,0,NONE,2026-09-28T14:43:21.932986+00:00
TXN-B877DA13ECDC,CUST-02BD1971,ACC-E230F2B2D1,993.03,MOBILE,US,0.124117,0,LOW,0,NONE,2026-09-28T14:43:21.933191+00:00
TXN-B877DA13ECDC,CUST-02BD1971,ACC-E230F2B2D1,993.03,MOBILE,US,0.124117,0,LOW,0,NONE,2026-09-28T14:43:21.933139+00:00
TXN-987E329B35F5,CUST-ECE22CF8,ACC-33C6E98A1E,491.64,ATM,US,0.141848,0,LOW,0,NONE,2026-09-28T14:43:21.986853+00:00
TXN-987E329B35F5,CUST-ECE22CF8,ACC-33C6E98A1E,491.64,ATM,US,0.141848,0,LOW,0,NONE,2026-09-28T14:43:21.987335+00:00
TXN-987E329B35F5,CUST-ECE22CF8,ACC-33C6E98A1E,491.64,ATM,US,0.141848,0,LOW,0,NONE,2026-09-28T14:43:21.999930+00:00
TXN-6DCCDAF459D0,CUST-DB6E8F93,ACC-132F91E549,2205.1,ONLINE,US,0.135462,0,LOW,0,NONE,2026-09-28T14:43:22.039258+00:00
TXN-6DCCDAF459D0,CUST-DB6E8F93,ACC-132F91E549,2205.1,ONLINE,US,0.135462,0,LOW,0,NONE,2026-09-28T14:43:22.039994+00:00
TXN-6DCCDAF459D0,CUST-DB6E8F93,ACC-132F91E549,2205.1,ONLINE,US,0.135462,0,LOW,0,NONE,2026-09-28T14:43:22.040042+00:00
TXN-9096C1B63010,CUST-DCB6C5A4,ACC-DB775910FD,1375.91,ATM,US,0.133773,0,LOW,0,NONE,2026-09-28T14:43:22.092591+00:00
TXN-9096C1B63010,CUST-DCB6C5A4,ACC-DB775910FD,1375.91,ATM,US,0.133773,0,LOW,0,NONE,2026-09-28T14:43:22.094120+00:00
TXN-9096C1B63010,CUST-DCB6C5A4,ACC-DB775910FD,1375.91,ATM,US,0.133773,0,LOW,0,NONE,2026-09-28T14:43:22.104026+00:00
TXN-A76A0A80D26F,CUST-589A2A78,ACC-B3F45D79AD,1805.45,MOBILE,US,0.125377,0,LOW,0,NONE,2026-09-28T14:43:22.146112+00:00
TXN-A76A0A80D26F,CUST-589A2A78,ACC-B3F45D79AD,1805.45,MOBILE,US,0.125377,0,LOW,0,NONE,2026-09-28T14:43:22.157030+00:00
TXN-A76A0A80D26F,CUST-589A2A78,ACC-B3F45D79AD,1805.45,MOBILE,US,0.125377,0,LOW,0,NONE,2026-09-28T14:43:22.157661+00:00
TXN-9FCEEA6385FB,CUST-A2A995FD,ACC-D6E1014370,1311.86,CARD,US,0.125853,0,LOW,0,NONE,2026-09-28T14:43:22.198434+00:00
TXN-9FCEEA6385FB,CUST-A2A995FD,ACC-D6E1014370,1311.86,CARD,US,0.125853,0,LOW,0,NONE,2026-09-28T14:43:22.198512+00:00
TXN-9FCEEA6385FB,CUST-A2A995FD,ACC-D6E1014370,1311.86,CARD,US,0.125853,0,LOW,0,NONE,2026-09-28T14:43:22.210131+00:00
TXN-A72FF80F31CA,CUST-49D196D6,ACC-56B636CADF,2059.51,ATM,US,0.140464,0,LOW,0,NONE,2026-09-28T14:43:22.250670+00:00
TXN-A72FF80F31CA,CUST-49D196D6,ACC-56B636CADF,2059.51,ATM,US,0.140464,0,LOW,0,NONE,2026-09-28T14:43:22.262950+00:00
TXN-A72FF80F31CA,CUST-49D196D6,ACC-56B636CADF,2059.51,ATM,US,0.140464,0,LOW,0,NONE,2026-09-28T14:43:22.263945+00:00
TXN-25BE129492E4,CUST-30ED4DF9,ACC-4F4D43B5C4,726.0,CARD,US,0.123329,0,LOW,0,NONE,2026-09-28T14:43:22.301701+00:00
TXN-25BE129492E4,CUST-30ED4DF9,ACC-4F4D43B5C4,726.0,CARD,US,0.123329,0,LOW,0,NONE,2026-09-28T14:43:22.303109+00:00
TXN-25BE129492E4,CUST-30ED4DF9,ACC-4F4D43B5C4,726.0,CARD,US,0.123329,0,LOW,0,NONE,2026-09-28T14:43:22.314201+00:00
TXN-E8038BE1CAE5,CUST-23BC0459,ACC-1BDD381D38,2121.75,MOBILE,US,0.154457,0,LOW,0,NONE,2026-09-28T14:43:22.356191+00:00
TXN-E8038BE1CAE5,CUST-23BC0459,ACC-1BDD381D38,2121.75,MOBILE,US,0.154457,0,LOW,0,NONE,2026-09-28T14:43:22.356702+00:00
TXN-E8038BE1CAE5,CUST-23BC0459,ACC-1BDD381D38,2121.75,MOBILE,US,0.154457,0,LOW,0,NONE,2026-09-28T14:43:22.367553+00:00
TXN-EC7AE6CC4C39,CUST-D1CE00B3,ACC-FBC6BE9058,748.75,ONLINE,US,0.181543,0,LOW,0,NONE,2026-09-28T14:43:22.412182+00:00
TXN-EC7AE6CC4C39,CUST-D1CE00B3,ACC-FBC6BE9058,748.75,ONLINE,US,0.181543,0,LOW,0,NONE,2026-09-28T14:43:22.413549+00:00
TXN-EC7AE6CC4C39,CUST-D1CE00B3,ACC-FBC6BE9058,748.75,ONLINE,US,0.181543,0,LOW,0,NONE,2026-09-28T14:43:22.423482+00:00
TXN-BDC7EEB0411E,CUST-8D460C5D,ACC-D711B11B06,1271.89,CARD,US,0.173398,0,LOW,0,NONE,2026-09-28T14:43:22.464313+00:00
TXN-BDC7EEB0411E,CUST-8D460C5D,ACC-D711B11B06,1271.89,CARD,US,0.173398,0,LOW,0,NONE,2026-09-28T14:43:22.464733+00:00
TXN-BDC7EEB0411E,CUST-8D460C5D,ACC-D711B11B06,1271.89,CARD,US,0.173398,0,LOW,0,NONE,2026-09-28T14:43:22.466633+00:00
TXN-AF9C8188B186,CUST-88410A30,ACC-444A7187FC,395.68,CARD,US,0.11332,0,LOW,0,NONE,2026-09-28T14:43:22.519704+00:00
TXN-AF9C8188B186,CUST-88410A30,ACC-444A7187FC,395.68,CARD,US,0.11332,0,LOW,0,NONE,2026-09-28T14:43:22.520126+00:00
TXN-AF9C8188B186,CUST-88410A30,ACC-444A7187FC,395.68,CARD,US,0.11332,0,LOW,0,NONE,2026-09-28T14:43:22.520176+00:00
TXN-F3B04C0D361F,CUST-8CF80A0C,ACC-DB4717F1AF,905.54,ONLINE,US,0.14294,0,LOW,0,NONE,2026-09-28T14:43:22.573318+00:00
TXN-F3B04C0D361F,CUST-8CF80A0C,ACC-DB4717F1AF,905.54,ONLINE,US,0.14294,0,LOW,0,NONE,2026-09-28T14:43:22.573879+00:00
TXN-F3B04C0D361F,CUST-8CF80A0C,ACC-DB4717F1AF,905.54,ONLINE,US,0.14294,0,LOW,0,NONE,2026-09-28T14:43:22.574674+00:00
TXN-4DDC67BE0861,CUST-F92C4CAA,ACC-FA7CBF3DA3,611.5,ONLINE,US,0.121714,0,LOW,0,NONE,2026-09-28T14:43:22.630383+00:00
TXN-4DDC67BE0861,CUST-F92C4CAA,ACC-FA7CBF3DA3,611.5,ONLINE,US,0.121714,0,LOW,0,NONE,2026-09-28T14:43:22.641222+00:00
TXN-4DDC67BE0861,CUST-F92C4CAA,ACC-FA7CBF3DA3,611.5,ONLINE,US,0.121714,0,LOW,0,NONE,2026-09-28T14:43:22.642439+00:00
TXN-8B80607C329F,CUST-18DED113,ACC-41A2B724E3,2339.77,MOBILE,US,0.184177,0,LOW,0,NONE,2026-09-28T14:43:22.680228+00:00
TXN-8B80607C329F,CUST-18DED113,ACC-41A2B724E3,2339.77,MOBILE,US,0.184177,0,LOW,0,NONE,2026-09-28T14:43:22.681923+00:00
TXN-8B80607C329F,CUST-18DED113,ACC-41A2B724E3,2339.77,MOBILE,US,0.184177,0,LOW,0,NONE,2026-09-28T14:43:22.681966+00:00
TXN-30BCB918EF81,CUST-E5DC66DE,ACC-DD94B44145,299.98,ATM,US,0.120343,0,LOW,0,NONE,2026-09-28T14:43:22.736318+00:00
TXN-30BCB918EF81,CUST-E5DC66DE,ACC-DD94B44145,299.98,ATM,US,0.120343,0,LOW,0,NONE,2026-09-28T14:43:22.736812+00:00
TXN-30BCB918EF81,CUST-E5DC66DE,ACC-DD94B44145,299.98,ATM,US,0.120343,0,LOW,0,NONE,2026-09-28T14:43:22.747840+00:00
TXN-AAC950CF59C5,CUST-57EE0CB3,ACC-233E8C0E66,2498.89,MOBILE,US,0.193945,0,LOW,0,NONE,2026-09-28T14:43:22.792059+00:00
TXN-AAC950CF59C5,CUST-57EE0CB3,ACC-233E8C0E66,2498.89,MOBILE,US,0.193945,0,LOW,0,NONE,2026-09-28T14:43:22.792475+00:00
TXN-AAC950CF59C5,CUST-57EE0CB3,ACC-233E8C0E66,2498.89,MOBILE,US,0.193945,0,LOW,0,NONE,2026-09-28T14:43:22.804171+00:00
TXN-189FD6164891,CUST-B098667D,ACC-320130992F,2106.49,ATM,US,0.14343,0,LOW,0,NONE,2026-09-28T14:43:22.847989+00:00
TXN-189FD6164891,CUST-B098667D,ACC-320130992F,2106.49,ATM,US,0.14343,0,LOW,0,NONE,2026-09-28T14:43:22.848000+00:00
TXN-189FD6164891,CUST-B098667D,ACC-320130992F,2106.49,ATM,US,0.14343,0,LOW,0,NONE,2026-09-28T14:43:22.848205+00:00
TXN-4161CBDA2B40,CUST-1340B25A,ACC-F0BC04EABE,691.31,CARD,US,0.102392,0,LOW,0,NONE,2026-09-28T14:43:22.898178+00:00
TXN-4161CBDA2B40,CUST-1340B25A,ACC-F0BC04EABE,691.31,CARD,US,0.102392,0,LOW,0,NONE,2026-09-28T14:43:22.898501+00:00
TXN-4161CBDA2B40,CUST-1340B25A,ACC-F0BC04EABE,691.31,CARD,US,0.102392,0,LOW,0,NONE,2026-09-28T14:43:22.911213+00:00
TXN-6DE5D7F8DFD5,CUST-0F2AE798,ACC-E4A0F3DABB,2468.48,CARD,US,0.173517,0,LOW,0,NONE,2026-09-28T14:43:22.951373+00:00
TXN-6DE5D7F8DFD5,CUST-0F2AE798,ACC-E4A0F3DABB,2468.48,CARD,US,0.173517,0,LOW,0,NONE,2026-09-28T14:43:22.963762+00:00
TXN-6DE5D7F8DFD5,CUST-0F2AE798,ACC-E4A0F3DABB,2468.48,CARD,US,0.173517,0,LOW,0,NONE,2026-09-28T14:43:22.964063+00:00
TXN-18490C0B7838,CUST-F4BEC821,ACC-9615055F38,1085.04,ONLINE,US,0.128217,0,LOW,0,NONE,2026-09-28T14:43:23.004877+00:00
TXN-18490C0B7838,CUST-F4BEC821,ACC-9615055F38,1085.04,ONLINE,US,0.128217,0,LOW,0,NONE,2026-09-28T14:43:23.005871+00:00
TXN-18490C0B7838,CUST-F4BEC821,ACC-9615055F38,1085.04,ONLINE,US,0.128217,0,LOW,0,NONE,2026-09-28T14:43:23.017145+00:00
TXN-A95EF250B91F,CUST-911F4401,ACC-8DFEE4E4EA,1346.87,ONLINE,US,0.141989,0,LOW,0,NONE,2026-09-28T14:43:23.057426+00:00
TXN-A95EF250B91F,CUST-911F4401,ACC-8DFEE4E4EA,1346.87,ONLINE,US,0.141989,0,LOW,0,NONE,2026-09-28T14:43:23.057780+00:00
TXN-A95EF250B91F,CUST-911F4401,ACC-8DFEE4E4EA,1346.87,ONLINE,US,0.141989,0,LOW,0,NONE,2026-09-28T14:43:23.068705+00:00
TXN-A45059E46B77,CUST-F926DC90,ACC-5ABE96139F,83.16,ONLINE,US,0.147584,0,LOW,0,NONE,2026-09-28T14:43:23.109800+00:00
TXN-A45059E46B77,CUST-F926DC90,ACC-5ABE96139F,83.16,ONLINE,US,0.147584,0,LOW,0,NONE,2026-09-28T14:43:23.110130+00:00
TXN-A45059E46B77,CUST-F926DC90,ACC-5ABE96139F,83.16,ONLINE,US,0.147584,0,LOW,0,NONE,2026-09-28T14:43:23.121889+00:00
TXN-652EAADC24FD,CUST-BE3C8681,ACC-C5AEFFC668,1095.27,ONLINE,US,0.153603,0,LOW,0,NONE,2026-09-28T14:43:23.167105+00:00
TXN-652EAADC24FD,CUST-BE3C8681,ACC-C5AEFFC668,1095.27,ONLINE,US,0.153603,0,LOW,0,NONE,2026-09-28T14:43:23.178158+00:00
TXN-652EAADC24FD,CUST-BE3C8681,ACC-C5AEFFC668,1095.27,ONLINE,US,0.153603,0,LOW,0,NONE,2026-09-28T14:43:23.178186+00:00
TXN-30A61AE152E9,CUST-FEE40DDC,ACC-DCF518CCD0,2267.27,CARD,US,0.410617,0,MEDIUM,1,VELOCITY_FRAUD,2026-09-28T14:43:23.218757+00:00
TXN-30A61AE152E9,CUST-FEE40DDC,ACC-DCF518CCD0,2267.27,CARD,US,0.410617,0,MEDIUM,1,VELOCITY_FRAUD,2026-09-28T14:43:23.218859+00:00
TXN-30A61AE152E9,CUST-FEE40DDC,ACC-DCF518CCD0,2267.27,CARD,US,0.410617,1,MEDIUM,1,VELOCITY_FRAUD,2026-09-28T14:43:23.231189+00:00
TXN-3F634B0A75DB,CUST-B43F8E46,ACC-6749A89E5F,1788.52,CARD,US,0.087807,0,LOW,0,NONE,2026-09-28T14:43:23.273897+00:00
TXN-3F634B0A75DB,CUST-B43F8E46,ACC-6749A89E5F,1788.52,CARD,US,0.087807,0,LOW,0,NONE,2026-09-28T14:43:23.285224+00:00
TXN-3F634B0A75DB,CUST-B43F8E46,ACC-6749A89E5F,1788.52,CARD,US,0.087807,0,LOW,0,NONE,2026-09-28T14:43:23.285505+00:00
TXN-33D1A63108E9,CUST-CAC4DDD1,ACC-23F0227521,1684.39,CARD,US,0.105265,0,LOW,0,NONE,2026-09-28T14:43:23.323098+00:00
TXN-33D1A63108E9,CUST-CAC4DDD1,ACC-23F0227521,1684.39,CARD,US,0.105265,0,LOW,0,NONE,2026-09-28T14:43:23.323219+00:00
TXN-33D1A63108E9,CUST-CAC4DDD1,ACC-23F0227521,1684.39,CARD,US,0.105265,0,LOW,0,NONE,2026-09-28T14:43:23.335332+00:00
TXN-CEEC9395E302,CUST-9BB22FC4,ACC-5FF13A806A,2455.76,MOBILE,US,0.192611,0,LOW,0,NONE,2026-09-28T14:43:23.373694+00:00
TXN-CEEC9395E302,CUST-9BB22FC4,ACC-5FF13A806A,2455.76,MOBILE,US,0.192611,0,LOW,0,NONE,2026-09-28T14:43:23.373793+00:00
TXN-CEEC9395E302,CUST-9BB22FC4,ACC-5FF13A806A,2455.76,MOBILE,US,0.192611,0,LOW,0,NONE,2026-09-28T14:43:23.375412+00:00
TXN-93432F39D11F,CUST-DCAE751A,ACC-4BB1AAC7A6,1221.05,CARD,US,0.103418,0,LOW,0,NONE,2026-09-28T14:43:23.429340+00:00
TXN-93432F39D11F,CUST-DCAE751A,ACC-4BB1AAC7A6,1221.05,CARD,US,0.103418,0,LOW,0,NONE,2026-09-28T14:43:23.429391+00:00
TXN-93432F39D11F,CUST-DCAE751A,ACC-4BB1AAC7A6,1221.05,CARD,US,0.103418,0,LOW,0,NONE,2026-09-28T14:43:23.429388+00:00
TXN-756CA85D6269,CUST-04F285A0,ACC-1F93093AAD,1291.44,CARD,US,0.116298,0,LOW,0,NONE,2026-09-28T14:43:23.485445+00:00
TXN-756CA85D6269,CUST-04F285A0,ACC-1F93093AAD,1291.44,CARD,US,0.116298,0,LOW,0,NONE,2026-09-28T14:43:23.495362+00:00
TXN-756CA85D6269,CUST-04F285A0,ACC-1F93093AAD,1291.44,CARD,US,0.116298,0,LOW,0,NONE,2026-09-28T14:43:23.495507+00:00
TXN-7A9D61BDB3F8,CUST-EED46B33,ACC-0E7B5145F5,1090.76,CARD,US,0.132168,0,LOW,0,NONE,2026-09-28T14:51:22.390221+00:00
TXN-6607CF8A84E4,CUST-8D1B556F,ACC-6BB6F6B8D8,1747.61,CARD,US,0.114803,0,LOW,0,NONE,2026-09-28T14:51:22.423870+00:00
TXN-2010FE4C80A6,CUST-7A7C9120,ACC-FBE9096A34,1671.54,CARD,US,0.152053,0,LOW,0,NONE,2026-09-28T14:51:22.462868+00:00
TXN-E8D0BB4B5FB1,CUST-4468CB9A,ACC-E43BA3BB62,1396.42,ONLINE,US,0.123877,0,LOW,0,NONE,2026-09-28T14:51:22.503956+00:00
TXN-4ECED8EB0DFC,CUST-3C516463,ACC-1706E093A1,1797.26,ATM,US,0.130921,0,LOW,0,NONE,2026-09-28T14:51:22.529395+00:00
TXN-1F226432B75F,CUST-74C677AE,ACC-2CDB149B0B,347.51,ATM,US,0.121558,0,LOW,0,NONE,2026-09-28T14:51:22.556675+00:00
TXN-EAC83D07F2AE,CUST-994A6AD7,ACC-84453B46E3,2035.15,CARD,US,0.143649,0,LOW,0,NONE,2026-09-28T14:51:22.584856+00:00
TXN-3270B2CCD100,CUST-32CCB661,ACC-2535DC0CE0,1412.99,MOBILE,US,0.141818,0,LOW,0,NONE,2026-09-28T14:51:22.608827+00:00
TXN-306CE1D15CF4,CUST-314A95E6,ACC-162288A69D,1748.59,ONLINE,US,0.080316,0,LOW,0,NONE,2026-09-28T14:51:22.635465+00:00
TXN-51B61965153D,CUST-07CA1DEF,ACC-33F36B64EE,2301.51,ATM,US,0.460306,0,MEDIUM,1,VELOCITY_FRAUD,2026-09-28T14:51:22.663062+00:00
TXN-938E29C581D6,CUST-74C677AE,ACC-2CDB149B0B,2340.46,ONLINE,US,0.162232,0,LOW,0,NONE,2026-09-28T14:51:22.692531+00:00
TXN-C6EC32E31CB2,CUST-5C90698D,ACC-533D845850,1674.49,CARD,US,0.137378,0,LOW,0,NONE,2026-09-28T14:51:22.717521+00:00
TXN-8528B8DBD53A,CUST-FBCB10F1,ACC-4BDC4FEC1E,57.92,ONLINE,RO,0.99071,1,CRITICAL,1,GEOLOCATION_ANOMALY,2026-09-28T14:51:22.742483+00:00
TXN-AD34708D86EE,CUST-F3677C35,ACC-5EFC73DEF8,325.12,CARD,US,0.182311,0,LOW,0,NONE,2026-09-28T14:51:22.768551+00:00
TXN-B12BDC612EF0,CUST-4272B7F9,ACC-7D539EAA83,2424.43,MOBILE,US,0.228697,0,LOW,0,NONE,2026-09-28T14:51:22.798635+00:00
TXN-8CA0D0718A82,CUST-835C2A19,ACC-B3012BD0B8,1359.45,MOBILE,US,0.117978,0,LOW,0,NONE,2026-09-28T14:51:22.829813+00:00
TXN-4FE138E4D8DB,CUST-18DED113,ACC-41A2B724E3,2066.72,ONLINE,US,0.08925,0,LOW,0,NONE,2026-09-28T14:51:22.860662+00:00
TXN-641C5B03E5F5,CUST-60F8EB9C,ACC-95CAD37A71,1310.0,ATM,US,0.127324,0,LOW,0,NONE,2026-09-28T14:51:22.920883+00:00
TXN-14593EF7BE8A,CUST-F1A2F478,ACC-AC7961A365,185.97,CARD,US,0.120855,0,LOW,0,NONE,2026-09-28T14:51:22.951875+00:00
TXN-8C0AE1157CFC,CUST-FE7CF40C,ACC-FE504EC8D5,1513.79,MOBILE,US,0.12966,0,LOW,0,NONE,2026-09-28T14:51:22.979403+00:00
TXN-6A35B8B25304,CUST-45BB39B7,ACC-A8F8B235B5,693.99,ATM,US,0.114342,0,LOW,0,NONE,2026-09-28T14:51:23.005622+00:00
TXN-2E244C8F476F,CUST-204B30BD,ACC-0011E219C4,2334.2,ATM,US,0.18271,0,LOW,0,NONE,2026-09-28T14:51:23.035034+00:00
TXN-E5A19B3E9B41,CUST-E2B57ECD,ACC-565AEEA567,1982.62,MOBILE,US,0.088367,0,LOW,0,NONE,2026-09-28T14:51:23.065862+00:00
TXN-5E9679F4FBF7,CUST-263D656C,ACC-939378DB9E,563.18,CARD,US,0.110234,0,LOW,0,NONE,2026-09-28T14:51:23.096776+00:00
TXN-D2302571E442,CUST-E5A753B5,ACC-86E7CE94B0,1220.47,CARD,US,0.092193,0,LOW,0,NONE,2026-09-28T14:51:23.123628+00:00
TXN-9DBA05B0FDBC,CUST-516D2DDD,ACC-A90B2547DF,1328.16,MOBILE,US,0.102084,0,LOW,0,NONE,2026-09-28T14:51:23.154430+00:00
TXN-5EC9560E8D1D,CUST-4F3FDB09,ACC-A9ADD56248,186.14,MOBILE,US,0.103167,0,LOW,0,NONE,2026-09-28T14:51:23.182472+00:00
TXN-01D9FA222F9A,CUST-45BD0333,ACC-78DB803FC5,1182.15,MOBILE,US,0.134913,0,LOW,0,NONE,2026-09-28T14:51:23.208401+00:00
TXN-B877DA13ECDC,CUST-02BD1971,ACC-E230F2B2D1,993.03,MOBILE,US,0.124117,0,LOW,0,NONE,2026-09-28T14:51:23.238357+00:00
TXN-6DCCDAF459D0,CUST-DB6E8F93,ACC-132F91E549,2205.1,ONLINE,US,0.135462,0,LOW,0,NONE,2026-09-28T14:51:23.266068+00:00
TXN-9FCEEA6385FB,CUST-A2A995FD,ACC-D6E1014370,1311.86,CARD,US,0.125853,0,LOW,0,NONE,2026-09-28T14:51:23.294128+00:00
TXN-E8038BE1CAE5,CUST-23BC0459,ACC-1BDD381D38,2121.75,MOBILE,US,0.154457,0,LOW,0,NONE,2026-09-28T14:51:23.323655+00:00
TXN-EC7AE6CC4C39,CUST-D1CE00B3,ACC-FBC6BE9058,748.75,ONLINE,US,0.181543,0,LOW,0,NONE,2026-09-28T14:51:23.351197+00:00
TXN-BDC7EEB0411E,CUST-8D460C5D,ACC-D711B11B06,1271.89,CARD,US,0.173398,0,LOW,0,NONE,2026-09-28T14:51:23.380068+00:00
TXN-4DDC67BE0861,CUST-F92C4CAA,ACC-FA7CBF3DA3,611.5,ONLINE,US,0.121714,0,LOW,0,NONE,2026-09-28T14:51:23.404271+00:00
TXN-8B80607C329F,CUST-18DED113,ACC-41A2B724E3,2339.77,MOBILE,US,0.184177,0,LOW,0,NONE,2026-09-28T14:51:23.432391+00:00
TXN-30BCB918EF81,CUST-E5DC66DE,ACC-DD94B44145,299.98,ATM,US,0.120343,0,LOW,0,NONE,2026-09-28T14:51:23.461831+00:00
TXN-4161CBDA2B40,CUST-1340B25A,ACC-F0BC04EABE,691.31,CARD,US,0.102392,0,LOW,0,NONE,2026-09-28T14:51:23.492160+00:00
TXN-6DE5D7F8DFD5,CUST-0F2AE798,ACC-E4A0F3DABB,2468.48,CARD,US,0.173517,0,LOW,0,NONE,2026-09-28T14:51:23.521011+00:00
TXN-652EAADC24FD,CUST-BE3C8681,ACC-C5AEFFC668,1095.27,ONLINE,US,0.153603,0,LOW,0,NONE,2026-09-28T14:51:23.551488+00:00
TXN-CEEC9395E302,CUST-9BB22FC4,ACC-5FF13A806A,2455.76,MOBILE,US,0.192611,0,LOW,0,NONE,2026-09-28T14:51:23.580971+00:00
TXN-756CA85D6269,CUST-04F285A0,ACC-1F93093AAD,1291.44,CARD,US,0.116298,0,LOW,0,NONE,2026-09-28T14:51:23.605800+00:00
TXN-7A9D61BDB3F8,CUST-EED46B33,ACC-0E7B5145F5,1090.76,CARD,US,0.132168,0,LOW,0,NONE,2026-09-28T14:51:23.633764+00:00
TXN-6607CF8A84E4,CUST-8D1B556F,ACC-6BB6F6B8D8,1747.61,CARD,US,0.114803,0,LOW,0,NONE,2026-09-28T14:51:23.661076+00:00
TXN-2010FE4C80A6,CUST-7A7C9120,ACC-FBE9096A34,1671.54,CARD,US,0.152053,0,LOW,0,NONE,2026-09-28T14:51:23.686309+00:00
TXN-E8D0BB4B5FB1,CUST-4468CB9A,ACC-E43BA3BB62,1396.42,ONLINE,US,0.123877,0,LOW,0,NONE,2026-09-28T14:51:23.713755+00:00
TXN-4ECED8EB0DFC,CUST-3C516463,ACC-1706E093A1,1797.26,ATM,US,0.130921,0,LOW,0,NONE,2026-09-28T14:51:23.740540+00:00
TXN-1F226432B75F,CUST-74C677AE,ACC-2CDB149B0B,347.51,ATM,US,0.121558,0,LOW,0,NONE,2026-09-28T14:51:23.768318+00:00
TXN-EAC83D07F2AE,CUST-994A6AD7,ACC-84453B46E3,2035.15,CARD,US,0.143649,0,LOW,0,NONE,2026-09-28T14:51:23.793887+00:00
TXN-3270B2CCD100,CUST-32CCB661,ACC-2535DC0CE0,1412.99,MOBILE,US,0.141818,0,LOW,0,NONE,2026-09-28T14:51:23.824759+00:00
TXN-306CE1D15CF4,CUST-314A95E6,ACC-162288A69D,1748.59,ONLINE,US,0.080316,0,LOW,0,NONE,2026-09-28T14:51:23.853035+00:00
TXN-51B61965153D,CUST-07CA1DEF,ACC-33F36B64EE,2301.51,ATM,US,0.460306,0,MEDIUM,1,VELOCITY_FRAUD,2026-09-28T14:51:23.877195+00:00
TXN-938E29C581D6,CUST-74C677AE,ACC-2CDB149B0B,2340.46,ONLINE,US,0.162232,0,LOW,0,NONE,2026-09-28T14:51:23.906115+00:00
TXN-C6EC32E31CB2,CUST-5C90698D,ACC-533D845850,1674.49,CARD,US,0.137378,0,LOW,0,NONE,2026-09-28T14:51:23.931033+00:00
TXN-8528B8DBD53A,CUST-FBCB10F1,ACC-4BDC4FEC1E,57.92,ONLINE,RO,0.99071,1,CRITICAL,1,GEOLOCATION_ANOMALY,2026-09-28T14:51:23.960405+00:00
TXN-AD34708D86EE,CUST-F3677C35,ACC-5EFC73DEF8,325.12,CARD,US,0.182311,0,LOW,0,NONE,2026-09-28T14:51:23.987739+00:00
TXN-B12BDC612EF0,CUST-4272B7F9,ACC-7D539EAA83,2424.43,MOBILE,US,0.228697,0,LOW,0,NONE,2026-09-28T14:51:24.019091+00:00
TXN-8CA0D0718A82,CUST-835C2A19,ACC-B3012BD0B8,1359.45,MOBILE,US,0.117978,0,LOW,0,NONE,2026-09-28T14:51:24.051205+00:00
TXN-4FE138E4D8DB,CUST-18DED113,ACC-41A2B724E3,2066.72,ONLINE,US,0.08925,0,LOW,0,NONE,2026-09-28T14:51:24.078700+00:00
TXN-641C5B03E5F5,CUST-60F8EB9C,ACC-95CAD37A71,1310.0,ATM,US,0.127324,0,LOW,0,NONE,2026-09-28T14:51:24.108724+00:00
TXN-14593EF7BE8A,CUST-F1A2F478,ACC-AC7961A365,185.97,CARD,US,0.120855,0,LOW,0,NONE,2026-09-28T14:51:24.136950+00:00
TXN-8C0AE1157CFC,CUST-FE7CF40C,ACC-FE504EC8D5,1513.79,MOBILE,US,0.12966,0,LOW,0,NONE,2026-09-28T14:51:24.165884+00:00
TXN-6A35B8B25304,CUST-45BB39B7,ACC-A8F8B235B5,693.99,ATM,US,0.114342,0,LOW,0,NONE,2026-09-28T14:51:24.194154+00:00
TXN-2E244C8F476F,CUST-204B30BD,ACC-0011E219C4,2334.2,ATM,US,0.18271,0,LOW,0,NONE,2026-09-28T14:51:24.223529+00:00
TXN-E5A19B3E9B41,CUST-E2B57ECD,ACC-565AEEA567,1982.62,MOBILE,US,0.088367,0,LOW,0,NONE,2026-09-28T14:51:24.253746+00:00
TXN-5E9679F4FBF7,CUST-263D656C,ACC-939378DB9E,563.18,CARD,US,0.110234,0,LOW,0,NONE,2026-09-28T14:51:24.279912+00:00
TXN-D2302571E442,CUST-E5A753B5,ACC-86E7CE94B0,1220.47,CARD,US,0.092193,0,LOW,0,NONE,2026-09-28T14:51:24.302607+00:00
TXN-9DBA05B0FDBC,CUST-516D2DDD,ACC-A90B2547DF,1328.16,MOBILE,US,0.102084,0,LOW,0,NONE,2026-09-28T14:51:24.327975+00:00
TXN-5EC9560E8D1D,CUST-4F3FDB09,ACC-A9ADD56248,186.14,MOBILE,US,0.103167,0,LOW,0,NONE,2026-09-28T14:51:24.356334+00:00
TXN-01D9FA222F9A,CUST-45BD0333,ACC-78DB803FC5,1182.15,MOBILE,US,0.134913,0,LOW,0,NONE,2026-09-28T14:51:24.384274+00:00
TXN-B877DA13ECDC,CUST-02BD1971,ACC-E230F2B2D1,993.03,MOBILE,US,0.124117,0,LOW,0,NONE,2026-09-28T14:51:24.410892+00:00
TXN-6DCCDAF459D0,CUST-DB6E8F93,ACC-132F91E549,2205.1,ONLINE,US,0.135462,0,LOW,0,NONE,2026-09-28T14:51:24.439391+00:00
TXN-9FCEEA6385FB,CUST-A2A995FD,ACC-D6E1014370,1311.86,CARD,US,0.125853,0,LOW,0,NONE,2026-09-28T14:51:24.470199+00:00
TXN-E8038BE1CAE5,CUST-23BC0459,ACC-1BDD381D38,2121.75,MOBILE,US,0.154457,0,LOW,0,NONE,2026-09-28T14:51:24.500782+00:00
TXN-EC7AE6CC4C39,CUST-D1CE00B3,ACC-FBC6BE9058,748.75,ONLINE,US,0.181543,0,LOW,0,NONE,2026-09-28T14:51:24.530092+00:00
TXN-BDC7EEB0411E,CUST-8D460C5D,ACC-D711B11B06,1271.89,CARD,US,0.173398,0,LOW,0,NONE,2026-09-28T14:51:24.556111+00:00
TXN-4DDC67BE0861,CUST-F92C4CAA,ACC-FA7CBF3DA3,611.5,ONLINE,US,0.121714,0,LOW,0,NONE,2026-09-28T14:51:24.584510+00:00
TXN-8B80607C329F,CUST-18DED113,ACC-41A2B724E3,2339.77,MOBILE,US,0.184177,0,LOW,0,NONE,2026-09-28T14:51:24.609087+00:00
TXN-30BCB918EF81,CUST-E5DC66DE,ACC-DD94B44145,299.98,ATM,US,0.120343,0,LOW,0,NONE,2026-09-28T14:51:24.639859+00:00
TXN-4161CBDA2B40,CUST-1340B25A,ACC-F0BC04EABE,691.31,CARD,US,0.102392,0,LOW,0,NONE,2026-09-28T14:51:24.667771+00:00
TXN-6DE5D7F8DFD5,CUST-0F2AE798,ACC-E4A0F3DABB,2468.48,CARD,US,0.173517,0,LOW,0,NONE,2026-09-28T14:51:24.694379+00:00
TXN-652EAADC24FD,CUST-BE3C8681,ACC-C5AEFFC668,1095.27,ONLINE,US,0.153603,0,LOW,0,NONE,2026-09-28T14:51:24.716855+00:00
TXN-CEEC9395E302,CUST-9BB22FC4,ACC-5FF13A806A,2455.76,MOBILE,US,0.192611,0,LOW,0,NONE,2026-09-28T14:51:24.741596+00:00
TXN-756CA85D6269,CUST-04F285A0,ACC-1F93093AAD,1291.44,CARD,US,0.116298,0,LOW,0,NONE,2026-09-28T14:51:24.771503+00:00
TXN-7A9D61BDB3F8,CUST-EED46B33,ACC-0E7B5145F5,1090.76,CARD,US,0.132168,0,LOW,0,NONE,2026-09-28T14:51:24.797231+00:00
TXN-6607CF8A84E4,CUST-8D1B556F,ACC-6BB6F6B8D8,1747.61,CARD,US,0.114803,0,LOW,0,NONE,2026-09-28T14:51:24.824408+00:00
TXN-2010FE4C80A6,CUST-7A7C9120,ACC-FBE9096A34,1671.54,CARD,US,0.152053,0,LOW,0,NONE,2026-09-28T14:51:24.854304+00:00
TXN-E8D0BB4B5FB1,CUST-4468CB9A,ACC-E43BA3BB62,1396.42,ONLINE,US,0.123877,0,LOW,0,NONE,2026-09-28T14:51:24.879875+00:00
TXN-4ECED8EB0DFC,CUST-3C516463,ACC-1706E093A1,1797.26,ATM,US,0.130921,0,LOW,0,NONE,2026-09-28T14:51:24.903798+00:00
TXN-1F226432B75F,CUST-74C677AE,ACC-2CDB149B0B,347.51,ATM,US,0.121558,0,LOW,0,NONE,2026-09-28T14:51:24.931278+00:00
TXN-EAC83D07F2AE,CUST-994A6AD7,ACC-84453B46E3,2035.15,CARD,US,0.143649,0,LOW,0,NONE,2026-09-28T14:51:24.957006+00:00
TXN-3270B2CCD100,CUST-32CCB661,ACC-2535DC0CE0,1412.99,MOBILE,US,0.141818,0,LOW,0,NONE,2026-09-28T14:51:24.984065+00:00
TXN-306CE1D15CF4,CUST-314A95E6,ACC-162288A69D,1748.59,ONLINE,US,0.080316,0,LOW,0,NONE,2026-09-28T14:51:25.010317+00:00
TXN-51B61965153D,CUST-07CA1DEF,ACC-33F36B64EE,2301.51,ATM,US,0.460306,0,MEDIUM,1,VELOCITY_FRAUD,2026-09-28T14:51:25.040893+00:00
TXN-938E29C581D6,CUST-74C677AE,ACC-2CDB149B0B,2340.46,ONLINE,US,0.162232,0,LOW,0,NONE,2026-09-28T14:51:25.064882+00:00
TXN-C6EC32E31CB2,CUST-5C90698D,ACC-533D845850,1674.49,CARD,US,0.137378,0,LOW,0,NONE,2026-09-28T14:51:25.090308+00:00
TXN-8528B8DBD53A,CUST-FBCB10F1,ACC-4BDC4FEC1E,57.92,ONLINE,RO,0.99071,1,CRITICAL,1,GEOLOCATION_ANOMALY,2026-09-28T14:51:25.118505+00:00
TXN-AD34708D86EE,CUST-F3677C35,ACC-5EFC73DEF8,325.12,CARD,US,0.182311,0,LOW,0,NONE,2026-09-28T14:51:25.148611+00:00
TXN-B12BDC612EF0,CUST-4272B7F9,ACC-7D539EAA83,2424.43,MOBILE,US,0.228697,0,LOW,0,NONE,2026-09-28T14:51:25.178257+00:00
TXN-8CA0D0718A82,CUST-835C2A19,ACC-B3012BD0B8,1359.45,MOBILE,US,0.117978,0,LOW,0,NONE,2026-09-28T14:51:25.203479+00:00
TXN-4FE138E4D8DB,CUST-18DED113,ACC-41A2B724E3,2066.72,ONLINE,US,0.08925,0,LOW,0,NONE,2026-09-28T14:51:25.232486+00:00
TXN-641C5B03E5F5,CUST-60F8EB9C,ACC-95CAD37A71,1310.0,ATM,US,0.127324,0,LOW,0,NONE,2026-09-28T14:51:25.257865+00:00
TXN-14593EF7BE8A,CUST-F1A2F478,ACC-AC7961A365,185.97,CARD,US,0.120855,0,LOW,0,NONE,2026-09-28T14:51:25.278129+00:00
TXN-8C0AE1157CFC,CUST-FE7CF40C,ACC-FE504EC8D5,1513.79,MOBILE,US,0.12966,0,LOW,0,NONE,2026-09-28T14:51:25.304458+00:00
TXN-6A35B8B25304,CUST-45BB39B7,ACC-A8F8B235B5,693.99,ATM,US,0.114342,0,LOW,0,NONE,2026-09-28T14:51:25.333128+00:00
TXN-2E244C8F476F,CUST-204B30BD,ACC-0011E219C4,2334.2,ATM,US,0.18271,0,LOW,0,NONE,2026-09-28T14:51:25.363605+00:00
TXN-E5A19B3E9B41,CUST-E2B57ECD,ACC-565AEEA567,1982.62,MOBILE,US,0.088367,0,LOW,0,NONE,2026-09-28T14:51:25.392605+00:00
TXN-5E9679F4FBF7,CUST-263D656C,ACC-939378DB9E,563.18,CARD,US,0.110234,0,LOW,0,NONE,2026-09-28T14:51:25.416636+00:00
TXN-D2302571E442,CUST-E5A753B5,ACC-86E7CE94B0,1220.47,CARD,US,0.092193,0,LOW,0,NONE,2026-09-28T14:51:25.444462+00:00
TXN-9DBA05B0FDBC,CUST-516D2DDD,ACC-A90B2547DF,1328.16,MOBILE,US,0.102084,0,LOW,0,NONE,2026-09-28T14:51:25.473231+00:00
TXN-5EC9560E8D1D,CUST-4F3FDB09,ACC-A9ADD56248,186.14,MOBILE,US,0.103167,0,LOW,0,NONE,2026-09-28T14:51:25.499712+00:00
TXN-01D9FA222F9A,CUST-45BD0333,ACC-78DB803FC5,1182.15,MOBILE,US,0.134913,0,LOW,0,NONE,2026-09-28T14:51:25.529492+00:00
TXN-B877DA13ECDC,CUST-02BD1971,ACC-E230F2B2D1,993.03,MOBILE,US,0.124117,0,LOW,0,NONE,2026-09-28T14:51:25.556354+00:00
TXN-6DCCDAF459D0,CUST-DB6E8F93,ACC-132F91E549,2205.1,ONLINE,US,0.135462,0,LOW,0,NONE,2026-09-28T14:51:25.582665+00:00
TXN-9FCEEA6385FB,CUST-A2A995FD,ACC-D6E1014370,1311.86,CARD,US,0.125853,0,LOW,0,NONE,2026-09-28T14:51:25.611851+00:00
TXN-E8038BE1CAE5,CUST-23BC0459,ACC-1BDD381D38,2121.75,MOBILE,US,0.154457,0,LOW,0,NONE,2026-09-28T14:51:25.638896+00:00
TXN-EC7AE6CC4C39,CUST-D1CE00B3,ACC-FBC6BE9058,748.75,ONLINE,US,0.181543,0,LOW,0,NONE,2026-09-28T14:51:25.666204+00:00
TXN-BDC7EEB0411E,CUST-8D460C5D,ACC-D711B11B06,1271.89,CARD,US,0.173398,0,LOW,0,NONE,2026-09-28T14:51:25.694696+00:00
TXN-4DDC67BE0861,CUST-F92C4CAA,ACC-FA7CBF3DA3,611.5,ONLINE,US,0.121714,0,LOW,0,NONE,2026-09-28T14:51:25.720065+00:00
TXN-8B80607C329F,CUST-18DED113,ACC-41A2B724E3,2339.77,MOBILE,US,0.184177,0,LOW,0,NONE,2026-09-28T14:51:25.749837+00:00
TXN-30BCB918EF81,CUST-E5DC66DE,ACC-DD94B44145,299.98,ATM,US,0.120343,0,LOW,0,NONE,2026-09-28T14:56:42.933790+00:00
TXN-TEST-001,CUST-TEST-001,ACC-TEST-001,12500.0,ONLINE,US,0.91,1,CRITICAL,1,TEST_FRAUD,2026-09-28T15:20:34.224321+00:00
TXN-2C0AAE1C620B,CUST-A0971976,ACC-B83B1F4896,2110.19,ATM,US,0.17433,0,LOW,0,NONE,2026-09-28T15:41:33.472490+00:00
TXN-81AF5BAB2D4E,CUST-DB128F93,ACC-27ACA934EC,1676.02,ONLINE,US,0.143532,0,LOW,0,NONE,2026-09-28T15:41:33.497365+00:00
TXN-4EC964A083CD,CUST-2036786F,ACC-94781DD2A2,1538.38,ONLINE,US,0.167398,0,LOW,0,NONE,2026-09-28T15:41:33.521015+00:00
TXN-EE05E68A7916,CUST-F54358B9,ACC-380973E4F5,1235.33,ONLINE,US,0.122442,0,LOW,0,NONE,2026-09-28T15:41:33.546318+00:00
TXN-7A9D61BDB3F8,CUST-EED46B33,ACC-0E7B5145F5,1090.76,CARD,US,0.132168,0,LOW,0,NONE,2026-09-28T15:41:33.571562+00:00
TXN-6607CF8A84E4,CUST-8D1B556F,ACC-6BB6F6B8D8,1747.61,CARD,US,0.114803,0,LOW,0,NONE,2026-09-28T15:41:33.595572+00:00
TXN-8D9A024CD431,CUST-9C9EDA6C,ACC-66CA815A85,2394.87,ONLINE,US,0.1389,0,LOW,0,NONE,2026-09-28T15:41:33.619062+00:00
TXN-6FA98A29A97F,CUST-EC894868,ACC-257E174BED,33.87,ONLINE,US,0.136528,0,LOW,0,NONE,2026-09-28T15:41:33.644440+00:00
TXN-FEB6662959CE,CUST-C512B099,ACC-F2016B62C0,2093.42,CARD,US,0.171857,0,LOW,0,NONE,2026-09-28T15:41:33.668585+00:00
TXN-7FE421D82F2A,CUST-D50EA3DF,ACC-62FC129322,1709.69,MOBILE,US,0.118918,0,LOW,0,NONE,2026-09-28T15:41:33.693031+00:00
TXN-2010FE4C80A6,CUST-7A7C9120,ACC-FBE9096A34,1671.54,CARD,US,0.152053,0,LOW,0,NONE,2026-09-28T15:41:33.716819+00:00
TXN-AE3F6ED03D63,CUST-9CC9ED35,ACC-6B73B4B402,1893.98,CARD,US,0.168392,0,LOW,0,NONE,2026-09-28T15:41:33.740534+00:00
TXN-E8D0BB4B5FB1,CUST-4468CB9A,ACC-E43BA3BB62,1396.42,ONLINE,US,0.123877,0,LOW,0,NONE,2026-09-28T15:41:33.764910+00:00
TXN-E44E749ED810,CUST-E5A753B5,ACC-68DE4FE123,1848.64,ATM,US,0.078454,0,LOW,0,NONE,2026-09-28T15:41:33.788242+00:00
TXN-EA3C97BB5936,CUST-E5DC66DE,ACC-4F8C4D4CBB,183.6,ATM,US,0.117306,0,LOW,0,NONE,2026-09-28T15:41:33.812981+00:00
TXN-05457A22A385,CUST-3DFEF8A8,ACC-FC293CB526,1871.37,MOBILE,US,0.085429,0,LOW,0,NONE,2026-09-28T15:41:33.838096+00:00
TXN-E50E1A71E0F7,CUST-C9C94AF9,ACC-2540C062A2,1774.61,ATM,US,0.096217,0,LOW,0,NONE,2026-09-28T15:41:33.863445+00:00
TXN-D821C6B07CFB,CUST-D8E1C394,ACC-2193007408,500.89,CARD,US,0.100144,0,LOW,0,NONE,2026-09-28T15:41:33.886619+00:00
TXN-4ECED8EB0DFC,CUST-3C516463,ACC-1706E093A1,1797.26,ATM,US,0.130921,0,LOW,0,NONE,2026-09-28T15:41:33.910183+00:00
TXN-6D2820292340,CUST-E30E3C90,ACC-EAE14A9082,2369.59,ATM,US,0.122082,0,LOW,0,NONE,2026-09-28T15:41:33.948999+00:00
TXN-1F226432B75F,CUST-74C677AE,ACC-2CDB149B0B,347.51,ATM,US,0.121558,0,LOW,0,NONE,2026-09-28T15:41:34.001582+00:00
TXN-F20932BAC4AA,CUST-73CD1A35,ACC-DCC4162A81,1951.04,ONLINE,US,0.105494,0,LOW,0,NONE,2026-09-28T15:41:34.055131+00:00
TXN-EAC83D07F2AE,CUST-994A6AD7,ACC-84453B46E3,2035.15,CARD,US,0.143649,0,LOW,0,NONE,2026-09-28T15:41:34.110818+00:00
TXN-3270B2CCD100,CUST-32CCB661,ACC-2535DC0CE0,1412.99,MOBILE,US,0.141818,0,LOW,0,NONE,2026-09-28T15:41:34.178274+00:00
TXN-27104009719C,CUST-2B94D792,ACC-7A64FBCFD0,2490.1,CARD,US,0.138452,0,LOW,0,NONE,2026-09-28T15:41:34.252185+00:00
TXN-306CE1D15CF4,CUST-314A95E6,ACC-162288A69D,1748.59,ONLINE,US,0.080316,0,LOW,0,NONE,2026-09-28T15:41:34.277569+00:00
TXN-DCC431ABBAA7,CUST-4FC986C9,ACC-D3A68275DA,811.66,ONLINE,US,0.151029,0,LOW,0,NONE,2026-09-28T15:41:34.332605+00:00
TXN-C7A7D1368F2E,CUST-80839EB7,ACC-678CAC7B3E,218.75,ATM,US,0.131264,0,LOW,0,NONE,2026-09-28T15:41:34.386811+00:00
TXN-51B61965153D,CUST-07CA1DEF,ACC-33F36B64EE,2301.51,ATM,US,0.460306,0,MEDIUM,1,VELOCITY_FRAUD,2026-09-28T15:41:34.442436+00:00
TXN-F7A77D7DB4EC,CUST-EDE7AA4A,ACC-131E244177,582.88,ONLINE,US,0.203521,0,LOW,0,NONE,2026-09-28T15:41:34.495397+00:00
TXN-938E29C581D6,CUST-74C677AE,ACC-2CDB149B0B,2340.46,ONLINE,US,0.162232,0,LOW,0,NONE,2026-09-28T15:41:34.552302+00:00
TXN-71741DB9D276,CUST-911F4401,ACC-01CFBFD75C,1593.73,MOBILE,US,0.09934,0,LOW,0,NONE,2026-09-28T15:41:34.615557+00:00
TXN-387460D98A87,CUST-C5D51A4F,ACC-AFF7F2FCC5,656.88,CARD,US,0.11586,0,LOW,0,NONE,2026-09-28T15:41:34.658641+00:00
TXN-2B2165625EB6,CUST-9DB58BD9,ACC-A3B66B17AF,307.31,MOBILE,US,0.145312,0,LOW,0,NONE,2026-09-28T15:41:34.715908+00:00
TXN-6E87938097DA,CUST-E3FC58EE,ACC-AD3619475B,276.8,CARD,US,0.122271,0,LOW,0,NONE,2026-09-28T15:41:34.780368+00:00
TXN-C6EC32E31CB2,CUST-5C90698D,ACC-533D845850,1674.49,CARD,US,0.137378,0,LOW,0,NONE,2026-09-28T15:41:34.823945+00:00
TXN-AB32152905A6,CUST-8B1A8BBF,ACC-DC159FF23D,419.33,ONLINE,US,0.137956,0,LOW,0,NONE,2026-09-28T15:41:34.875199+00:00
TXN-DFF0284B6207,CUST-BD676F3F,ACC-4ADC4D9445,116.21,ONLINE,US,0.128268,0,LOW,0,NONE,2026-09-28T15:41:34.930678+00:00
TXN-8528B8DBD53A,CUST-FBCB10F1,ACC-4BDC4FEC1E,57.92,ONLINE,RO,0.99071,1,CRITICAL,1,GEOLOCATION_ANOMALY,2026-09-28T15:41:34.985309+00:00
TXN-F93D443C53DD,CUST-05C134B3,ACC-CDA59FAB94,1825.21,MOBILE,US,0.101535,0,LOW,0,NONE,2026-09-28T15:41:35.040415+00:00
TXN-AD34708D86EE,CUST-F3677C35,ACC-5EFC73DEF8,325.12,CARD,US,0.182311,0,LOW,0,NONE,2026-09-28T15:41:35.094660+00:00
TXN-042BF10D5B0C,CUST-51029931,ACC-FD09618700,2238.94,CARD,US,0.176064,0,LOW,0,NONE,2026-09-28T15:41:35.162489+00:00
TXN-B12BDC612EF0,CUST-4272B7F9,ACC-7D539EAA83,2424.43,MOBILE,US,0.228697,0,LOW,0,NONE,2026-09-28T15:41:35.200492+00:00
TXN-8CA0D0718A82,CUST-835C2A19,ACC-B3012BD0B8,1359.45,MOBILE,US,0.117978,0,LOW,0,NONE,2026-09-28T15:41:35.255749+00:00
TXN-A039B16F6D94,CUST-E6AED8E7,ACC-22F41D7DFC,179.55,ATM,US,0.119204,0,LOW,0,NONE,2026-09-28T15:41:35.311725+00:00
TXN-65C13501215E,CUST-1082BEBE,ACC-1DB4C3D4EE,2266.87,ATM,US,0.162099,0,LOW,0,NONE,2026-09-28T15:41:35.366471+00:00
TXN-4FE138E4D8DB,CUST-18DED113,ACC-41A2B724E3,2066.72,ONLINE,US,0.08925,0,LOW,0,NONE,2026-09-28T15:41:35.423783+00:00
TXN-D1700D8D506D,CUST-F4BEC821,ACC-9615055F38,393.58,ONLINE,US,0.13911,0,LOW,0,NONE,2026-09-28T15:41:35.476755+00:00
TXN-641C5B03E5F5,CUST-60F8EB9C,ACC-95CAD37A71,1310.0,ATM,US,0.127324,0,LOW,0,NONE,2026-09-28T15:41:35.528784+00:00
TXN-9764BACFBE6D,CUST-F98A8AD4,ACC-FDCB5683B1,1907.47,ATM,US,0.119618,0,LOW,0,NONE,2026-09-28T15:41:35.581593+00:00
TXN-CBFBE5F5177D,CUST-3179A0E8,ACC-D59D1F1EB8,12095.99,MOBILE,US,1.0,1,CRITICAL,1,HIGH_VALUE_FRAUD,2026-09-28T15:41:35.635979+00:00
TXN-14593EF7BE8A,CUST-F1A2F478,ACC-AC7961A365,185.97,CARD,US,0.120855,0,LOW,0,NONE,2026-09-28T15:41:35.689802+00:00
TXN-8C0AE1157CFC,CUST-FE7CF40C,ACC-FE504EC8D5,1513.79,MOBILE,US,0.12966,0,LOW,0,NONE,2026-09-28T15:41:35.744777+00:00
TXN-6A35B8B25304,CUST-45BB39B7,ACC-A8F8B235B5,693.99,ATM,US,0.114342,0,LOW,0,NONE,2026-09-28T15:41:35.799095+00:00
TXN-1F71C34AC8E7,CUST-C2590469,ACC-1AC56FD1AA,2286.1,CARD,US,0.234995,0,LOW,0,NONE,2026-09-28T15:41:35.850695+00:00
TXN-55E3F40A8269,CUST-1E5AE413,ACC-D5C19F2D5F,2376.38,MOBILE,US,0.171195,0,LOW,0,NONE,2026-09-28T15:41:35.907137+00:00
TXN-2E244C8F476F,CUST-204B30BD,ACC-0011E219C4,2334.2,ATM,US,0.18271,0,LOW,0,NONE,2026-09-28T15:41:35.973521+00:00
TXN-727DC0387403,CUST-23D705E4,ACC-EC5121D788,2099.37,MOBILE,US,0.136715,0,LOW,0,NONE,2026-09-28T15:41:36.017539+00:00
TXN-761721534D71,CUST-32D705D5,ACC-AAB0C76043,1561.22,ONLINE,US,0.120953,0,LOW,0,NONE,2026-09-28T15:41:36.072705+00:00
TXN-E5A19B3E9B41,CUST-E2B57ECD,ACC-565AEEA567,1982.62,MOBILE,US,0.088367,0,LOW,0,NONE,2026-09-28T15:41:36.129360+00:00
TXN-5E9679F4FBF7,CUST-263D656C,ACC-939378DB9E,563.18,CARD,US,0.110234,0,LOW,0,NONE,2026-09-28T15:41:36.180595+00:00
TXN-1DF0F5749D0D,CUST-FCBFC9B4,ACC-FC8B20FDC1,1828.97,MOBILE,US,0.091088,0,LOW,0,NONE,2026-09-28T15:41:36.234502+00:00
TXN-D2302571E442,CUST-E5A753B5,ACC-86E7CE94B0,1220.47,CARD,US,0.092193,0,LOW,0,NONE,2026-09-28T15:41:36.288541+00:00
TXN-4C6A974DC434,CUST-CF4B085B,ACC-1B0E0A3E94,2161.09,CARD,US,0.144033,0,LOW,0,NONE,2026-09-28T15:41:36.344654+00:00
TXN-9DBA05B0FDBC,CUST-516D2DDD,ACC-A90B2547DF,1328.16,MOBILE,US,0.102084,0,LOW,0,NONE,2026-09-28T15:41:36.395867+00:00
TXN-5EC9560E8D1D,CUST-4F3FDB09,ACC-A9ADD56248,186.14,MOBILE,US,0.103167,0,LOW,0,NONE,2026-09-28T15:41:36.450431+00:00
TXN-01D9FA222F9A,CUST-45BD0333,ACC-78DB803FC5,1182.15,MOBILE,US,0.134913,0,LOW,0,NONE,2026-09-28T15:41:36.504706+00:00
TXN-C364AC7CAF34,CUST-A7BBA380,ACC-5FF102FA7F,1579.23,ONLINE,US,0.140695,0,LOW,0,NONE,2026-09-28T15:41:36.561032+00:00
TXN-59E05C275DAA,CUST-6F54AE66,ACC-9E81E14B4C,910.13,CARD,US,0.167953,0,LOW,0,NONE,2026-09-28T15:41:36.614157+00:00
TXN-A8EEC579BEDB,CUST-DBF132C6,ACC-2B0C34272C,1751.97,MOBILE,US,0.100072,0,LOW,0,NONE,2026-09-28T15:41:36.665916+00:00
TXN-B877DA13ECDC,CUST-02BD1971,ACC-E230F2B2D1,993.03,MOBILE,US,0.124117,0,LOW,0,NONE,2026-09-28T15:41:36.718898+00:00
TXN-987E329B35F5,CUST-ECE22CF8,ACC-33C6E98A1E,491.64,ATM,US,0.141848,0,LOW,0,NONE,2026-09-28T15:41:36.773986+00:00
TXN-6DCCDAF459D0,CUST-DB6E8F93,ACC-132F91E549,2205.1,ONLINE,US,0.135462,0,LOW,0,NONE,2026-09-28T15:41:36.829530+00:00
TXN-9096C1B63010,CUST-DCB6C5A4,ACC-DB775910FD,1375.91,ATM,US,0.133773,0,LOW,0,NONE,2026-09-28T15:41:36.880058+00:00
TXN-A76A0A80D26F,CUST-589A2A78,ACC-B3F45D79AD,1805.45,MOBILE,US,0.125377,0,LOW,0,NONE,2026-09-28T15:41:36.935981+00:00
TXN-9FCEEA6385FB,CUST-A2A995FD,ACC-D6E1014370,1311.86,CARD,US,0.125853,0,LOW,0,NONE,2026-09-28T15:41:36.991391+00:00
TXN-A72FF80F31CA,CUST-49D196D6,ACC-56B636CADF,2059.51,ATM,US,0.140464,0,LOW,0,NONE,2026-09-28T15:41:37.046197+00:00
TXN-25BE129492E4,CUST-30ED4DF9,ACC-4F4D43B5C4,726.0,CARD,US,0.123329,0,LOW,0,NONE,2026-09-28T15:41:37.100059+00:00
TXN-E8038BE1CAE5,CUST-23BC0459,ACC-1BDD381D38,2121.75,MOBILE,US,0.154457,0,LOW,0,NONE,2026-09-28T15:41:37.163029+00:00
TXN-EC7AE6CC4C39,CUST-D1CE00B3,ACC-FBC6BE9058,748.75,ONLINE,US,0.181543,0,LOW,0,NONE,2026-09-28T15:41:37.206531+00:00
TXN-BDC7EEB0411E,CUST-8D460C5D,ACC-D711B11B06,1271.89,CARD,US,0.173398,0,LOW,0,NONE,2026-09-28T15:41:37.261746+00:00
TXN-AF9C8188B186,CUST-88410A30,ACC-444A7187FC,395.68,CARD,US,0.11332,0,LOW,0,NONE,2026-09-28T15:41:37.329503+00:00
TXN-F3B04C0D361F,CUST-8CF80A0C,ACC-DB4717F1AF,905.54,ONLINE,US,0.14294,0,LOW,0,NONE,2026-09-28T15:41:37.370319+00:00
TXN-4DDC67BE0861,CUST-F92C4CAA,ACC-FA7CBF3DA3,611.5,ONLINE,US,0.121714,0,LOW,0,NONE,2026-09-28T15:41:37.436888+00:00
TXN-8B80607C329F,CUST-18DED113,ACC-41A2B724E3,2339.77,MOBILE,US,0.184177,0,LOW,0,NONE,2026-09-28T15:41:37.479894+00:00
TXN-30BCB918EF81,CUST-E5DC66DE,ACC-DD94B44145,299.98,ATM,US,0.120343,0,LOW,0,NONE,2026-09-28T15:41:37.532740+00:00
TXN-AAC950CF59C5,CUST-57EE0CB3,ACC-233E8C0E66,2498.89,MOBILE,US,0.193945,0,LOW,0,NONE,2026-09-28T15:41:37.591331+00:00
TXN-189FD6164891,CUST-B098667D,ACC-320130992F,2106.49,ATM,US,0.14343,0,LOW,0,NONE,2026-09-28T15:41:37.644843+00:00
TXN-4161CBDA2B40,CUST-1340B25A,ACC-F0BC04EABE,691.31,CARD,US,0.102392,0,LOW,0,NONE,2026-09-28T15:41:37.712770+00:00
TXN-6DE5D7F8DFD5,CUST-0F2AE798,ACC-E4A0F3DABB,2468.48,CARD,US,0.173517,0,LOW,0,NONE,2026-09-28T15:41:37.758528+00:00
TXN-18490C0B7838,CUST-F4BEC821,ACC-9615055F38,1085.04,ONLINE,US,0.128217,0,LOW,0,NONE,2026-09-28T15:41:37.812712+00:00
TXN-A95EF250B91F,CUST-911F4401,ACC-8DFEE4E4EA,1346.87,ONLINE,US,0.141989,0,LOW,0,NONE,2026-09-28T15:41:37.867711+00:00
TXN-A45059E46B77,CUST-F926DC90,ACC-5ABE96139F,83.16,ONLINE,US,0.147584,0,LOW,0,NONE,2026-09-28T15:41:37.919197+00:00
TXN-652EAADC24FD,CUST-BE3C8681,ACC-C5AEFFC668,1095.27,ONLINE,US,0.153603,0,LOW,0,NONE,2026-09-28T15:41:37.974490+00:00
TXN-30A61AE152E9,CUST-FEE40DDC,ACC-DCF518CCD0,2267.27,CARD,US,0.410617,0,MEDIUM,1,VELOCITY_FRAUD,2026-09-28T15:41:38.025239+00:00
TXN-3F634B0A75DB,CUST-B43F8E46,ACC-6749A89E5F,1788.52,CARD,US,0.087807,0,LOW,0,NONE,2026-09-28T15:41:38.079850+00:00
TXN-33D1A63108E9,CUST-CAC4DDD1,ACC-23F0227521,1684.39,CARD,US,0.105265,0,LOW,0,NONE,2026-09-28T15:41:38.135831+00:00
TXN-CEEC9395E302,CUST-9BB22FC4,ACC-5FF13A806A,2455.76,MOBILE,US,0.192611,0,LOW,0,NONE,2026-09-28T15:41:38.190772+00:00
TXN-93432F39D11F,CUST-DCAE751A,ACC-4BB1AAC7A6,1221.05,CARD,US,0.103418,0,LOW,0,NONE,2026-09-28T15:41:38.259221+00:00
TXN-756CA85D6269,CUST-04F285A0,ACC-1F93093AAD,1291.44,CARD,US,0.116298,0,LOW,0,NONE,2026-09-28T15:41:38.312959+00:00
